season,week,mechanism,n_active,n_exit,alpha,tau,m,r,ess,ess_ratio,evidence
1,1,percent,6,0,0.7,0.1,5000,800,5000.000000000002,1.0000000000000004,1.0
1,2,percent,6,1,0.7,0.1,5000,800,4501.219644287531,0.9002439288575063,0.17459650841481533
1,3,percent,5,1,0.7,0.1,5000,800,4467.8703026837875,0.8935740605367575,0.32040394356248086
1,4,percent,4,1,0.7,0.1,5000,800,4104.369636025992,0.8208739272051984,0.21282857277909242
1,5,percent,3,0,0.7,0.1,5000,800,5000.000000000002,1.0000000000000004,1.0
1,6,percent,2,0,0.7,0.1,5000,800,5000.000000000002,1.0000000000000004,1.0
2,1,percent,10,1,0.7,0.1,5000,800,4763.06861248138,0.9526137224962761,0.12451585701471951
2,2,percent,9,1,0.7,0.1,5000,800,4725.682248757987,0.9451364497515973,0.1319392514437914
2,3,percent,8,1,0.7,0.1,5000,800,4669.2709723471435,0.9338541944694287,0.12764262432564033
2,4,percent,7,1,0.7,0.1,5000,800,4666.071182410169,0.9332142364820338,0.25819859721703514
2,5,percent,6,1,0.7,0.1,5000,800,4507.565457586943,0.9015130915173886,0.19052869508523826
2,6,percent,5,1,0.7,0.1,5000,800,4377.514097707132,0.8755028195414265,0.23566582990647325
2,7,percent,4,1,0.7,0.1,5000,800,4153.005485816112,0.8306010971632224,0.23208284986210764
2,8,percent,3,0,0.7,0.1,5000,800,5000.000000000002,1.0000000000000004,1.0
3,1,percent,11,1,0.7,0.1,5000,800,4791.476013789168,0.9582952027578336,0.1142673188649198
3,2,percent,10,1,0.7,0.1,5000,800,4759.477156970794,0.9518954313941588,0.10280233814251351
3,3,percent,9,1,0.7,0.1,5000,800,4712.678643109482,0.9425357286218965,0.1147006312270144
3,4,percent,8,1,0.7,0.1,5000,800,4663.956912179585,0.932791382435917,0.1281824118501033
3,5,percent,7,2,0.7,0.1,5000,800,4173.247805181897,0.8346495610363794,0.04849103334788513
3,6,percent,5,0,0.7,0.1,5000,800,5000.000000000002,1.0000000000000004,1.0
3,7,percent,5,1,0.7,0.1,5000,800,4431.38831113244,0.8862776622264881,0.24482408329763766
3,8,percent,4,1,0.7,0.1,5000,800,4187.603545870979,0.8375207091741959,0.26113873907040236
3,9,percent,3,0,0.7,0.1,5000,800,5000.000000000002,1.0000000000000004,1.0
3,10,percent,2,0,0.7,0.1,5000,800,5000.000000000002,1.0000000000000004,1.0
4,1,percent,11,0,0.7,0.1,5000,800,5000.000000000002,1.0000000000000004,1.0
4,2,percent,11,1,0.7,0.1,5000,800,4785.530985732458,0.9571061971464917,0.0938911485779306
4,3,percent,10,1,0.7,0.1,5000,800,4756.222006329173,0.9512444012658346,0.10267061644569414
4,4,percent,9,1,0.7,0.1,5000,800,4724.114576802475,0.944822915360495,0.13246913742341548
4,5,percent,8,1,0.7,0.1,5000,800,4682.509905134622,0.9365019810269245,0.1733634565545844
4,6,percent,7,1,0.7,0.1,5000,800,4585.777839501164,0.9171555679002328,0.14880070752296515
4,7,percent,6,1,0.7,0.1,5000,800,4499.864564405126,0.8999729128810251,0.18864092171076685
4,8,percent,5,1,0.7,0.1,5000,800,4460.847408664157,0.8921694817328314,0.2754361468496858
4,9,percent,4,1,0.7,0.1,5000,800,4181.250261917851,0.8362500523835703,0.2583257006492864
4,10,percent,3,0,0.7,0.1,5000,800,5000.000000000002,1.0000000000000004,1.0
5,1,percent,12,1,0.7,0.1,5000,800,4809.252237611297,0.9618504475222593,0.09567156221884146
5,2,percent,11,1,0.7,0.1,5000,800,4792.769586617742,0.9585539173235483,0.09252218186088652
5,3,percent,10,1,0.7,0.1,5000,800,4749.910104501656,0.9499820209003312,0.11742273956053007
5,4,percent,9,1,0.7,0.1,5000,800,4724.8900935377915,0.9449780187075583,0.12130653050283409
5,5,percent,8,1,0.7,0.1,5000,800,4662.1010524522435,0.9324202104904487,0.14165396014998113
5,6,percent,7,1,0.7,0.1,5000,800,4585.546071059917,0.9171092142119834,0.146219147929062
5,7,percent,6,1,0.7,0.1,5000,800,4505.617826218656,0.9011235652437312,0.17477007396644667
5,8,percent,5,1,0.7,0.1,5000,800,4363.036904612067,0.8726073809224134,0.20798444681580622
5,9,percent,4,1,0.7,0.1,5000,800,4166.8738998200915,0.8333747799640183,0.2526042682957312
5,10,percent,3,0,0.7,0.1,5000,800,5000.000000000002,1.0000000000000004,1.0
6,1,percent,12,0,0.7,0.1,5000,800,5000.000000000002,1.0000000000000004,1.0
6,2,percent,12,2,0.7,0.1,5000,800,4636.376154463013,0.9272752308926027,0.02034787644908704
6,3,percent,10,1,0.7,0.1,5000,800,4749.616027571697,0.9499232055143393,0.10453542169336218
6,4,percent,9,1,0.7,0.1,5000,800,4729.755481455917,0.9459510962911835,0.13300614697834315
6,5,percent,8,1,0.7,0.1,5000,800,4670.890450179571,0.9341780900359142,0.14098072722314764
6,6,percent,7,1,0.7,0.1,5000,800,4606.964014124685,0.921392802824937,0.16998790973708788
6,7,percent,6,1,0.7,0.1,5000,800,4494.686786522159,0.8989373573044319,0.16878603432849174
6,8,percent,5,1,0.7,0.1,5000,800,4351.157998141915,0.870231599628383,0.2008492978572481
6,9,percent,4,1,0.7,0.1,5000,800,4201.00313686953,0.840200627373906,0.2744189529835796
6,10,percent,3,0,0.7,0.1,5000,800,5000.000000000002,1.0000000000000004,1.0
7,1,percent,13,2,0.7,0.1,5000,800,4676.7857782442015,0.9353571556488403,0.01605659198436834
7,2,percent,11,2,0.7,0.1,5000,800,4580.991967292036,0.9161983934584071,0.019458937626172415
7,3,percent,9,0,0.7,0.1,5000,800,5000.000000000002,1.0000000000000004,1.0
7,4,percent,9,1,0.7,0.1,5000,800,4721.875536766625,0.9443751073533251,0.12945034759029037
7,5,percent,8,1,0.7,0.1,5000,800,4668.8076881198995,0.9337615376239798,0.13504531409123596
7,6,percent,7,1,0.7,0.1,5000,800,4633.419110683099,0.9266838221366197,0.19728200542957602
7,7,percent,6,1,0.7,0.1,5000,800,4498.505658902489,0.8997011317804978,0.1692731906055094
7,8,percent,5,1,0.7,0.1,5000,800,4388.639207119462,0.8777278414238925,0.21676912128543244
7,9,percent,4,1,0.7,0.1,5000,800,4237.618212318866,0.8475236424637733,0.2857049995844509
7,10,percent,3,0,0.7,0.1,5000,800,5000.000000000002,1.0000000000000004,1.0
8,1,percent,13,0,0.7,0.1,5000,800,5000.000000000002,1.0000000000000004,1.0
8,2,percent,13,1,0.7,0.1,5000,800,4838.67389084624,0.967734778169248,0.08147498294046225
8,3,percent,12,1,0.7,0.1,5000,800,4820.990179802891,0.9641980359605783,0.09508662291613795
8,4,percent,11,2,0.7,0.1,5000,800,4598.019662966812,0.9196039325933624,0.02861744010585609
8,5,percent,9,1,0.7,0.1,5000,800,4700.385361495946,0.9400770722991892,0.11464637804155596
8,6,percent,8,1,0.7,0.1,5000,800,4674.755980818363,0.9349511961636726,0.16100896792799696
8,7,percent,7,1,0.7,0.1,5000,800,4604.923342769337,0.9209846685538674,0.17131089341090952
8,8,percent,6,1,0.7,0.1,5000,800,4502.2424063528515,0.9004484812705703,0.1709058685182279
8,9,percent,5,1,0.7,0.1,5000,800,4365.562048737774,0.8731124097475548,0.20615012512193093
8,10,percent,4,1,0.7,0.1,5000,800,4238.678291417582,0.8477356582835164,0.3024668653467672
8,11,percent,3,0,0.7,0.1,5000,800,5000.000000000002,1.0000000000000004,1.0
9,1,percent,16,2,0.7,0.1,5000,800,4765.574940705537,0.9531149881411075,0.010306180264252117
9,2,percent,14,1,0.7,0.1,5000,800,4852.346033934639,0.9704692067869278,0.07624970176047643
9,3,percent,13,2,0.7,0.1,5000,800,4675.786350902597,0.9351572701805195,0.015706646569824005
9,4,percent,11,1,0.7,0.1,5000,800,4795.006278754714,0.9590012557509427,0.10431103086387421
9,5,percent,10,1,0.7,0.1,5000,800,4763.761135854648,0.9527522271709297,0.10673440457837115
9,6,percent,9,2,0.7,0.1,5000,800,4442.504791782669,0.8885009583565338,0.03589766520633778
9,7,percent,7,2,0.7,0.1,5000,800,4231.242691717642,0.8462485383435283,0.059093371186533454
9,8,percent,5,1,0.7,0.1,5000,800,4342.587034303139,0.8685174068606278,0.2099025767097156
9,9,percent,4,1,0.7,0.1,5000,800,4170.724189508264,0.8341448379016528,0.24534694786769165
9,10,percent,3,0,0.7,0.1,5000,800,5000.000000000002,1.0000000000000004,1.0
10,1,percent,11,0,0.7,0.1,5000,800,5000.000000000002,1.0000000000000004,1.0
10,2,percent,11,1,0.7,0.1,5000,800,4787.153855583856,0.9574307711167712,0.09016822811797347
10,3,percent,10,1,0.7,0.1,5000,800,4761.555069324531,0.9523110138649062,0.12692215968067153
10,4,percent,9,1,0.7,0.1,5000,800,4716.336275708134,0.9432672551416268,0.12836987477919223
10,5,percent,8,1,0.7,0.1,5000,800,4692.747277221947,0.9385494554443894,0.16132961498988072
10,6,percent,7,1,0.7,0.1,5000,800,4599.67931298554,0.9199358625971079,0.16693770665483476
10,7,percent,6,1,0.7,0.1,5000,800,4505.141411740573,0.9010282823481146,0.17056379438556246
10,8,percent,5,1,0.7,0.1,5000,800,4395.780206794713,0.8791560413589427,0.24070107076174335
10,9,percent,4,1,0.7,0.1,5000,800,4206.899804850778,0.8413799609701557,0.281051646164991
10,10,percent,3,0,0.7,0.1,5000,800,5000.000000000002,1.0000000000000004,1.0
11,1,percent,12,1,0.7,0.1,5000,800,4818.291376612669,0.9636582753225339,0.09354075024128783
11,2,percent,11,1,0.7,0.1,5000,800,4804.968066108871,0.9609936132217742,0.11715965225210548
11,3,percent,10,1,0.7,0.1,5000,800,4753.025288176389,0.9506050576352778,0.1133295408024576
11,4,percent,9,1,0.7,0.1,5000,800,4727.7386608737415,0.9455477321747483,0.1380573028857817
11,5,percent,8,1,0.7,0.1,5000,800,4651.192014600905,0.930238402920181,0.13218364646579295
11,6,percent,7,1,0.7,0.1,5000,800,4587.391422770345,0.9174782845540691,0.13042552715632907
11,7,percent,6,1,0.7,0.1,5000,800,4491.027882171747,0.8982055764343493,0.16721752373550117
11,8,percent,5,1,0.7,0.1,5000,800,4395.077850313085,0.879015570062617,0.22708301108816495
11,9,percent,4,1,0.7,0.1,5000,800,4153.7619945335455,0.830752398906709,0.24859726500931087
11,10,percent,3,0,0.7,0.1,5000,800,5000.000000000002,1.0000000000000004,1.0
12,1,percent,11,0,0.7,0.1,5000,800,5000.000000000002,1.0000000000000004,1.0
12,2,percent,11,1,0.7,0.1,5000,800,4799.998907013536,0.9599997814027073,0.09895323616187156
12,3,percent,10,1,0.7,0.1,5000,800,4767.391464141776,0.9534782928283552,0.12297203034937247
12,4,percent,9,1,0.7,0.1,5000,800,4708.208943880396,0.9416417887760792,0.11804128651858019
12,5,percent,8,1,0.7,0.1,5000,800,4665.367888277582,0.9330735776555165,0.13496300595886532
12,6,percent,7,1,0.7,0.1,5000,800,4591.898612836565,0.918379722567313,0.16368479164161145
12,7,percent,6,1,0.7,0.1,5000,800,4499.275299364603,0.8998550598729206,0.17189606986928446
12,8,percent,5,1,0.7,0.1,5000,800,4364.927817901587,0.8729855635803174,0.20005949082859464
12,9,percent,4,1,0.7,0.1,5000,800,4264.313420323349,0.8528626840646699,0.32670754815338954
12,10,percent,3,0,0.7,0.1,5000,800,5000.000000000002,1.0000000000000004,1.0
13,1,percent,12,1,0.7,0.1,5000,800,4822.963998653611,0.9645927997307222,0.09473891539689246
13,2,percent,11,1,0.7,0.1,5000,800,4792.552564357805,0.958510512871561,0.08866472756284509
13,3,percent,10,1,0.7,0.1,5000,800,4760.779378121894,0.9521558756243789,0.09928571717411719
13,4,percent,9,1,0.7,0.1,5000,800,4725.3058054378025,0.9450611610875606,0.11990556184125639
13,5,percent,8,1,0.7,0.1,5000,800,4670.335499755019,0.9340670999510037,0.146489559046867
13,6,percent,7,1,0.7,0.1,5000,800,4611.6028019367395,0.9223205603873479,0.17279551199284815
13,7,percent,6,1,0.7,0.1,5000,800,4489.905105104082,0.8979810210208165,0.17331048615431488
13,8,percent,5,1,0.7,0.1,5000,800,4402.086606725431,0.8804173213450862,0.24292559763441976
13,9,percent,4,1,0.7,0.1,5000,800,4278.749170961106,0.8557498341922212,0.3254258295506096
13,10,percent,3,0,0.7,0.1,5000,800,5000.000000000002,1.0000000000000004,1.0
14,1,percent,12,0,0.7,0.1,5000,800,5000.000000000002,1.0000000000000004,1.0
14,2,percent,12,1,0.7,0.1,5000,800,4818.259272074049,0.9636518544148097,0.09547560403280657
14,3,percent,11,1,0.7,0.1,5000,800,4791.733893791903,0.9583467787583806,0.09445137889988547
14,4,percent,10,1,0.7,0.1,5000,800,4759.999056303278,0.9519998112606556,0.10703834422736767
14,5,percent,9,1,0.7,0.1,5000,800,4730.607857077216,0.9461215714154432,0.13262327759301096
14,6,percent,8,1,0.7,0.1,5000,800,4677.316464118134,0.9354632928236267,0.1543761093115551
14,7,percent,7,1,0.7,0.1,5000,800,4591.930669962473,0.9183861339924946,0.14699352708821115
14,8,percent,6,2,0.7,0.1,5000,800,4014.1097497327864,0.8028219499465573,0.07042615810867812
14,9,percent,4,1,0.7,0.1,5000,800,4159.019176545334,0.8318038353090668,0.23927212643218354
14,10,percent,3,0,0.7,0.1,5000,800,5000.000000000002,1.0000000000000004,1.0
15,1,percent,13,1,0.7,0.1,5000,800,4838.5547196128655,0.9677109439225731,0.08562580369380118
15,2,percent,12,1,0.7,0.1,5000,800,4814.936078021434,0.9629872156042868,0.0842224964244743
15,3,percent,11,2,0.7,0.1,5000,800,4584.313022923259,0.9168626045846519,0.018685780100623568
15,4,percent,9,1,0.7,0.1,5000,800,4718.023896837492,0.9436047793674985,0.12032107761068432
15,5,percent,8,0,0.7,0.1,5000,800,5000.000000000002,1.0000000000000004,1.0
15,6,percent,8,1,0.7,0.1,5000,800,4649.64475572908,0.9299289511458161,0.11842390898027025
15,7,percent,7,0,0.7,0.1,5000,800,5000.000000000002,1.0000000000000004,1.0
15,8,percent,7,2,0.7,0.1,5000,800,4225.351198966489,0.8450702397932979,0.05178354996110007
15,9,percent,5,2,0.7,0.1,5000,800,3772.8787722485413,0.7545757544497083,0.10375221245121642
15,10,percent,3,0,0.7,0.1,5000,800,5000.000000000002,1.0000000000000004,1.0
16,1,percent,12,0,0.7,0.1,5000,800,5000.000000000002,1.0000000000000004,1.0
16,2,percent,12,1,0.7,0.1,5000,800,4820.8852265384185,0.9641770453076837,0.09650781666086536
16,3,percent,11,1,0.7,0.1,5000,800,4798.011468281957,0.9596022936563914,0.10907556048120155
16,4,percent,10,1,0.7,0.1,5000,800,4755.37929311869,0.951075858623738,0.11395630785378291
16,5,percent,9,1,0.7,0.1,5000,800,4715.131641048101,0.9430263282096203,0.13104618730327916
16,6,percent,8,1,0.7,0.1,5000,800,4673.7863693971985,0.9347572738794397,0.14266240846684186
16,7,percent,7,1,0.7,0.1,5000,800,4621.969488419536,0.9243938976839072,0.19882523780271374
16,8,percent,6,1,0.7,0.1,5000,800,4527.0797615638185,0.9054159523127637,0.20496498423812637
16,9,percent,5,1,0.7,0.1,5000,800,4388.395048126767,0.8776790096253533,0.22623094327474313
16,10,percent,4,1,0.7,0.1,5000,800,4181.785550636678,0.8363571101273355,0.2528323402906827
17,1,percent,12,0,0.7,0.1,5000,800,5000.000000000002,1.0000000000000004,1.0
17,2,percent,12,1,0.7,0.1,5000,800,4812.869010861059,0.9625738021722118,0.09257420911867509
17,3,percent,11,1,0.7,0.1,5000,800,4788.018107349109,0.9576036214698219,0.10966855607056725
17,4,percent,10,1,0.7,0.1,5000,800,4766.71505286161,0.9533430105723221,0.1179191650464053
17,5,percent,9,1,0.7,0.1,5000,800,4715.576809564393,0.9431153619128787,0.10512129856981545
17,6,percent,8,0,0.7,0.1,5000,800,5000.000000000002,1.0000000000000004,1.0
17,7,percent,8,1,0.7,0.1,5000,800,4649.312236978148,0.9298624473956295,0.12715106493457073
17,8,percent,7,1,0.7,0.1,5000,800,4601.692089069374,0.9203384178138747,0.14533995615114587
17,9,percent,6,1,0.7,0.1,5000,800,4486.6731369648405,0.8973346273929681,0.1540969414837167
17,10,percent,5,1,0.7,0.1,5000,800,4369.332869547926,0.8738665739095852,0.21834160440747663
17,11,percent,4,1,0.7,0.1,5000,800,4240.730099598612,0.8481460199197223,0.29790096621872547
18,1,percent,12,1,0.7,0.1,5000,800,4815.242392167558,0.9630484784335116,0.09193143769463787
18,2,percent,11,2,0.7,0.1,5000,800,4591.099093141208,0.9182198186282416,0.02315778116039773
18,3,percent,9,0,0.7,0.1,5000,800,5000.000000000002,1.0000000000000004,1.0
18,4,percent,9,0,0.7,0.1,5000,800,5000.000000000002,1.0000000000000004,1.0
18,5,percent,9,1,0.7,0.1,5000,800,4720.6787335742565,0.9441357467148513,0.11546082432139597
18,6,percent,8,1,0.7,0.1,5000,800,4665.711341058939,0.9331422682117878,0.1352092811262379
18,7,percent,7,1,0.7,0.1,5000,800,4597.321395173807,0.9194642790347615,0.1549389520473632
18,8,percent,6,1,0.7,0.1,5000,800,4505.511929838955,0.9011023859677911,0.16573441310590262
18,9,percent,5,1,0.7,0.1,5000,800,4370.663160079174,0.8741326320158349,0.20155650325616997
18,10,percent,4,1,0.7,0.1,5000,800,4160.212004316286,0.8320424008632572,0.24400449177032368
19,1,percent,13,1,0.7,0.1,5000,800,4838.9456110622905,0.967789122212458,0.08683973264847382
19,2,percent,12,1,0.7,0.1,5000,800,4827.99642270251,0.965599284540502,0.086925658786444
19,3,percent,11,1,0.7,0.1,5000,800,4789.843243568558,0.9579686487137117,0.10216969237052863
19,4,percent,10,1,0.7,0.1,5000,800,4748.535712079158,0.9497071424158315,0.10582746398268071
19,5,percent,9,0,0.7,0.1,5000,800,5000.000000000002,1.0000000000000004,1.0
19,6,percent,9,1,0.7,0.1,5000,800,4713.413449626996,0.9426826899253993,0.11274392236412273
19,7,percent,8,1,0.7,0.1,5000,800,4666.205894139302,0.9332411788278603,0.13450511535780682
19,8,percent,7,1,0.7,0.1,5000,800,4613.275570105513,0.9226551140211026,0.18754510192795332
19,9,percent,6,1,0.7,0.1,5000,800,4507.637950844712,0.9015275901689423,0.170696076847828
19,10,percent,5,1,0.7,0.1,5000,800,4408.440818417677,0.8816881636835354,0.24225551669811993
19,11,percent,4,1,0.7,0.1,5000,800,4180.258599740746,0.8360517199481492,0.2616738416529507
20,1,percent,12,0,0.7,0.1,5000,800,5000.000000000002,1.0000000000000004,1.0
20,2,percent,12,1,0.7,0.1,5000,800,4814.089228582135,0.9628178457164269,0.07978381554763844
20,3,percent,11,1,0.7,0.1,5000,800,4793.566075140129,0.9587132150280259,0.10441532324672843
20,4,percent,10,1,0.7,0.1,5000,800,4750.158117209808,0.9500316234419616,0.10521090800733969
20,5,percent,9,1,0.7,0.1,5000,800,4717.682604174461,0.9435365208348921,0.11963940455470778
20,6,percent,8,1,0.7,0.1,5000,800,4647.574144115567,0.9295148288231134,0.12855237393949032
20,7,percent,7,1,0.7,0.1,5000,800,4584.504513451515,0.916900902690303,0.13130528098725486
20,8,percent,6,2,0.7,0.1,5000,800,4073.5553372466866,0.8147110674493373,0.08552690028254178
20,9,percent,4,1,0.7,0.1,5000,800,4177.48671314777,0.8354973426295541,0.2434247006750711
20,10,percent,3,0,0.7,0.1,5000,800,5000.000000000002,1.0000000000000004,1.0
21,1,percent,13,0,0.7,0.1,5000,800,5000.000000000002,1.0000000000000004,1.0
21,2,percent,13,3,0.7,0.1,5000,800,4532.33198901797,0.9064663978035941,0.004664356301101783
21,3,percent,10,0,0.7,0.1,5000,800,5000.000000000002,1.0000000000000004,1.0
21,4,percent,10,1,0.7,0.1,5000,800,4762.881314319526,0.9525762628639052,0.12428882760060776
21,5,percent,9,0,0.7,0.1,5000,800,5000.000000000002,1.0000000000000004,1.0
21,6,percent,9,1,0.7,0.1,5000,800,4718.4333960643935,0.9436866792128787,0.14015227933601074
21,7,percent,8,1,0.7,0.1,5000,800,4652.365031524374,0.9304730063048748,0.12302693058199364
21,8,percent,7,1,0.7,0.1,5000,800,4592.790865247939,0.9185581730495879,0.16192570973269985
21,9,percent,6,2,0.7,0.1,5000,800,4009.435167718528,0.8018870335437056,0.06730835035450881
21,10,percent,4,0,0.7,0.1,5000,800,5000.000000000002,1.0000000000000004,1.0
21,11,percent,4,1,0.7,0.1,5000,800,4144.7790168820175,0.8289558033764035,0.24111441379986223
22,1,percent,12,0,0.7,0.1,5000,800,5000.000000000002,1.0000000000000004,1.0
22,2,percent,12,1,0.7,0.1,5000,800,4816.865981126091,0.9633731962252182,0.10091400241726425
22,3,percent,11,1,0.7,0.1,5000,800,4788.092594620013,0.9576185189240026,0.100242035417852
22,4,percent,10,1,0.7,0.1,5000,800,4761.14073777553,0.9522281475551061,0.10925593766992872
22,5,percent,9,0,0.7,0.1,5000,800,5000.000000000002,1.0000000000000004,1.0
22,6,percent,9,1,0.7,0.1,5000,800,4723.974026692764,0.9447948053385528,0.1256768783921208
22,7,percent,8,2,0.7,0.1,5000,800,4320.349103463755,0.864069820692751,0.03745801121658718
22,8,percent,6,1,0.7,0.1,5000,800,4482.303874026206,0.8964607748052412,0.15386999205368415
22,9,percent,5,2,0.7,0.1,5000,800,3767.6700255293135,0.7535340051058627,0.100264052433588
22,10,percent,3,0,0.7,0.1,5000,800,5000.000000000002,1.0000000000000004,1.0
23,1,percent,13,0,0.7,0.1,5000,800,5000.000000000002,1.0000000000000004,1.0
23,2,percent,13,1,0.7,0.1,5000,800,4831.155088254191,0.9662310176508381,0.0813345327279658
23,3,percent,12,1,0.7,0.1,5000,800,4809.120832695337,0.9618241665390674,0.09094843583694202
23,4,percent,11,2,0.7,0.1,5000,800,4584.313407972268,0.9168626815944535,0.021578949027734363
23,5,percent,9,0,0.7,0.1,5000,800,5000.000000000002,1.0000000000000004,1.0
23,6,percent,9,1,0.7,0.1,5000,800,4715.63672130208,0.9431273442604161,0.12637755831401118
23,7,percent,8,1,0.7,0.1,5000,800,4662.925156582723,0.9325850313165445,0.12914374073338278
23,8,percent,7,1,0.7,0.1,5000,800,4598.958891012281,0.9197917782024563,0.15532244793920014
23,9,percent,6,1,0.7,0.1,5000,800,4494.035598469828,0.8988071196939657,0.1762027300286903
23,10,percent,5,1,0.7,0.1,5000,800,4353.3728036876455,0.8706745607375291,0.19380471478636283
23,11,percent,4,1,0.7,0.1,5000,800,4221.076883215814,0.8442153766431627,0.28144689087183494
24,1,percent,12,0,0.7,0.1,5000,800,5000.000000000002,1.0000000000000004,1.0
24,2,percent,12,1,0.7,0.1,5000,800,4817.664570701322,0.9635329141402644,0.09323699914229194
24,3,percent,11,1,0.7,0.1,5000,800,4786.633660022804,0.9573267320045609,0.10004373964287956
24,4,percent,10,1,0.7,0.1,5000,800,4760.813692064872,0.9521627384129744,0.11032731776667765
24,5,percent,9,1,0.7,0.1,5000,800,4719.573858100198,0.9439147716200396,0.11553314324366816
24,6,percent,8,1,0.7,0.1,5000,800,4647.555070316777,0.9295110140633555,0.11436036967214913
24,7,percent,7,2,0.7,0.1,5000,800,4197.3494187601555,0.8394698837520311,0.05064426352320351
24,8,percent,5,1,0.7,0.1,5000,800,4397.169567297649,0.8794339134595298,0.2476202196217886
24,9,percent,4,1,0.7,0.1,5000,800,4132.697899650357,0.8265395799300713,0.2263736857245263
24,10,percent,3,0,0.7,0.1,5000,800,5000.000000000002,1.0000000000000004,1.0
25,1,percent,13,0,0.7,0.1,5000,800,5000.000000000002,1.0000000000000004,1.0
25,2,percent,13,2,0.7,0.1,5000,800,4669.589805273705,0.933917961054741,0.014383097425664864
25,3,percent,11,0,0.7,0.1,5000,800,5000.000000000002,1.0000000000000004,1.0
25,4,percent,11,1,0.7,0.1,5000,800,4783.008921984467,0.9566017843968934,0.0945695637789569
25,5,percent,10,1,0.7,0.1,5000,800,4757.744860628594,0.9515489721257189,0.10540320665136114
25,6,percent,9,1,0.7,0.1,5000,800,4718.5722042926645,0.943714440858533,0.1324303654507411
25,7,percent,8,2,0.7,0.1,5000,800,4324.981144641316,0.8649962289282632,0.03890345120349431
25,8,percent,6,1,0.7,0.1,5000,800,4502.8692586737325,0.9005738517347465,0.17085917761211458
25,9,percent,5,1,0.7,0.1,5000,800,4348.3620773855755,0.869672415477115,0.18934942731447146
25,10,percent,4,1,0.7,0.1,5000,800,4185.709464913887,0.8371418929827774,0.26511072935087077
26,1,percent,10,2,0.7,0.1,5000,800,4524.515343902388,0.9049030687804775,0.02641155724382786
26,2,percent,8,2,0.7,0.1,5000,800,4329.681524792057,0.8659363049584113,0.03755104044513106
26,3,percent,6,3,0.7,0.1,5000,800,3656.4951071792425,0.7312990214358485,0.06759924262559726
26,4,percent,3,0,0.7,0.1,5000,800,5000.000000000002,1.0000000000000004,1.0
27,1,percent,13,1,0.7,0.1,5000,800,4839.136574476585,0.967827314895317,0.08174948104875844
27,2,percent,12,1,0.7,0.1,5000,800,4814.67958298026,0.962935916596052,0.09168987662708411
27,3,percent,11,1,0.7,0.1,5000,800,4793.62539411941,0.958725078823882,0.0968265849143486
27,4,percent,10,1,0.7,0.1,5000,800,4742.876652791844,0.9485753305583688,0.09109455329578318
27,5,percent,9,0,0.7,0.1,5000,800,5000.000000000002,1.0000000000000004,1.0
27,6,percent,9,1,0.7,0.1,5000,800,4725.807126644523,0.9451614253289046,0.11580759313770436
27,7,percent,8,2,0.7,0.1,5000,800,4330.329856838883,0.8660659713677765,0.03651327065503997
27,8,percent,6,2,0.7,0.1,5000,800,4037.8573183219564,0.8075714636643913,0.06826004112045118
27,9,percent,4,0,0.7,0.1,5000,800,5000.000000000002,1.0000000000000004,1.0
28,1,percent,12,0,0.7,0.1,5000,800,5000.000000000002,1.0000000000000004,1.0
28,2,percent,12,2,0.7,0.1,5000,800,4638.663480560083,0.9277326961120167,0.01860949996493679
28,3,percent,10,0,0.7,0.1,5000,800,5000.000000000002,1.0000000000000004,1.0
28,4,percent,10,1,0.7,0.1,5000,800,4766.745654618217,0.9533491309236433,0.12177135114546991
28,5,percent,9,0,0.7,0.1,5000,800,5000.000000000002,1.0000000000000004,1.0
28,6,percent,9,1,0.7,0.1,5000,800,4715.498322220521,0.9430996644441042,0.10557674480652772
28,7,percent,8,1,0.7,0.1,5000,800,4659.147085439772,0.9318294170879544,0.12786253761315475
28,8,percent,7,1,0.7,0.1,5000,800,4593.498714145773,0.9186997428291547,0.15072464292171625
28,9,percent,6,1,0.7,0.1,5000,800,4533.350876121738,0.9066701752243477,0.22605277431646573
28,10,percent,5,1,0.7,0.1,5000,800,4382.984383178373,0.8765968766356745,0.22030276147743694
28,11,percent,4,0,0.7,0.1,5000,800,5000.000000000002,1.0000000000000004,1.0
29,1,percent,15,0,0.7,0.1,5000,800,5000.000000000002,1.0000000000000004,1.0
29,2,percent,15,1,0.7,0.1,5000,800,4873.152047398791,0.9746304094797582,0.07241071787625893
29,3,percent,14,1,0.7,0.1,5000,800,4858.737750693387,0.9717475501386774,0.0868813863099427
29,4,percent,13,1,0.7,0.1,5000,800,4840.527930759811,0.9681055861519622,0.08124910562231591
29,5,percent,12,1,0.7,0.1,5000,800,4813.218800242112,0.9626437600484223,0.0934574409992074
29,6,percent,11,1,0.7,0.1,5000,800,4792.346130054529,0.9584692260109058,0.09894816613585955
29,7,percent,10,2,0.7,0.1,5000,800,4522.570021498848,0.9045140042997697,0.025442487025950995
29,8,percent,8,1,0.7,0.1,5000,800,4667.390066977681,0.9334780133955363,0.1281888316075341
29,9,percent,7,1,0.7,0.1,5000,800,4594.729963310667,0.9189459926621334,0.1559901850549024
29,10,percent,6,2,0.7,0.1,5000,800,4027.2115594564993,0.8054423118912999,0.06944455791368953
29,11,percent,4,0,0.7,0.1,5000,800,5000.000000000002,1.0000000000000004,1.0
30,1,percent,15,0,0.7,0.1,5000,800,5000.000000000002,1.0000000000000004,1.0
30,2,percent,15,1,0.7,0.1,5000,800,4869.933166394523,0.9739866332789047,0.08060886219246402
30,3,percent,14,1,0.7,0.1,5000,800,4855.538607507472,0.9711077215014944,0.0717494502800544
30,4,percent,13,2,0.7,0.1,5000,800,4669.72885264549,0.9339457705290981,0.015102906709646407
30,5,percent,11,1,0.7,0.1,5000,800,4787.1189155198745,0.9574237831039749,0.08894580313351964
30,6,percent,10,1,0.7,0.1,5000,800,4755.781543305714,0.9511563086611428,0.10871204536073226
30,7,percent,9,1,0.7,0.1,5000,800,4716.461685614453,0.9432923371228906,0.12168429672218042
30,8,percent,8,2,0.7,0.1,5000,800,4362.211320615209,0.8724422641230418,0.0441928711418515
30,9,percent,6,2,0.7,0.1,5000,800,4014.33099156593,0.8028661983131861,0.07090402522173912
30,10,percent,4,0,0.7,0.1,5000,800,5000.000000000002,1.0000000000000004,1.0
31,1,percent,16,1,0.7,0.1,5000,800,4883.989054341741,0.9767978108683483,0.06929957533403545
31,2,percent,15,1,0.7,0.1,5000,800,4871.033551930801,0.9742067103861602,0.0716689186147493
31,3,percent,14,1,0.7,0.1,5000,800,4857.409607547734,0.9714819215095467,0.0773129342554305
31,4,percent,13,1,0.7,0.1,5000,800,4837.1874790148595,0.9674374958029719,0.08583361895790033
31,5,percent,12,2,0.7,0.1,5000,800,4628.214134884822,0.9256428269769643,0.015048220016930378
31,6,percent,10,1,0.7,0.1,5000,800,4748.270327762823,0.9496540655525647,0.10446664133461778
31,7,percent,9,1,0.7,0.1,5000,800,4698.316451787609,0.9396632903575218,0.11371848761012401
31,8,percent,8,2,0.7,0.1,5000,800,4361.968801989874,0.8723937603979748,0.04972207454439724
31,9,percent,6,2,0.7,0.1,5000,800,4057.044214292784,0.8114088428585569,0.08200249589705785
31,10,percent,4,0,0.7,0.1,5000,800,5000.000000000002,1.0000000000000004,1.0
32,1,percent,14,1,0.7,0.1,5000,800,4853.101319123136,0.9706202638246272,0.08134719121665784
32,2,percent,13,1,0.7,0.1,5000,800,4842.644846755769,0.9685289693511538,0.08182739077128161
32,3,percent,12,1,0.7,0.1,5000,800,4827.402026402367,0.9654804052804733,0.0967380998321918
32,4,percent,11,1,0.7,0.1,5000,800,4787.893727502465,0.9575787455004929,0.09281146490373458
32,5,percent,10,1,0.7,0.1,5000,800,4769.160190414667,0.9538320380829335,0.10598789979187613
32,6,percent,9,1,0.7,0.1,5000,800,4727.423682510537,0.9454847365021074,0.11789579643254804
32,7,percent,8,1,0.7,0.1,5000,800,4652.4328888231785,0.9304865777646357,0.1214365299863475
32,8,percent,7,1,0.7,0.1,5000,800,4584.423980176367,0.9168847960352734,0.14639832144005155
32,9,percent,6,1,0.7,0.1,5000,800,4525.9442050335365,0.9051888410067073,0.2043582164477584
32,10,percent,5,0,0.7,0.1,5000,800,5000.000000000002,1.0000000000000004,1.0
32,11,percent,5,0,0.7,0.1,5000,800,5000.000000000002,1.0000000000000004,1.0
33,1,percent,13,0,0.7,0.1,5000,800,5000.000000000002,1.0000000000000004,1.0
33,2,percent,13,2,0.7,0.1,5000,800,4680.210048347425,0.936042009669485,0.014260702417427376
33,3,percent,11,2,0.7,0.1,5000,800,4594.650692464909,0.9189301384929819,0.024764447209034497
33,4,percent,9,1,0.7,0.1,5000,800,4714.970899600322,0.9429941799200644,0.11268530407592332
33,5,percent,8,1,0.7,0.1,5000,800,4671.990472849672,0.9343980945699344,0.13066697082754755
33,6,percent,7,1,0.7,0.1,5000,800,4591.847428906808,0.9183694857813616,0.13545494422813636
33,7,percent,6,1,0.7,0.1,5000,800,4502.874008279934,0.9005748016559868,0.18629593070376754
33,8,percent,5,0,0.7,0.1,5000,800,5000.000000000002,1.0000000000000004,1.0
33,9,percent,5,0,0.7,0.1,5000,800,5000.000000000002,1.0000000000000004,1.0
34,1,percent,14,0,0.7,0.1,5000,800,5000.000000000002,1.0000000000000004,1.0
34,2,percent,14,2,0.7,0.1,5000,800,4712.133323570858,0.9424266647141716,0.012972274136903963
34,3,percent,12,1,0.7,0.1,5000,800,4820.609678431934,0.9641219356863868,0.09154124789836893
34,4,percent,11,1,0.7,0.1,5000,800,4775.371891688215,0.9550743783376431,0.08921965302254214
34,5,percent,10,0,0.7,0.1,5000,800,5000.000000000002,1.0000000000000004,1.0
34,6,percent,10,1,0.7,0.1,5000,800,4757.666701765311,0.9515333403530621,0.11237822246745989
34,7,percent,9,1,0.7,0.1,5000,800,4713.202169614222,0.9426404339228444,0.1182393338278599
34,8,percent,8,1,0.7,0.1,5000,800,4652.352795314028,0.9304705590628056,0.1265688378146893
34,9,percent,7,1,0.7,0.1,5000,800,4593.606367012272,0.9187212734024545,0.18017064189768262
34,10,percent,6,1,0.7,0.1,5000,800,4505.732666009592,0.9011465332019185,0.165883128422382
34,11,percent,5,0,0.7,0.1,5000,800,5000.000000000002,1.0000000000000004,1.0
1,1,rank,6,0,0.7,0.1,5000,800,5000.000000000002,1.0000000000000004,1.0
1,2,rank,6,1,0.7,0.1,5000,800,214.51588908396778,0.04290317781679356,0.021100357447928205
1,3,rank,5,1,0.7,0.1,5000,800,4316.901222525813,0.8633802445051626,0.8132449520209513
1,4,rank,4,1,0.7,0.1,5000,800,497.4975409478324,0.09949950818956649,0.0005393328423675329
1,5,rank,3,0,0.7,0.1,5000,800,5000.000000000002,1.0000000000000004,1.0
1,6,rank,2,0,0.7,0.1,5000,800,5000.000000000002,1.0000000000000004,1.0
2,1,rank,10,1,0.7,0.1,5000,800,1669.9480741188656,0.33398961482377315,0.30082597048407606
2,2,rank,9,1,0.7,0.1,5000,800,1534.917308767517,0.3069834617535034,0.2728274520640414
2,3,rank,8,1,0.7,0.1,5000,800,159.9288182306925,0.031985763646138504,0.020636370437913748
2,4,rank,7,1,0.7,0.1,5000,800,3715.052811362835,0.743010562272567,0.6995786709250967
2,5,rank,6,1,0.7,0.1,5000,800,4041.161126520725,0.808232225304145,0.7606394776810602
2,6,rank,5,1,0.7,0.1,5000,800,2607.2870436916337,0.5214574087383267,0.498833051595158
2,7,rank,4,1,0.7,0.1,5000,800,959.6997825609499,0.19193995651218998,0.11842292194058769
2,8,rank,3,0,0.7,0.1,5000,800,5000.000000000002,1.0000000000000004,1.0
3,1,rank,11,1,0.7,0.1,5000,800,3056.419427321557,0.6112838854643114,0.5801029868889502
3,2,rank,10,1,0.7,0.1,5000,800,10.68212243101932,0.0021364244862038637,0.0003065252503311654
3,3,rank,9,1,0.7,0.1,5000,800,42.40221768137453,0.008480443536274905,0.0023277610325844193
3,4,rank,8,1,0.7,0.1,5000,800,51.675697894951185,0.010335139578990236,0.0038608039079615617
3,5,rank,7,2,0.7,0.1,5000,800,106.50302082295674,0.021300604164591348,7.824320771078099e-07
3,6,rank,5,0,0.7,0.1,5000,800,5000.000000000002,1.0000000000000004,1.0
3,7,rank,5,1,0.7,0.1,5000,800,4306.637669035475,0.8613275338070949,0.8132423934460336
3,8,rank,4,1,0.7,0.1,5000,800,4974.062255253352,0.9948124510506705,0.9644174215019908
3,9,rank,3,0,0.7,0.1,5000,800,5000.000000000002,1.0000000000000004,1.0
3,10,rank,2,0,0.7,0.1,5000,800,5000.000000000002,1.0000000000000004,1.0
4,1,rank,11,0,0.7,0.1,5000,800,5000.000000000002,1.0000000000000004,1.0
4,2,rank,11,1,0.7,0.1,5000,800,80.63968188898002,0.016127936377796005,0.011152235403797499
4,3,rank,10,1,0.7,0.1,5000,800,131.41504927431333,0.026283009854862666,0.018903702076470193
4,4,rank,9,1,0.7,0.1,5000,800,962.2373815650348,0.19244747631300696,0.17048622125492735
4,5,rank,8,1,0.7,0.1,5000,800,3517.2937772258088,0.7034587554451618,0.6642168234696801
4,6,rank,7,1,0.7,0.1,5000,800,267.47920752235746,0.05349584150447149,0.034274552136293275
4,7,rank,6,1,0.7,0.1,5000,800,1369.8078242932788,0.27396156485865575,0.2248052683646867
4,8,rank,5,1,0.7,0.1,5000,800,4276.382309672861,0.8552764619345722,0.805565909588762
4,9,rank,4,1,0.7,0.1,5000,800,4633.6919208994705,0.9267383841798941,0.8782745427690075
4,10,rank,3,0,0.7,0.1,5000,800,5000.000000000002,1.0000000000000004,1.0
5,1,rank,12,1,0.7,0.1,5000,800,2948.165022862836,0.5896330045725672,0.5611786104676856
5,2,rank,11,1,0.7,0.1,5000,800,29.15212182008928,0.0058304243640178565,0.002841333849113064
5,3,rank,10,1,0.7,0.1,5000,800,3199.2283722334328,0.6398456744466866,0.6062170853258779
5,4,rank,9,1,0.7,0.1,5000,800,1606.3650594464848,0.32127301188929697,0.29048659288391304
5,5,rank,8,1,0.7,0.1,5000,800,2414.3782225743257,0.48287564451486514,0.4637903950558787
5,6,rank,7,1,0.7,0.1,5000,800,92.8426179926503,0.018568523598530062,0.007773568912366858
5,7,rank,6,1,0.7,0.1,5000,800,4068.266511487645,0.813653302297529,0.768977212493427
5,8,rank,5,1,0.7,0.1,5000,800,239.21905065287342,0.047843810130574684,0.004100541635940487
5,9,rank,4,1,0.7,0.1,5000,800,999.7623063110002,0.19995246126220004,0.12483588277981399
5,10,rank,3,0,0.7,0.1,5000,800,5000.000000000002,1.0000000000000004,1.0
6,1,rank,12,0,0.7,0.1,5000,800,5000.000000000002,1.0000000000000004,1.0
6,2,rank,12,2,0.7,0.1,5000,800,1242.432121391044,0.24848642427820877,0.22453473895315823
6,3,rank,10,1,0.7,0.1,5000,800,408.5473547888761,0.08170947095777521,0.06930406853829801
6,4,rank,9,1,0.7,0.1,5000,800,3436.612641585764,0.6873225283171528,0.6501720010075652
6,5,rank,8,1,0.7,0.1,5000,800,3631.3938220475306,0.7262787644095061,0.6855401541230998
6,6,rank,7,1,0.7,0.1,5000,800,3932.727724827809,0.7865455449655618,0.7440247134623195
6,7,rank,6,1,0.7,0.1,5000,800,644.8179507768134,0.12896359015536268,0.0982975020391028
6,8,rank,5,1,0.7,0.1,5000,800,232.6696440547303,0.04653392881094606,0.003959414761332023
6,9,rank,4,1,0.7,0.1,5000,800,4622.971736742236,0.9245943473484473,0.8764042595647598
6,10,rank,3,0,0.7,0.1,5000,800,5000.000000000002,1.0000000000000004,1.0
7,1,rank,13,2,0.7,0.1,5000,800,190.6199537005149,0.03812399074010298,0.03145708096429329
7,2,rank,11,2,0.7,0.1,5000,800,9.012542377040637,0.0018025084754081273,8.376555445341207e-09
7,3,rank,9,0,0.7,0.1,5000,800,5000.000000000002,1.0000000000000004,1.0
7,4,rank,9,1,0.7,0.1,5000,800,3509.4696695761595,0.7018939339152319,0.6657670526374107
7,5,rank,8,1,0.7,0.1,5000,800,171.65170092447184,0.034330340184894365,0.022999596582036985
7,6,rank,7,1,0.7,0.1,5000,800,3805.0000965610857,0.7610000193122172,0.7183176012385092
7,7,rank,6,1,0.7,0.1,5000,800,196.93902287886607,0.03938780457577321,0.01810728789765896
7,8,rank,5,1,0.7,0.1,5000,800,2596.8731899327736,0.5193746379865547,0.49703030666417236
7,9,rank,4,1,0.7,0.1,5000,800,4975.340500091649,0.9950681000183298,0.9661857970708414
7,10,rank,3,0,0.7,0.1,5000,800,5000.000000000002,1.0000000000000004,1.0
8,1,rank,13,0,0.7,0.1,5000,800,5000.000000000002,1.0000000000000004,1.0
8,2,rank,13,1,0.7,0.1,5000,800,119.38419993869293,0.023876839987738586,0.018928965790013946
8,3,rank,12,1,0.7,0.1,5000,800,713.7267862527032,0.14274535725054063,0.12401233332574306
8,4,rank,11,2,0.7,0.1,5000,800,1317.1287872102012,0.2634257574420402,0.23561131306731795
8,5,rank,9,1,0.7,0.1,5000,800,71.65343466982378,0.014330686933964757,0.007642210923354955
8,6,rank,8,1,0.7,0.1,5000,800,3526.0613268869647,0.7052122653773929,0.6647026091894984
8,7,rank,7,1,0.7,0.1,5000,800,3803.0241763589934,0.7606048352717987,0.7152993440932567
8,8,rank,6,1,0.7,0.1,5000,800,1372.0180303994089,0.2744036060798818,0.225864278366935
8,9,rank,5,1,0.7,0.1,5000,800,1200.4809927977562,0.24009619855955125,0.18023509435429869
8,10,rank,4,1,0.7,0.1,5000,800,4627.346347925728,0.9254692695851456,0.8749857470832881
8,11,rank,3,0,0.7,0.1,5000,800,5000.000000000002,1.0000000000000004,1.0
9,1,rank,16,2,0.7,0.1,5000,800,1733.6000724581604,0.3467200144916321,0.32403828048851263
9,2,rank,14,1,0.7,0.1,5000,800,2256.359584660349,0.4512719169320698,0.43733869093764605
9,3,rank,13,2,0.7,0.1,5000,800,439.020856376465,0.087804171275293,0.07780578092203462
9,4,rank,11,1,0.7,0.1,5000,800,645.6587229833473,0.12913174459666946,0.11011111370672251
9,5,rank,10,1,0.7,0.1,5000,800,988.0573727792928,0.19761147455585856,0.1769255551655473
9,6,rank,9,2,0.7,0.1,5000,800,457.74445511057166,0.09154889102211433,0.07345994400390049
9,7,rank,7,2,0.7,0.1,5000,800,3668.193915479083,0.7336387830958166,0.6875097752281043
9,8,rank,5,1,0.7,0.1,5000,800,2554.3117536491227,0.5108623507298246,0.48835418977452183
9,9,rank,4,1,0.7,0.1,5000,800,491.444926775862,0.0982889853551724,0.000522293762745254
9,10,rank,3,0,0.7,0.1,5000,800,5000.000000000002,1.0000000000000004,1.0
10,1,rank,11,0,0.7,0.1,5000,800,5000.000000000002,1.0000000000000004,1.0
10,2,rank,11,1,0.7,0.1,5000,800,9.520938448151373,0.0019041876896302747,0.00014209096406263283
10,3,rank,10,1,0.7,0.1,5000,800,3297.023304949478,0.6594046609898956,0.626458023152122
10,4,rank,9,1,0.7,0.1,5000,800,1570.787605117866,0.3141575210235732,0.2801397651011867
10,5,rank,8,1,0.7,0.1,5000,800,3688.583658369712,0.7377167316739424,0.6992625410680019
10,6,rank,7,1,0.7,0.1,5000,800,3755.2448375541912,0.7510489675108383,0.7064127985693414
10,7,rank,6,1,0.7,0.1,5000,800,611.2047221053492,0.12224094442106985,0.09126767583018372
10,8,rank,5,1,0.7,0.1,5000,800,4306.686881582415,0.8613373763164829,0.8136669290328323
10,9,rank,4,1,0.7,0.1,5000,800,4638.984462310393,0.9277968924620785,0.8798604493504164
10,10,rank,3,0,0.7,0.1,5000,800,5000.000000000002,1.0000000000000004,1.0
11,1,rank,12,1,0.7,0.1,5000,800,1667.0274383887868,0.33340548767775735,0.3230304650746117
11,2,rank,11,1,0.7,0.1,5000,800,3085.6506036968176,0.6171301207393636,0.5876308820311272
11,3,rank,10,1,0.7,0.1,5000,800,3203.7820821990135,0.6407564164398027,0.6065017613808836
11,4,rank,9,1,0.7,0.1,5000,800,3351.7130468033843,0.6703426093606768,0.6332163685099342
11,5,rank,8,1,0.7,0.1,5000,800,395.96213241976494,0.07919242648395299,0.059346679078655824
11,6,rank,7,1,0.7,0.1,5000,800,51.41529203462326,0.010283058406924653,2.669372390532325e-10
11,7,rank,6,1,0.7,0.1,5000,800,175.98262485328772,0.03519652497065754,0.01630725563758827
11,8,rank,5,1,0.7,0.1,5000,800,1170.2525158135193,0.23405050316270384,0.17874055618542076
11,9,rank,4,1,0.7,0.1,5000,800,1024.442807235056,0.2048885614470112,0.1311104990754914
11,10,rank,3,0,0.7,0.1,5000,800,5000.000000000002,1.0000000000000004,1.0
12,1,rank,11,0,0.7,0.1,5000,800,5000.000000000002,1.0000000000000004,1.0
12,2,rank,11,1,0.7,0.1,5000,800,1700.772413869802,0.3401544827739604,0.33022650278336113
12,3,rank,10,1,0.7,0.1,5000,800,3268.4913502474874,0.6536982700494974,0.620946109833135
12,4,rank,9,1,0.7,0.1,5000,800,1591.79264934796,0.318358529869592,0.2842739159578191
12,5,rank,8,1,0.7,0.1,5000,800,1703.326884480234,0.3406653768960468,0.3278842759598298
12,6,rank,7,1,0.7,0.1,5000,800,3765.5672416729367,0.7531134483345874,0.7078102458317155
12,7,rank,6,1,0.7,0.1,5000,800,228.43953079946542,0.045687906159893085,0.024182018064927015
12,8,rank,5,1,0.7,0.1,5000,800,1214.5175401850963,0.24290350803701927,0.18624151720067642
12,9,rank,4,1,0.7,0.1,5000,800,4630.733997875831,0.9261467995751662,0.8774361600833265
12,10,rank,3,0,0.7,0.1,5000,800,5000.000000000002,1.0000000000000004,1.0
13,1,rank,12,1,0.7,0.1,5000,800,2966.95541855647,0.593391083711294,0.5659826458484692
13,2,rank,11,1,0.7,0.1,5000,800,7.049923405927342,0.0014099846811854685,1.4823599545784557e-07
13,3,rank,10,1,0.7,0.1,5000,800,10.75679541573104,0.002151359083146208,1.0592608334234193e-05
13,4,rank,9,1,0.7,0.1,5000,800,568.1905549250893,0.11363811098501785,0.09682648256494762
13,5,rank,8,1,0.7,0.1,5000,800,3529.5704022579757,0.7059140804515951,0.6645423950591896
13,6,rank,7,1,0.7,0.1,5000,800,3730.781392848384,0.7461562785696768,0.7030045224735432
13,7,rank,6,1,0.7,0.1,5000,800,1367.219491289146,0.27344389825782917,0.22557734780778754
13,8,rank,5,1,0.7,0.1,5000,800,4332.722923467559,0.8665445846935117,0.8216550231947447
13,9,rank,4,1,0.7,0.1,5000,800,4652.191073144554,0.9304382146289109,0.881765433189126
13,10,rank,3,0,0.7,0.1,5000,800,5000.000000000002,1.0000000000000004,1.0
14,1,rank,12,0,0.7,0.1,5000,800,5000.000000000002,1.0000000000000004,1.0
14,2,rank,12,1,0.7,0.1,5000,800,2909.60343241354,0.581920686482708,0.5546240313973959
14,3,rank,11,1,0.7,0.1,5000,800,1034.38437392389,0.206876874784778,0.19764253801758316
14,4,rank,10,1,0.7,0.1,5000,800,1699.3863534546922,0.3398772706909384,0.31003448790021937
14,5,rank,9,1,0.7,0.1,5000,800,3349.3655382815227,0.6698731076563046,0.6341579256540395
14,6,rank,8,1,0.7,0.1,5000,800,3512.3385728382955,0.7024677145676591,0.6616847282880087
14,7,rank,7,1,0.7,0.1,5000,800,1472.987381373209,0.2945974762746418,0.2503666641626839
14,8,rank,6,2,0.7,0.1,5000,800,152.6756682545159,0.03053513365090318,5.1271771431343526e-05
14,9,rank,4,1,0.7,0.1,5000,800,493.4659687015244,0.09869319374030487,4.782710909864597e-07
14,10,rank,3,0,0.7,0.1,5000,800,5000.000000000002,1.0000000000000004,1.0
15,1,rank,13,1,0.7,0.1,5000,800,2781.0592489645737,0.5562118497929147,0.5290485821561585
15,2,rank,12,1,0.7,0.1,5000,800,38.65702962245067,0.007731405924490134,0.005160395072365821
15,3,rank,11,2,0.7,0.1,5000,800,8.752485733073065,0.0017504971466146132,2.1756429352822053e-07
15,4,rank,9,1,0.7,0.1,5000,800,1569.2686593583153,0.31385373187166304,0.27872946079773037
15,5,rank,8,0,0.7,0.1,5000,800,5000.000000000002,1.0000000000000004,1.0
15,6,rank,8,1,0.7,0.1,5000,800,41.31162485314181,0.008262324970628362,1.1181710288699438e-13
15,7,rank,7,0,0.7,0.1,5000,800,5000.000000000002,1.0000000000000004,1.0
15,8,rank,7,2,0.7,0.1,5000,800,57.98169051416998,0.011596338102833996,1.1080640887299453e-05
15,9,rank,5,2,0.7,0.1,5000,800,1214.2698709860435,0.24285397419720872,0.18603458971571382
15,10,rank,3,0,0.7,0.1,5000,800,5000.000000000002,1.0000000000000004,1.0
16,1,rank,12,0,0.7,0.1,5000,800,5000.000000000002,1.0000000000000004,1.0
16,2,rank,12,1,0.7,0.1,5000,800,3041.012697639939,0.6082025395279878,0.5793107762869748
16,3,rank,11,1,0.7,0.1,5000,800,3089.130443421854,0.6178260886843708,0.5866511920357973
16,4,rank,10,1,0.7,0.1,5000,800,2278.527607736112,0.4557055215472224,0.43875618147484075
16,5,rank,9,1,0.7,0.1,5000,800,2403.4810594957626,0.4806962118991525,0.463686808508564
16,6,rank,8,1,0.7,0.1,5000,800,3573.224168670326,0.7146448337340652,0.6760068494278774
16,7,rank,7,1,0.7,0.1,5000,800,3786.00026944608,0.757200053889216,0.7143057389375318
16,8,rank,6,1,0.7,0.1,5000,800,4009.2111842489358,0.8018422368497872,0.7551367276246229
16,9,rank,5,1,0.7,0.1,5000,800,4333.685144349557,0.8667370288699114,0.8180985336319645
16,10,rank,4,1,0.7,0.1,5000,800,1001.7980857820753,0.20035961715641507,0.12441126256193284
17,1,rank,12,0,0.7,0.1,5000,800,5000.000000000002,1.0000000000000004,1.0
17,2,rank,12,1,0.7,0.1,5000,800,1604.8513430139858,0.32097026860279715,0.29594817751834546
17,3,rank,11,1,0.7,0.1,5000,800,2308.955106818115,0.461791021363623,0.4459820269460644
17,4,rank,10,1,0.7,0.1,5000,800,3306.2866854979234,0.6612573370995847,0.6298353981839684
17,5,rank,9,1,0.7,0.1,5000,800,18.321526172800898,0.0036643052345601795,9.950273997731907e-16
17,6,rank,8,0,0.7,0.1,5000,800,5000.000000000002,1.0000000000000004,1.0
17,7,rank,8,1,0.7,0.1,5000,800,154.29053057418824,0.030858106114837646,0.020054911747465404
17,8,rank,7,1,0.7,0.1,5000,800,300.8949030031021,0.06017898060062042,0.04034377227439234
17,9,rank,6,1,0.7,0.1,5000,800,123.77221274120566,0.02475444254824113,4.097361959794493e-08
17,10,rank,5,1,0.7,0.1,5000,800,1189.0147407949719,0.2378029481589944,0.17933809822382507
17,11,rank,4,1,0.7,0.1,5000,800,4613.293268078869,0.9226586536157738,0.8752958937126732
18,1,rank,12,1,0.7,0.1,5000,800,1616.5348374164475,0.3233069674832895,0.29775872303492823
18,2,rank,11,2,0.7,0.1,5000,800,1113.5597742139046,0.22271195484278092,0.21023237447824913
18,3,rank,9,0,0.7,0.1,5000,800,5000.000000000002,1.0000000000000004,1.0
18,4,rank,9,0,0.7,0.1,5000,800,5000.000000000002,1.0000000000000004,1.0
18,5,rank,9,1,0.7,0.1,5000,800,1574.5028477878427,0.31490056955756857,0.281403375343061
18,6,rank,8,1,0.7,0.1,5000,800,2423.1476501386437,0.48462953002772874,0.46530358335137206
18,7,rank,7,1,0.7,0.1,5000,800,3767.6839858090634,0.7535367971618127,0.711541942999966
18,8,rank,6,1,0.7,0.1,5000,800,126.78823216164507,0.025357646432329014,0.00013354140558789992
18,9,rank,5,1,0.7,0.1,5000,800,462.24502324360594,0.09244900464872119,0.05724763154562929
18,10,rank,4,1,0.7,0.1,5000,800,973.8111709932186,0.19476223419864372,0.12453919282064739
19,1,rank,13,1,0.7,0.1,5000,800,1693.6748064691458,0.33873496129382913,0.31235751933874045
19,2,rank,12,1,0.7,0.1,5000,800,496.6378620830685,0.0993275724166137,0.08984189993538233
19,3,rank,11,1,0.7,0.1,5000,800,3072.5736390487514,0.6145147278097502,0.5820145540547854
19,4,rank,10,1,0.7,0.1,5000,800,35.32416472292654,0.007064832944585308,0.0038552029507992664
19,5,rank,9,0,0.7,0.1,5000,800,5000.000000000002,1.0000000000000004,1.0
19,6,rank,9,1,0.7,0.1,5000,800,22.301560840237844,0.004460312168047569,0.0016700850195929863
19,7,rank,8,1,0.7,0.1,5000,800,1567.7346143883149,0.31354692287766295,0.27439434825717873
19,8,rank,7,1,0.7,0.1,5000,800,3808.6773999709253,0.7617354799941851,0.7198439044160314
19,9,rank,6,1,0.7,0.1,5000,800,1397.2804576287147,0.2794560915257429,0.23126310274845335
19,10,rank,5,1,0.7,0.1,5000,800,4359.573378005801,0.8719146756011602,0.8239219057103288
19,11,rank,4,1,0.7,0.1,5000,800,4640.581196810135,0.928116239362027,0.8792675201307191
20,1,rank,12,0,0.7,0.1,5000,800,5000.000000000002,1.0000000000000004,1.0
20,2,rank,12,1,0.7,0.1,5000,800,9.42660538371614,0.001885321076743228,2.3576205266727995e-11
20,3,rank,11,1,0.7,0.1,5000,800,2233.7127107465717,0.44674254214931436,0.43089438697780535
20,4,rank,10,1,0.7,0.1,5000,800,293.86477860874066,0.058772955721748135,0.0467071988515066
20,5,rank,9,1,0.7,0.1,5000,800,20.68657168520967,0.004137314337041934,0.0009905895673668695
20,6,rank,8,1,0.7,0.1,5000,800,869.3731313003148,0.17387462626006295,0.15041258122687684
20,7,rank,7,1,0.7,0.1,5000,800,59.08542180845618,0.011817084361691236,6.295452319854072e-10
20,8,rank,6,2,0.7,0.1,5000,800,1385.5490223999439,0.2771098044799888,0.22945933615494196
20,9,rank,4,1,0.7,0.1,5000,800,484.0737684695035,0.09681475369390069,1.5872860141175716e-05
20,10,rank,3,0,0.7,0.1,5000,800,5000.000000000002,1.0000000000000004,1.0
21,1,rank,13,0,0.7,0.1,5000,800,5000.000000000002,1.0000000000000004,1.0
21,2,rank,13,3,0.7,0.1,5000,800,308.1270488592589,0.061625409771851776,0.057260724616094126
21,3,rank,10,0,0.7,0.1,5000,800,5000.000000000002,1.0000000000000004,1.0
21,4,rank,10,1,0.7,0.1,5000,800,3153.058030872796,0.6306116061745591,0.5957419525503512
21,5,rank,9,0,0.7,0.1,5000,800,5000.000000000002,1.0000000000000004,1.0
21,6,rank,9,1,0.7,0.1,5000,800,3476.6088674544476,0.6953217734908895,0.6599610494099133
21,7,rank,8,1,0.7,0.1,5000,800,45.66039910517611,0.009132079821035222,5.151946669111199e-09
21,8,rank,7,1,0.7,0.1,5000,800,3792.9812693165045,0.7585962538633009,0.7164161211884151
21,9,rank,6,2,0.7,0.1,5000,800,126.71935565224274,0.025343871130448548,1.3288441633613806e-06
21,10,rank,4,0,0.7,0.1,5000,800,5000.000000000002,1.0000000000000004,1.0
21,11,rank,4,1,0.7,0.1,5000,800,467.5828083560993,0.09351656167121986,0.0005604213950142534
22,1,rank,12,0,0.7,0.1,5000,800,5000.000000000002,1.0000000000000004,1.0
22,2,rank,12,1,0.7,0.1,5000,800,2904.893548369912,0.5809787096739824,0.5519745287105272
22,3,rank,11,1,0.7,0.1,5000,800,3312.8846262963475,0.6625769252592695,0.6333777065861967
22,4,rank,10,1,0.7,0.1,5000,800,587.8408532549579,0.11756817065099158,0.09658998816202641
22,5,rank,9,0,0.7,0.1,5000,800,5000.000000000002,1.0000000000000004,1.0
22,6,rank,9,1,0.7,0.1,5000,800,3679.9045743027027,0.7359809148605405,0.701199047198254
22,7,rank,8,2,0.7,0.1,5000,800,148.21460446399726,0.029642920892799452,0.020823247041279826
22,8,rank,6,1,0.7,0.1,5000,800,111.10880514767824,0.022221761029535648,1.0466456956476595e-09
22,9,rank,5,2,0.7,0.1,5000,800,233.06341747432248,0.0466126834948645,4.287021583414369e-06
22,10,rank,3,0,0.7,0.1,5000,800,5000.000000000002,1.0000000000000004,1.0
23,1,rank,13,0,0.7,0.1,5000,800,5000.000000000002,1.0000000000000004,1.0
23,2,rank,13,1,0.7,0.1,5000,800,776.1941963675174,0.1552388392735035,0.14280008381142398
23,3,rank,12,1,0.7,0.1,5000,800,2279.8110076732814,0.4559622015346563,0.4412886708758048
23,4,rank,11,2,0.7,0.1,5000,800,164.53113697069946,0.03290622739413989,0.026395211927073683
23,5,rank,9,0,0.7,0.1,5000,800,5000.000000000002,1.0000000000000004,1.0
23,6,rank,9,1,0.7,0.1,5000,800,3475.069715749307,0.6950139431498614,0.6584866026634867
23,7,rank,8,1,0.7,0.1,5000,800,850.7792857375177,0.17015585714750356,0.1456632768297668
23,8,rank,7,1,0.7,0.1,5000,800,285.07062061738924,0.057014124123477845,0.03838413905349577
23,9,rank,6,1,0.7,0.1,5000,800,2483.972979057432,0.4967945958114864,0.4760704451009131
23,10,rank,5,1,0.7,0.1,5000,800,217.58835768669405,0.04351767153733881,1.15562817748766e-07
23,11,rank,4,1,0.7,0.1,5000,800,4623.375002332204,0.9246750004664407,0.8751122020024455
24,1,rank,12,0,0.7,0.1,5000,800,5000.000000000002,1.0000000000000004,1.0
24,2,rank,12,1,0.7,0.1,5000,800,2186.8693596757576,0.43737387193515154,0.4228257404239501
24,3,rank,11,1,0.7,0.1,5000,800,1681.3136653145555,0.3362627330629111,0.326152124986948
24,4,rank,10,1,0.7,0.1,5000,800,3270.3769939181907,0.6540753987836382,0.6232741630389206
24,5,rank,9,1,0.7,0.1,5000,800,204.4379739119674,0.040887594782393476,0.028801325080473096
24,6,rank,8,1,0.7,0.1,5000,800,33.59881834453709,0.006719763668907417,3.043990813138982e-15
24,7,rank,7,2,0.7,0.1,5000,800,15.058908615557472,0.0030117817231114946,8.736658954853575e-05
24,8,rank,5,1,0.7,0.1,5000,800,4329.346722980931,0.8658693445961863,0.8167346411717895
24,9,rank,4,1,0.7,0.1,5000,800,461.73335476780704,0.0923466709535614,4.512914602097968e-07
24,10,rank,3,0,0.7,0.1,5000,800,5000.000000000002,1.0000000000000004,1.0
25,1,rank,13,0,0.7,0.1,5000,800,5000.000000000002,1.0000000000000004,1.0
25,2,rank,13,2,0.7,0.1,5000,800,7.014024909734577,0.0014028049819469154,0.0007353738703806597
25,3,rank,11,0,0.7,0.1,5000,800,5000.000000000002,1.0000000000000004,1.0
25,4,rank,11,1,0.7,0.1,5000,800,1849.4338321874902,0.36988676643749807,0.3416187280601147
25,5,rank,10,1,0.7,0.1,5000,800,1019.3370726054726,0.20386741452109453,0.1835344901379607
25,6,rank,9,1,0.7,0.1,5000,800,3453.6652164834795,0.6907330432966959,0.6544648253060693
25,7,rank,8,2,0.7,0.1,5000,800,155.7689882902622,0.03115379765805244,0.020391608482687538
25,8,rank,6,1,0.7,0.1,5000,800,192.10176235317127,0.03842035247063425,0.018852148822958922
25,9,rank,5,1,0.7,0.1,5000,800,255.48458277385507,0.05109691655477101,0.004420054263555382
25,10,rank,4,1,0.7,0.1,5000,800,4616.087998671422,0.9232175997342843,0.8754381903462843
26,1,rank,10,2,0.7,0.1,5000,800,546.8175142925044,0.10936350285850087,0.09131309479523089
26,2,rank,8,2,0.7,0.1,5000,800,28.572087021350853,0.005714417404270171,5.866315351655551e-06
26,3,rank,6,3,0.7,0.1,5000,800,2506.7388165447364,0.5013477633089473,0.4763247626173612
26,4,rank,3,0,0.7,0.1,5000,800,5000.000000000002,1.0000000000000004,1.0
27,1,rank,13,1,0.7,0.1,5000,800,1722.7519677159903,0.34455039354319805,0.32056387629111743
27,2,rank,12,1,0.7,0.1,5000,800,1618.4199384520011,0.32368398769040024,0.29706863019545915
27,3,rank,11,1,0.7,0.1,5000,800,669.4029652055044,0.1338805930411009,0.11503909943196704
27,4,rank,10,1,0.7,0.1,5000,800,10.471310649318898,0.00209426212986378,6.8033648231500566e-15
27,5,rank,9,0,0.7,0.1,5000,800,5000.000000000002,1.0000000000000004,1.0
27,6,rank,9,1,0.7,0.1,5000,800,67.43598470875388,0.013487196941750776,0.007250768654148514
27,7,rank,8,2,0.7,0.1,5000,800,55.711052063372804,0.01114221041267456,0.0042723118381833985
27,8,rank,6,2,0.7,0.1,5000,800,153.01009521947304,0.030602019043894608,5.1215669286396436e-11
27,9,rank,4,0,0.7,0.1,5000,800,5000.000000000002,1.0000000000000004,1.0
28,1,rank,12,0,0.7,0.1,5000,800,5000.000000000002,1.0000000000000004,1.0
28,2,rank,12,2,0.7,0.1,5000,800,657.1699996648966,0.13143399993297933,0.1140257503285175
28,3,rank,10,0,0.7,0.1,5000,800,5000.000000000002,1.0000000000000004,1.0
28,4,rank,10,1,0.7,0.1,5000,800,3200.623215719632,0.6401246431439264,0.6069202445634305
28,5,rank,9,0,0.7,0.1,5000,800,5000.000000000002,1.0000000000000004,1.0
28,6,rank,9,1,0.7,0.1,5000,800,21.801558484908163,0.0043603116969816325,3.753001202465347e-14
28,7,rank,8,1,0.7,0.1,5000,800,393.1870056965112,0.07863740113930225,0.058262413776069374
28,8,rank,7,1,0.7,0.1,5000,800,312.04740808748636,0.06240948161749727,0.040835489734607947
28,9,rank,6,1,0.7,0.1,5000,800,4006.2169312517635,0.8012433862503527,0.7528010378358134
28,10,rank,5,1,0.7,0.1,5000,800,4626.106010746083,0.9252212021492165,0.8792711591679541
28,11,rank,4,0,0.7,0.1,5000,800,5000.000000000002,1.0000000000000004,1.0
29,1,rank,15,0,0.7,0.1,5000,800,5000.000000000002,1.0000000000000004,1.0
29,2,rank,15,1,0.7,0.1,5000,800,2129.1994669322835,0.42583989338645667,0.4133587131477374
29,3,rank,14,1,0.7,0.1,5000,800,2650.892941844188,0.5301785883688376,0.5053226785671734
29,4,rank,13,1,0.7,0.1,5000,800,1274.8265839149924,0.2549653167829985,0.24726849952990987
29,5,rank,12,1,0.7,0.1,5000,800,2245.0769882028876,0.4490153976405775,0.43488821014579754
29,6,rank,11,1,0.7,0.1,5000,800,1576.6497240801746,0.31532994481603493,0.2865987015891418
29,7,rank,10,2,0.7,0.1,5000,800,1540.3199146531429,0.3080639829306286,0.27762103651858505
29,8,rank,8,1,0.7,0.1,5000,800,154.11864452082452,0.030823728904164904,0.018995144762322103
29,9,rank,7,1,0.7,0.1,5000,800,1439.6524929688323,0.28793049859376646,0.24538096211119845
29,10,rank,6,2,0.7,0.1,5000,800,207.44630853729439,0.041489261707458876,0.022414948505639246
29,11,rank,4,0,0.7,0.1,5000,800,5000.000000000002,1.0000000000000004,1.0
30,1,rank,15,0,0.7,0.1,5000,800,5000.000000000002,1.0000000000000004,1.0
30,2,rank,15,1,0.7,0.1,5000,800,2651.331226286868,0.5302662452573736,0.5078115216678105
30,3,rank,14,1,0.7,0.1,5000,800,2.814956283994501,0.0005629912567989002,3.2082576552837832e-06
30,4,rank,13,2,0.7,0.1,5000,800,2169.335831548733,0.4338671663097466,0.4040503176721857
30,5,rank,11,1,0.7,0.1,5000,800,4.327527426513827,0.0008655054853027653,3.0206536595029315e-09
30,6,rank,10,1,0.7,0.1,5000,800,3283.653968856474,0.6567307937712948,0.6251158937995499
30,7,rank,9,1,0.7,0.1,5000,800,3792.4633829590425,0.7584926765918085,0.7219713574302034
30,8,rank,8,2,0.7,0.1,5000,800,1473.0646883143709,0.29461293766287416,0.2564015126051736
30,9,rank,6,2,0.7,0.1,5000,800,139.29774185551372,0.027859548371102744,0.0016735372607572668
30,10,rank,4,0,0.7,0.1,5000,800,5000.000000000002,1.0000000000000004,1.0
31,1,rank,16,1,0.7,0.1,5000,800,1623.2683133479588,0.3246536626695918,0.3047824724010978
31,2,rank,15,1,0.7,0.1,5000,800,1605.2507932526119,0.3210501586505224,0.2993122716924662
31,3,rank,14,1,0.7,0.1,5000,800,1597.590378422873,0.31951807568457463,0.2974367659692352
31,4,rank,13,1,0.7,0.1,5000,800,2829.355950565917,0.5658711901131833,0.5400922364549364
31,5,rank,12,2,0.7,0.1,5000,800,6.185689851339778,0.0012371379702679557,7.25467899767246e-14
31,6,rank,10,1,0.7,0.1,5000,800,1810.901089196604,0.3621802178393208,0.33014254715340974
31,7,rank,9,1,0.7,0.1,5000,800,1619.895365653654,0.32397907313073077,0.29138527875573367
31,8,rank,8,2,0.7,0.1,5000,800,3576.704228433938,0.7153408456867877,0.6656213910800785
31,9,rank,6,2,0.7,0.1,5000,800,4290.494838577625,0.8580989677155251,0.8086284020978372
31,10,rank,4,0,0.7,0.1,5000,800,5000.000000000002,1.0000000000000004,1.0
32,1,rank,14,1,0.7,0.1,5000,800,1674.8439367516062,0.33496878735032126,0.3254025257451581
32,2,rank,13,1,0.7,0.1,5000,800,38.87102857542041,0.007774205715084082,0.005638886716193873
32,3,rank,12,1,0.7,0.1,5000,800,2933.146316448489,0.5866292632896978,0.5572434279543187
32,4,rank,11,1,0.7,0.1,5000,800,21.472470600516324,0.004294494120103264,0.0025067186651327187
32,5,rank,10,1,0.7,0.1,5000,800,581.6276594905659,0.11632553189811318,0.0982606800082324
32,6,rank,9,1,0.7,0.1,5000,800,75.29404032190497,0.015058808064380995,0.0081590332298396
32,7,rank,8,1,0.7,0.1,5000,800,34.43885719838265,0.0068877714396765296,3.683420579165312e-09
32,8,rank,7,1,0.7,0.1,5000,800,311.0218908380454,0.062204378167609084,0.04047205575308027
32,9,rank,6,1,0.7,0.1,5000,800,4056.129381681335,0.811225876336267,0.7632933034590029
32,10,rank,5,0,0.7,0.1,5000,800,5000.000000000002,1.0000000000000004,1.0
32,11,rank,5,0,0.7,0.1,5000,800,5000.000000000002,1.0000000000000004,1.0
33,1,rank,13,0,0.7,0.1,5000,800,5000.000000000002,1.0000000000000004,1.0
33,2,rank,13,2,0.7,0.1,5000,800,93.02556481186112,0.018605112962372224,0.014287321183706212
33,3,rank,11,2,0.7,0.1,5000,800,2559.199524114845,0.511839904822969,0.47477365434012647
33,4,rank,9,1,0.7,0.1,5000,800,188.87774163940338,0.03777554832788067,0.026125007678711024
33,5,rank,8,1,0.7,0.1,5000,800,1766.895914009331,0.3533791828018662,0.3406579550121858
33,6,rank,7,1,0.7,0.1,5000,800,66.98788764987171,0.013397577529974341,1.3484667546410847e-05
33,7,rank,6,1,0.7,0.1,5000,800,3999.7238812364812,0.7999447762472962,0.751968825009455
33,8,rank,5,0,0.7,0.1,5000,800,5000.000000000002,1.0000000000000004,1.0
33,9,rank,5,0,0.7,0.1,5000,800,5000.000000000002,1.0000000000000004,1.0
34,1,rank,14,0,0.7,0.1,5000,800,5000.000000000002,1.0000000000000004,1.0
34,2,rank,14,2,0.7,0.1,5000,800,852.7412507998769,0.17054825015997538,0.15636797644801764
34,3,rank,12,1,0.7,0.1,5000,800,2197.15508182432,0.439431016364864,0.42375003695585367
34,4,rank,11,1,0.7,0.1,5000,800,4.701028323487922,0.0009402056646975844,2.588930063102838e-06
34,5,rank,10,0,0.7,0.1,5000,800,5000.000000000002,1.0000000000000004,1.0
34,6,rank,10,1,0.7,0.1,5000,800,1679.0554974491681,0.3358110994898336,0.3041714909246971
34,7,rank,9,1,0.7,0.1,5000,800,464.4024020843911,0.09288048041687821,0.07401011292084227
34,8,rank,8,1,0.7,0.1,5000,800,1517.3686661049294,0.30347373322098586,0.26626532898929506
34,9,rank,7,1,0.7,0.1,5000,800,3786.4367458385946,0.7572873491677189,0.7122139525095333
34,10,rank,6,1,0.7,0.1,5000,800,154.98018070720323,0.030996036141440645,1.5960021324494742e-06
34,11,rank,5,0,0.7,0.1,5000,800,5000.000000000002,1.0000000000000004,1.0
