season,mechanism,alpha,n_sims,n_finalists,top_judge_final,champion_mode,champion_mode_prob,champion_entropy,tpi_season_avg,fan_vs_uniform_contrast,robust_fail_rate,outlier_mult
1,percent,0.4,50,2,Kelly Monaco,John O'Hurley,0.5,0.8602577536666367,0.702761111111111,0.54,0.64,2.0
1,percent,0.4,50,2,Kelly Monaco,John O'Hurley,0.5,0.8602577536666367,0.702761111111111,0.54,0.64,5.0
1,percent,0.4,50,2,Kelly Monaco,John O'Hurley,0.5,0.8602577536666367,0.702761111111111,0.54,0.64,10.0
1,rank,0.4,50,2,Kelly Monaco,Kelly Monaco,0.52,0.8300282389569186,0.6969444444444443,0.48,0.66,2.0
1,rank,0.4,50,2,Kelly Monaco,Kelly Monaco,0.52,0.8300282389569186,0.6969444444444443,0.48,0.7,5.0
1,rank,0.4,50,2,Kelly Monaco,Kelly Monaco,0.52,0.8300282389569186,0.6969444444444443,0.48,0.76,10.0
1,percent_judge_save,0.4,50,2,Kelly Monaco,Kelly Monaco,0.56,0.8199696830860377,0.688722222222222,0.44,0.4,2.0
1,percent_judge_save,0.4,50,2,Kelly Monaco,Kelly Monaco,0.56,0.8199696830860377,0.688722222222222,0.44,0.46,5.0
1,percent_judge_save,0.4,50,2,Kelly Monaco,Kelly Monaco,0.56,0.8199696830860377,0.688722222222222,0.44,0.48,10.0
1,percent_sqrt,0.4,50,2,Kelly Monaco,John O'Hurley,0.54,0.8535716739419706,0.7109833333333332,0.58,0.62,2.0
1,percent_sqrt,0.4,50,2,Kelly Monaco,John O'Hurley,0.54,0.8535716739419706,0.7109833333333332,0.58,0.64,5.0
1,percent_sqrt,0.4,50,2,Kelly Monaco,John O'Hurley,0.54,0.8535716739419706,0.7109833333333332,0.58,0.68,10.0
1,percent_log,0.4,50,2,Kelly Monaco,Kelly Monaco,0.52,0.8577541261793163,0.6904277777777775,0.48,0.56,2.0
1,percent_log,0.4,50,2,Kelly Monaco,Kelly Monaco,0.52,0.8577541261793163,0.6904277777777775,0.48,0.66,5.0
1,percent_log,0.4,50,2,Kelly Monaco,Kelly Monaco,0.52,0.8577541261793163,0.6904277777777775,0.48,0.74,10.0
1,percent_cap,0.4,50,2,Kelly Monaco,John O'Hurley,0.5,0.8602577536666367,0.702761111111111,0.54,0.62,2.0
1,percent_cap,0.4,50,2,Kelly Monaco,John O'Hurley,0.5,0.8602577536666367,0.702761111111111,0.54,0.62,5.0
1,percent_cap,0.4,50,2,Kelly Monaco,John O'Hurley,0.5,0.8602577536666367,0.702761111111111,0.54,0.66,10.0
1,dynamic_weight,0.4,50,2,Kelly Monaco,Kelly Monaco,0.48,0.8610913282941182,0.69865,0.52,0.58,2.0
1,dynamic_weight,0.4,50,2,Kelly Monaco,Kelly Monaco,0.48,0.8610913282941182,0.69865,0.52,0.58,5.0
1,dynamic_weight,0.4,50,2,Kelly Monaco,Kelly Monaco,0.48,0.8610913282941182,0.69865,0.52,0.58,10.0
2,percent,0.4,50,3,Drew Lachey,Stacy Keibler,0.38,1.0778717853125312,0.8077936507936507,0.62,0.74,2.0
2,percent,0.4,50,3,Drew Lachey,Stacy Keibler,0.38,1.0778717853125312,0.8077936507936507,0.62,0.88,5.0
2,percent,0.4,50,3,Drew Lachey,Stacy Keibler,0.38,1.0778717853125312,0.8077936507936507,0.62,0.84,10.0
2,rank,0.4,50,3,Drew Lachey,Drew Lachey,0.5,0.8766096761963001,0.9044126984126981,0.5,0.56,2.0
2,rank,0.4,50,3,Drew Lachey,Drew Lachey,0.5,0.8766096761963001,0.9044126984126981,0.5,0.64,5.0
2,rank,0.4,50,3,Drew Lachey,Drew Lachey,0.5,0.8766096761963001,0.9044126984126981,0.5,0.66,10.0
2,percent_judge_save,0.4,50,3,Drew Lachey,Drew Lachey,0.5,0.9433483923290392,0.8846031746031745,0.5,0.7,2.0
2,percent_judge_save,0.4,50,3,Drew Lachey,Drew Lachey,0.5,0.9433483923290392,0.8846031746031745,0.5,0.8,5.0
2,percent_judge_save,0.4,50,3,Drew Lachey,Drew Lachey,0.5,0.9433483923290392,0.8846031746031745,0.5,0.96,10.0
2,percent_sqrt,0.4,50,3,Drew Lachey,Drew Lachey,0.4,1.0835507260874366,0.7991349206349204,0.6,0.68,2.0
2,percent_sqrt,0.4,50,3,Drew Lachey,Drew Lachey,0.4,1.0835507260874366,0.7991349206349204,0.6,0.9,5.0
2,percent_sqrt,0.4,50,3,Drew Lachey,Drew Lachey,0.4,1.0835507260874366,0.7991349206349204,0.6,0.86,10.0
2,percent_log,0.4,50,3,Drew Lachey,Jerry Rice,0.4,1.1951747117893967,0.7126995464852607,0.66,0.8,2.0
2,percent_log,0.4,50,3,Drew Lachey,Jerry Rice,0.4,1.1951747117893967,0.7126995464852607,0.66,0.8,5.0
2,percent_log,0.4,50,3,Drew Lachey,Jerry Rice,0.4,1.1951747117893967,0.7126995464852607,0.66,0.82,10.0
2,percent_cap,0.4,50,3,Drew Lachey,Drew Lachey,0.38,1.1973395132642402,0.8043344671201814,0.62,0.74,2.0
2,percent_cap,0.4,50,3,Drew Lachey,Drew Lachey,0.38,1.1973395132642402,0.8043344671201814,0.62,0.9,5.0
2,percent_cap,0.4,50,3,Drew Lachey,Drew Lachey,0.38,1.1973395132642402,0.8043344671201814,0.62,0.86,10.0
2,dynamic_weight,0.4,50,3,Drew Lachey,Stacy Keibler,0.46,1.0336614093375984,0.8362619047619048,0.64,0.68,2.0
2,dynamic_weight,0.4,50,3,Drew Lachey,Stacy Keibler,0.46,1.0336614093375984,0.8362619047619048,0.64,0.78,5.0
2,dynamic_weight,0.4,50,3,Drew Lachey,Stacy Keibler,0.46,1.0336614093375984,0.8362619047619048,0.64,0.84,10.0
3,percent,0.4,50,2,Emmitt Smith,Emmitt Smith,0.5,0.9961597819278101,0.8112972368240225,0.58,0.32,2.0
3,percent,0.4,50,2,Emmitt Smith,Emmitt Smith,0.5,0.9961597819278101,0.8112972368240225,0.58,0.32,5.0
3,percent,0.4,50,2,Emmitt Smith,Emmitt Smith,0.5,0.9961597819278101,0.8112972368240225,0.58,0.34,10.0
3,rank,0.4,50,2,Emmitt Smith,Mario Lopez,0.6,0.8802861522293415,0.8326204785954785,0.4,0.52,2.0
3,rank,0.4,50,2,Emmitt Smith,Mario Lopez,0.6,0.8802861522293415,0.8326204785954785,0.4,0.5,5.0
3,rank,0.4,50,2,Emmitt Smith,Mario Lopez,0.6,0.8802861522293415,0.8326204785954785,0.4,0.4,10.0
3,percent_judge_save,0.4,50,2,Emmitt Smith,Mario Lopez,0.52,0.9880224446841368,0.8280108285233285,0.48,0.64,2.0
3,percent_judge_save,0.4,50,2,Emmitt Smith,Mario Lopez,0.52,0.9880224446841368,0.8280108285233285,0.48,0.56,5.0
3,percent_judge_save,0.4,50,2,Emmitt Smith,Mario Lopez,0.52,0.9880224446841368,0.8280108285233285,0.48,0.5,10.0
3,percent_sqrt,0.4,50,2,Emmitt Smith,Emmitt Smith,0.48,0.9165039403113254,0.8256001743626743,0.54,0.38,2.0
3,percent_sqrt,0.4,50,2,Emmitt Smith,Emmitt Smith,0.48,0.9165039403113254,0.8256001743626743,0.54,0.38,5.0
3,percent_sqrt,0.4,50,2,Emmitt Smith,Emmitt Smith,0.48,0.9165039403113254,0.8256001743626743,0.54,0.38,10.0
3,percent_log,0.4,50,2,Emmitt Smith,Emmitt Smith,0.52,1.1642290912058586,0.7833977083762798,0.68,0.46,2.0
3,percent_log,0.4,50,2,Emmitt Smith,Emmitt Smith,0.52,1.1642290912058586,0.7833977083762798,0.68,0.4,5.0
3,percent_log,0.4,50,2,Emmitt Smith,Emmitt Smith,0.52,1.1642290912058586,0.7833977083762798,0.68,0.4,10.0
3,percent_cap,0.4,50,2,Emmitt Smith,Emmitt Smith,0.5,0.9961597819278101,0.8112972368240224,0.58,0.3,2.0
3,percent_cap,0.4,50,2,Emmitt Smith,Emmitt Smith,0.5,0.9961597819278101,0.8112972368240224,0.58,0.36,5.0
3,percent_cap,0.4,50,2,Emmitt Smith,Emmitt Smith,0.5,0.9961597819278101,0.8112972368240224,0.58,0.38,10.0
3,dynamic_weight,0.4,50,2,Emmitt Smith,Emmitt Smith,0.5,0.9148005262939889,0.8242572450697448,0.56,0.3,2.0
3,dynamic_weight,0.4,50,2,Emmitt Smith,Emmitt Smith,0.5,0.9148005262939889,0.8242572450697448,0.56,0.28,5.0
3,dynamic_weight,0.4,50,2,Emmitt Smith,Emmitt Smith,0.5,0.9148005262939889,0.8242572450697448,0.56,0.44,10.0
4,percent,0.4,50,3,Apolo Anton Ohno,Apolo Anton Ohno,0.42,1.190832343229539,0.8188302869969536,0.58,0.74,2.0
4,percent,0.4,50,3,Apolo Anton Ohno,Apolo Anton Ohno,0.42,1.190832343229539,0.8188302869969536,0.58,0.8,5.0
4,percent,0.4,50,3,Apolo Anton Ohno,Apolo Anton Ohno,0.42,1.190832343229539,0.8188302869969536,0.58,0.84,10.0
4,rank,0.4,50,3,Apolo Anton Ohno,Joey Fatone,0.44,1.1159300691873484,0.8394249559082892,0.64,0.56,2.0
4,rank,0.4,50,3,Apolo Anton Ohno,Joey Fatone,0.44,1.1159300691873484,0.8394249559082892,0.64,0.62,5.0
4,rank,0.4,50,3,Apolo Anton Ohno,Joey Fatone,0.44,1.1159300691873484,0.8394249559082892,0.64,0.68,10.0
4,percent_judge_save,0.4,50,3,Apolo Anton Ohno,Joey Fatone,0.42,1.0652527887260477,0.84025101010101,0.64,0.82,2.0
4,percent_judge_save,0.4,50,3,Apolo Anton Ohno,Joey Fatone,0.42,1.0652527887260477,0.84025101010101,0.64,0.92,5.0
4,percent_judge_save,0.4,50,3,Apolo Anton Ohno,Joey Fatone,0.42,1.0652527887260477,0.84025101010101,0.64,0.98,10.0
4,percent_sqrt,0.4,50,3,Apolo Anton Ohno,Apolo Anton Ohno,0.36,1.218933164701803,0.822980431297098,0.64,0.74,2.0
4,percent_sqrt,0.4,50,3,Apolo Anton Ohno,Apolo Anton Ohno,0.36,1.218933164701803,0.822980431297098,0.64,0.68,5.0
4,percent_sqrt,0.4,50,3,Apolo Anton Ohno,Apolo Anton Ohno,0.36,1.218933164701803,0.822980431297098,0.64,0.8,10.0
4,percent_log,0.4,50,3,Apolo Anton Ohno,Apolo Anton Ohno,0.36,1.2924121727401936,0.8119679132595798,0.64,0.66,2.0
4,percent_log,0.4,50,3,Apolo Anton Ohno,Apolo Anton Ohno,0.36,1.2924121727401936,0.8119679132595798,0.64,0.62,5.0
4,percent_log,0.4,50,3,Apolo Anton Ohno,Apolo Anton Ohno,0.36,1.2924121727401936,0.8119679132595798,0.64,0.7,10.0
4,percent_cap,0.4,50,3,Apolo Anton Ohno,Apolo Anton Ohno,0.4,1.2023982217183018,0.8195628988295656,0.6,0.74,2.0
4,percent_cap,0.4,50,3,Apolo Anton Ohno,Apolo Anton Ohno,0.4,1.2023982217183018,0.8195628988295656,0.6,0.74,5.0
4,percent_cap,0.4,50,3,Apolo Anton Ohno,Apolo Anton Ohno,0.4,1.2023982217183018,0.8195628988295656,0.6,0.86,10.0
4,dynamic_weight,0.4,50,3,Apolo Anton Ohno,Laila Ali,0.4,1.1343262653244932,0.8172169472502805,0.62,0.76,2.0
4,dynamic_weight,0.4,50,3,Apolo Anton Ohno,Laila Ali,0.4,1.1343262653244932,0.8172169472502805,0.62,0.84,5.0
4,dynamic_weight,0.4,50,3,Apolo Anton Ohno,Laila Ali,0.4,1.1343262653244932,0.8172169472502805,0.62,0.86,10.0
5,percent,0.4,50,3,Mel B,Mel B,0.42,1.2668750635447312,0.7785730599647266,0.58,0.84,2.0
5,percent,0.4,50,3,Mel B,Mel B,0.42,1.2668750635447312,0.7785730599647266,0.58,0.82,5.0
5,percent,0.4,50,3,Mel B,Mel B,0.42,1.2668750635447312,0.7785730599647266,0.58,0.84,10.0
5,rank,0.4,50,3,Mel B,Mel B,0.58,0.947627950875975,0.8036919191919192,0.42,0.36,2.0
5,rank,0.4,50,3,Mel B,Mel B,0.58,0.947627950875975,0.8036919191919192,0.42,0.5,5.0
5,rank,0.4,50,3,Mel B,Mel B,0.58,0.947627950875975,0.8036919191919192,0.42,0.4,10.0
5,percent_judge_save,0.4,50,3,Mel B,Mel B,0.5,0.9433483923290391,0.8079105339105338,0.5,0.6,2.0
5,percent_judge_save,0.4,50,3,Mel B,Mel B,0.5,0.9433483923290391,0.8079105339105338,0.5,0.56,5.0
5,percent_judge_save,0.4,50,3,Mel B,Mel B,0.5,0.9433483923290391,0.8079105339105338,0.5,0.62,10.0
5,percent_sqrt,0.4,50,3,Mel B,Mel B,0.46,1.2912105603598458,0.7756037037037038,0.54,0.82,2.0
5,percent_sqrt,0.4,50,3,Mel B,Mel B,0.46,1.2912105603598458,0.7756037037037038,0.54,0.76,5.0
5,percent_sqrt,0.4,50,3,Mel B,Mel B,0.46,1.2912105603598458,0.7756037037037038,0.54,0.78,10.0
5,percent_log,0.4,50,3,Mel B,Mel B,0.4,1.3229646733203617,0.7406491021324355,0.6,0.86,2.0
5,percent_log,0.4,50,3,Mel B,Mel B,0.4,1.3229646733203617,0.7406491021324355,0.6,0.76,5.0
5,percent_log,0.4,50,3,Mel B,Mel B,0.4,1.3229646733203617,0.7406491021324355,0.6,0.82,10.0
5,percent_cap,0.4,50,3,Mel B,Mel B,0.46,1.2739496360127391,0.7764637526054193,0.54,0.86,2.0
5,percent_cap,0.4,50,3,Mel B,Mel B,0.46,1.2739496360127391,0.7764637526054193,0.54,0.8,5.0
5,percent_cap,0.4,50,3,Mel B,Mel B,0.46,1.2739496360127391,0.7764637526054193,0.54,0.8,10.0
5,dynamic_weight,0.4,50,3,Mel B,Mel B,0.52,1.115890832565873,0.8071346360429693,0.48,0.82,2.0
5,dynamic_weight,0.4,50,3,Mel B,Mel B,0.52,1.115890832565873,0.8071346360429693,0.48,0.8,5.0
5,dynamic_weight,0.4,50,3,Mel B,Mel B,0.52,1.115890832565873,0.8071346360429693,0.48,0.86,10.0
6,percent,0.4,50,3,Kristi Yamaguchi,Cristian de la Fuente,0.38,1.2334660604166652,0.7491087081128748,0.66,0.76,2.0
6,percent,0.4,50,3,Kristi Yamaguchi,Cristian de la Fuente,0.38,1.2334660604166652,0.7491087081128748,0.66,0.72,5.0
6,percent,0.4,50,3,Kristi Yamaguchi,Cristian de la Fuente,0.38,1.2334660604166652,0.7491087081128748,0.66,0.8,10.0
6,rank,0.4,50,3,Kristi Yamaguchi,Kristi Yamaguchi,0.52,1.0833763294441834,0.8186763668430334,0.48,0.34,2.0
6,rank,0.4,50,3,Kristi Yamaguchi,Kristi Yamaguchi,0.52,1.0833763294441834,0.8186763668430334,0.48,0.44,5.0
6,rank,0.4,50,3,Kristi Yamaguchi,Kristi Yamaguchi,0.52,1.0833763294441834,0.8186763668430334,0.48,0.46,10.0
6,percent_judge_save,0.4,50,3,Kristi Yamaguchi,Kristi Yamaguchi,0.52,1.0183597347658937,0.8217190476190476,0.48,0.48,2.0
6,percent_judge_save,0.4,50,3,Kristi Yamaguchi,Kristi Yamaguchi,0.52,1.0183597347658937,0.8217190476190476,0.48,0.56,5.0
6,percent_judge_save,0.4,50,3,Kristi Yamaguchi,Kristi Yamaguchi,0.52,1.0183597347658937,0.8217190476190476,0.48,0.48,10.0
6,percent_sqrt,0.4,50,3,Kristi Yamaguchi,Kristi Yamaguchi,0.38,1.2493473514402673,0.760757671957672,0.62,0.78,2.0
6,percent_sqrt,0.4,50,3,Kristi Yamaguchi,Kristi Yamaguchi,0.38,1.2493473514402673,0.760757671957672,0.62,0.72,5.0
6,percent_sqrt,0.4,50,3,Kristi Yamaguchi,Kristi Yamaguchi,0.38,1.2493473514402673,0.760757671957672,0.62,0.68,10.0
6,percent_log,0.4,50,3,Kristi Yamaguchi,Cristian de la Fuente,0.32,1.3722386064276921,0.7425378464348702,0.7,0.76,2.0
6,percent_log,0.4,50,3,Kristi Yamaguchi,Cristian de la Fuente,0.32,1.3722386064276921,0.7425378464348702,0.7,0.72,5.0
6,percent_log,0.4,50,3,Kristi Yamaguchi,Cristian de la Fuente,0.32,1.3722386064276921,0.7425378464348702,0.7,0.7,10.0
6,percent_cap,0.4,50,3,Kristi Yamaguchi,Kristi Yamaguchi,0.36,1.2453247291765244,0.7616706128747797,0.64,0.78,2.0
6,percent_cap,0.4,50,3,Kristi Yamaguchi,Kristi Yamaguchi,0.36,1.2453247291765244,0.7616706128747797,0.64,0.78,5.0
6,percent_cap,0.4,50,3,Kristi Yamaguchi,Kristi Yamaguchi,0.36,1.2453247291765244,0.7616706128747797,0.64,0.78,10.0
6,dynamic_weight,0.4,50,3,Kristi Yamaguchi,Kristi Yamaguchi,0.42,1.1540216883136458,0.7790739858906528,0.58,0.7,2.0
6,dynamic_weight,0.4,50,3,Kristi Yamaguchi,Kristi Yamaguchi,0.42,1.1540216883136458,0.7790739858906528,0.58,0.76,5.0
6,dynamic_weight,0.4,50,3,Kristi Yamaguchi,Kristi Yamaguchi,0.42,1.1540216883136458,0.7790739858906528,0.58,0.76,10.0
7,percent,0.4,50,3,Brooke Burke,Brooke Burke,0.36,1.0957815752757503,0.805044105894106,0.64,0.64,2.0
7,percent,0.4,50,3,Brooke Burke,Brooke Burke,0.36,1.0957815752757503,0.805044105894106,0.64,0.8,5.0
7,percent,0.4,50,3,Brooke Burke,Brooke Burke,0.36,1.0957815752757503,0.805044105894106,0.64,0.9,10.0
7,rank,0.4,50,3,Brooke Burke,Brooke Burke,0.78,0.7161007632591914,0.9047318601151936,0.22,0.36,2.0
7,rank,0.4,50,3,Brooke Burke,Brooke Burke,0.78,0.7161007632591914,0.9047318601151936,0.22,0.36,5.0
7,rank,0.4,50,3,Brooke Burke,Brooke Burke,0.78,0.7161007632591914,0.9047318601151936,0.22,0.32,10.0
7,percent_judge_save,0.4,50,3,Brooke Burke,Brooke Burke,0.5,1.0393206641049262,0.838317576867577,0.5,0.5,2.0
7,percent_judge_save,0.4,50,3,Brooke Burke,Brooke Burke,0.5,1.0393206641049262,0.838317576867577,0.5,0.7,5.0
7,percent_judge_save,0.4,50,3,Brooke Burke,Brooke Burke,0.5,1.0393206641049262,0.838317576867577,0.5,0.8,10.0
7,percent_sqrt,0.4,50,3,Brooke Burke,Lance Bass,0.42,1.1497175945184583,0.7944536209821923,0.68,0.66,2.0
7,percent_sqrt,0.4,50,3,Brooke Burke,Lance Bass,0.42,1.1497175945184583,0.7944536209821923,0.68,0.78,5.0
7,percent_sqrt,0.4,50,3,Brooke Burke,Lance Bass,0.42,1.1497175945184583,0.7944536209821923,0.68,0.8,10.0
7,percent_log,0.4,50,3,Brooke Burke,Brooke Burke,0.38,1.2390209692881693,0.8015522251557967,0.62,0.72,2.0
7,percent_log,0.4,50,3,Brooke Burke,Brooke Burke,0.38,1.2390209692881693,0.8015522251557967,0.62,0.78,5.0
7,percent_log,0.4,50,3,Brooke Burke,Brooke Burke,0.38,1.2390209692881693,0.8015522251557967,0.62,0.74,10.0
7,percent_cap,0.4,50,3,Brooke Burke,Lance Bass,0.4,1.0875656525975472,0.7964932955932956,0.68,0.68,2.0
7,percent_cap,0.4,50,3,Brooke Burke,Lance Bass,0.4,1.0875656525975472,0.7964932955932956,0.68,0.8,5.0
7,percent_cap,0.4,50,3,Brooke Burke,Lance Bass,0.4,1.0875656525975472,0.7964932955932956,0.68,0.86,10.0
7,dynamic_weight,0.4,50,3,Brooke Burke,Brooke Burke,0.36,1.0920192874506351,0.8056524031524032,0.64,0.7,2.0
7,dynamic_weight,0.4,50,3,Brooke Burke,Brooke Burke,0.36,1.0920192874506351,0.8056524031524032,0.64,0.78,5.0
7,dynamic_weight,0.4,50,3,Brooke Burke,Brooke Burke,0.36,1.0920192874506351,0.8056524031524032,0.64,0.84,10.0
8,percent,0.4,50,3,Shawn Johnson,Gilles Marini,0.38,1.1683060726835728,0.8228822450276995,0.7,0.76,2.0
8,percent,0.4,50,3,Shawn Johnson,Gilles Marini,0.38,1.1683060726835728,0.8228822450276995,0.7,0.8,5.0
8,percent,0.4,50,3,Shawn Johnson,Gilles Marini,0.38,1.1683060726835728,0.8228822450276995,0.7,0.8,10.0
8,rank,0.4,50,3,Shawn Johnson,Shawn Johnson,0.48,0.995242933910141,0.8447648260830077,0.52,0.46,2.0
8,rank,0.4,50,3,Shawn Johnson,Shawn Johnson,0.48,0.995242933910141,0.8447648260830077,0.52,0.58,5.0
8,rank,0.4,50,3,Shawn Johnson,Shawn Johnson,0.48,0.995242933910141,0.8447648260830077,0.52,0.72,10.0
8,percent_judge_save,0.4,50,3,Shawn Johnson,Gilles Marini,0.38,1.0934927418975058,0.8314951462678734,0.68,0.82,2.0
8,percent_judge_save,0.4,50,3,Shawn Johnson,Gilles Marini,0.38,1.0934927418975058,0.8314951462678734,0.68,0.9,5.0
8,percent_judge_save,0.4,50,3,Shawn Johnson,Gilles Marini,0.38,1.0934927418975058,0.8314951462678734,0.68,0.96,10.0
8,percent_sqrt,0.4,50,3,Shawn Johnson,Shawn Johnson,0.36,1.171845721138134,0.8198545151817878,0.64,0.74,2.0
8,percent_sqrt,0.4,50,3,Shawn Johnson,Shawn Johnson,0.36,1.171845721138134,0.8198545151817878,0.64,0.82,5.0
8,percent_sqrt,0.4,50,3,Shawn Johnson,Shawn Johnson,0.36,1.171845721138134,0.8198545151817878,0.64,0.84,10.0
8,percent_log,0.4,50,3,Shawn Johnson,Shawn Johnson,0.44,1.178719846439094,0.8052251103554133,0.56,0.78,2.0
8,percent_log,0.4,50,3,Shawn Johnson,Shawn Johnson,0.44,1.178719846439094,0.8052251103554133,0.56,0.76,5.0
8,percent_log,0.4,50,3,Shawn Johnson,Shawn Johnson,0.44,1.178719846439094,0.8052251103554133,0.56,0.76,10.0
8,percent_cap,0.4,50,3,Shawn Johnson,Shawn Johnson,0.4,1.1623789833836142,0.8205039818767089,0.6,0.74,2.0
8,percent_cap,0.4,50,3,Shawn Johnson,Shawn Johnson,0.4,1.1623789833836142,0.8205039818767089,0.6,0.8,5.0
8,percent_cap,0.4,50,3,Shawn Johnson,Shawn Johnson,0.4,1.1623789833836142,0.8205039818767089,0.6,0.82,10.0
8,dynamic_weight,0.4,50,3,Shawn Johnson,Shawn Johnson,0.34,1.173022871139256,0.8208637584637583,0.66,0.78,2.0
8,dynamic_weight,0.4,50,3,Shawn Johnson,Shawn Johnson,0.34,1.173022871139256,0.8208637584637583,0.66,0.8,5.0
8,dynamic_weight,0.4,50,3,Shawn Johnson,Shawn Johnson,0.34,1.173022871139256,0.8208637584637583,0.66,0.86,10.0
9,percent,0.4,50,3,Donny Osmond,Mya,0.38,1.1683060726835728,0.728883895965146,0.62,0.62,2.0
9,percent,0.4,50,3,Donny Osmond,Mya,0.38,1.1683060726835728,0.728883895965146,0.62,0.66,5.0
9,percent,0.4,50,3,Donny Osmond,Mya,0.38,1.1683060726835728,0.728883895965146,0.62,0.72,10.0
9,rank,0.4,50,3,Donny Osmond,Mya,0.56,1.0789483386998908,0.7701533272283272,0.44,0.68,2.0
9,rank,0.4,50,3,Donny Osmond,Mya,0.56,1.0789483386998908,0.7701533272283272,0.44,0.8,5.0
9,rank,0.4,50,3,Donny Osmond,Mya,0.56,1.0789483386998908,0.7701533272283272,0.44,0.9,10.0
9,percent_judge_save,0.4,50,3,Donny Osmond,Mya,0.56,1.0463910001212586,0.7808604062604063,0.44,0.76,2.0
9,percent_judge_save,0.4,50,3,Donny Osmond,Mya,0.56,1.0463910001212586,0.7808604062604063,0.44,0.82,5.0
9,percent_judge_save,0.4,50,3,Donny Osmond,Mya,0.56,1.0463910001212586,0.7808604062604063,0.44,0.88,10.0
9,percent_sqrt,0.4,50,3,Donny Osmond,Mya,0.42,1.2718240284819113,0.7441988081363081,0.58,0.7,2.0
9,percent_sqrt,0.4,50,3,Donny Osmond,Mya,0.42,1.2718240284819113,0.7441988081363081,0.58,0.62,5.0
9,percent_sqrt,0.4,50,3,Donny Osmond,Mya,0.42,1.2718240284819113,0.7441988081363081,0.58,0.68,10.0
9,percent_log,0.4,50,3,Donny Osmond,Mya,0.36,1.4128402139803964,0.7302642659919446,0.64,0.62,2.0
9,percent_log,0.4,50,3,Donny Osmond,Mya,0.36,1.4128402139803964,0.7302642659919446,0.64,0.7,5.0
9,percent_log,0.4,50,3,Donny Osmond,Mya,0.36,1.4128402139803964,0.7302642659919446,0.64,0.74,10.0
9,percent_cap,0.4,50,3,Donny Osmond,Mya,0.38,1.2140591934995655,0.7320091672216672,0.62,0.7,2.0
9,percent_cap,0.4,50,3,Donny Osmond,Mya,0.38,1.2140591934995655,0.7320091672216672,0.62,0.66,5.0
9,percent_cap,0.4,50,3,Donny Osmond,Mya,0.38,1.2140591934995655,0.7320091672216672,0.62,0.66,10.0
9,dynamic_weight,0.4,50,3,Donny Osmond,Mya,0.4,1.15961487194982,0.7397950410700411,0.6,0.7,2.0
9,dynamic_weight,0.4,50,3,Donny Osmond,Mya,0.4,1.15961487194982,0.7397950410700411,0.6,0.62,5.0
9,dynamic_weight,0.4,50,3,Donny Osmond,Mya,0.4,1.15961487194982,0.7397950410700411,0.6,0.74,10.0
10,percent,0.4,50,3,Nicole Scherzinger,Nicole Scherzinger,0.48,0.995242933910141,0.8529855699855698,0.52,0.76,2.0
10,percent,0.4,50,3,Nicole Scherzinger,Nicole Scherzinger,0.48,0.995242933910141,0.8529855699855698,0.52,0.84,5.0
10,percent,0.4,50,3,Nicole Scherzinger,Nicole Scherzinger,0.48,0.995242933910141,0.8529855699855698,0.52,0.92,10.0
10,rank,0.4,50,3,Nicole Scherzinger,Nicole Scherzinger,0.58,0.947627950875975,0.8804671717171718,0.42,0.4,2.0
10,rank,0.4,50,3,Nicole Scherzinger,Nicole Scherzinger,0.58,0.947627950875975,0.8804671717171718,0.42,0.4,5.0
10,rank,0.4,50,3,Nicole Scherzinger,Nicole Scherzinger,0.58,0.947627950875975,0.8804671717171718,0.42,0.34,10.0
10,percent_judge_save,0.4,50,3,Nicole Scherzinger,Nicole Scherzinger,0.48,1.038811757145593,0.8748440115440116,0.52,0.66,2.0
10,percent_judge_save,0.4,50,3,Nicole Scherzinger,Nicole Scherzinger,0.48,1.038811757145593,0.8748440115440116,0.52,0.7,5.0
10,percent_judge_save,0.4,50,3,Nicole Scherzinger,Nicole Scherzinger,0.48,1.038811757145593,0.8748440115440116,0.52,0.7,10.0
10,percent_sqrt,0.4,50,3,Nicole Scherzinger,Nicole Scherzinger,0.48,1.1232927379720126,0.8605828042328042,0.52,0.7,2.0
10,percent_sqrt,0.4,50,3,Nicole Scherzinger,Nicole Scherzinger,0.48,1.1232927379720126,0.8605828042328042,0.52,0.82,5.0
10,percent_sqrt,0.4,50,3,Nicole Scherzinger,Nicole Scherzinger,0.48,1.1232927379720126,0.8605828042328042,0.52,0.84,10.0
10,percent_log,0.4,50,3,Nicole Scherzinger,Nicole Scherzinger,0.38,1.3127932882259725,0.7985369889369889,0.62,0.7,2.0
10,percent_log,0.4,50,3,Nicole Scherzinger,Nicole Scherzinger,0.38,1.3127932882259725,0.7985369889369889,0.62,0.82,5.0
10,percent_log,0.4,50,3,Nicole Scherzinger,Nicole Scherzinger,0.38,1.3127932882259725,0.7985369889369889,0.62,0.84,10.0
10,percent_cap,0.4,50,3,Nicole Scherzinger,Nicole Scherzinger,0.48,0.995242933910141,0.8529855699855698,0.52,0.76,2.0
10,percent_cap,0.4,50,3,Nicole Scherzinger,Nicole Scherzinger,0.48,0.995242933910141,0.8529855699855698,0.52,0.86,5.0
10,percent_cap,0.4,50,3,Nicole Scherzinger,Nicole Scherzinger,0.48,0.995242933910141,0.8529855699855698,0.52,0.92,10.0
10,dynamic_weight,0.4,50,3,Nicole Scherzinger,Nicole Scherzinger,0.48,1.0133126873497391,0.8554142857142858,0.52,0.72,2.0
10,dynamic_weight,0.4,50,3,Nicole Scherzinger,Nicole Scherzinger,0.48,1.0133126873497391,0.8554142857142858,0.52,0.8,5.0
10,dynamic_weight,0.4,50,3,Nicole Scherzinger,Nicole Scherzinger,0.48,1.0133126873497391,0.8554142857142858,0.52,0.92,10.0
11,percent,0.4,50,3,Jennifer Grey,Kyle Massey,0.4,1.3298944681874862,0.6652429252845922,0.7,0.8,2.0
11,percent,0.4,50,3,Jennifer Grey,Kyle Massey,0.4,1.3298944681874862,0.6652429252845922,0.7,0.72,5.0
11,percent,0.4,50,3,Jennifer Grey,Kyle Massey,0.4,1.3298944681874862,0.6652429252845922,0.7,0.8,10.0
11,rank,0.4,50,3,Jennifer Grey,Jennifer Grey,0.54,0.930793473699779,0.8063512666346,0.46,0.4,2.0
11,rank,0.4,50,3,Jennifer Grey,Jennifer Grey,0.54,0.930793473699779,0.8063512666346,0.46,0.46,5.0
11,rank,0.4,50,3,Jennifer Grey,Jennifer Grey,0.54,0.930793473699779,0.8063512666346,0.46,0.52,10.0
11,percent_judge_save,0.4,50,3,Jennifer Grey,Jennifer Grey,0.7,0.8691197192442629,0.8323928090428092,0.3,0.46,2.0
11,percent_judge_save,0.4,50,3,Jennifer Grey,Jennifer Grey,0.7,0.8691197192442629,0.8323928090428092,0.3,0.58,5.0
11,percent_judge_save,0.4,50,3,Jennifer Grey,Jennifer Grey,0.7,0.8691197192442629,0.8323928090428092,0.3,0.56,10.0
11,percent_sqrt,0.4,50,3,Jennifer Grey,Kyle Massey,0.42,1.139613021433104,0.7109432619849287,0.58,0.78,2.0
11,percent_sqrt,0.4,50,3,Jennifer Grey,Kyle Massey,0.42,1.139613021433104,0.7109432619849287,0.58,0.72,5.0
11,percent_sqrt,0.4,50,3,Jennifer Grey,Kyle Massey,0.42,1.139613021433104,0.7109432619849287,0.58,0.84,10.0
11,percent_log,0.4,50,3,Jennifer Grey,Jennifer Grey,0.38,1.3595874208902288,0.6622819218259696,0.62,0.74,2.0
11,percent_log,0.4,50,3,Jennifer Grey,Jennifer Grey,0.38,1.3595874208902288,0.6622819218259696,0.62,0.74,5.0
11,percent_log,0.4,50,3,Jennifer Grey,Jennifer Grey,0.38,1.3595874208902288,0.6622819218259696,0.62,0.84,10.0
11,percent_cap,0.4,50,3,Jennifer Grey,Jennifer Grey,0.4,1.2898652934065953,0.7139801547218215,0.6,0.74,2.0
11,percent_cap,0.4,50,3,Jennifer Grey,Jennifer Grey,0.4,1.2898652934065953,0.7139801547218215,0.6,0.68,5.0
11,percent_cap,0.4,50,3,Jennifer Grey,Jennifer Grey,0.4,1.2898652934065953,0.7139801547218215,0.6,0.8,10.0
11,dynamic_weight,0.4,50,3,Jennifer Grey,Kyle Massey,0.4,1.2564991257354718,0.7028382996632999,0.62,0.74,2.0
11,dynamic_weight,0.4,50,3,Jennifer Grey,Kyle Massey,0.4,1.2564991257354718,0.7028382996632999,0.62,0.74,5.0
11,dynamic_weight,0.4,50,3,Jennifer Grey,Kyle Massey,0.4,1.2564991257354718,0.7028382996632999,0.62,0.76,10.0
12,percent,0.4,50,3,Chelsea Kane,Chelsea Kane,0.38,1.1562247645531594,0.7909494047619048,0.62,0.62,2.0
12,percent,0.4,50,3,Chelsea Kane,Chelsea Kane,0.38,1.1562247645531594,0.7909494047619048,0.62,0.76,5.0
12,percent,0.4,50,3,Chelsea Kane,Chelsea Kane,0.38,1.1562247645531594,0.7909494047619048,0.62,0.72,10.0
12,rank,0.4,50,3,Chelsea Kane,Hines Ward,0.58,0.6802920001921535,0.8821432178932178,0.58,0.44,2.0
12,rank,0.4,50,3,Chelsea Kane,Hines Ward,0.58,0.6802920001921535,0.8821432178932178,0.58,0.24,5.0
12,rank,0.4,50,3,Chelsea Kane,Hines Ward,0.58,0.6802920001921535,0.8821432178932178,0.58,0.22,10.0
12,percent_judge_save,0.4,50,3,Chelsea Kane,Chelsea Kane,0.38,1.0857155275622798,0.7885547619047618,0.62,0.72,2.0
12,percent_judge_save,0.4,50,3,Chelsea Kane,Chelsea Kane,0.38,1.0857155275622798,0.7885547619047618,0.62,0.64,5.0
12,percent_judge_save,0.4,50,3,Chelsea Kane,Chelsea Kane,0.38,1.0857155275622798,0.7885547619047618,0.62,0.56,10.0
12,percent_sqrt,0.4,50,3,Chelsea Kane,Chelsea Kane,0.34,1.2490870170016395,0.7570362574154239,0.66,0.7,2.0
12,percent_sqrt,0.4,50,3,Chelsea Kane,Chelsea Kane,0.34,1.2490870170016395,0.7570362574154239,0.66,0.82,5.0
12,percent_sqrt,0.4,50,3,Chelsea Kane,Chelsea Kane,0.34,1.2490870170016395,0.7570362574154239,0.66,0.76,10.0
12,percent_log,0.4,50,3,Chelsea Kane,Kirstie Alley,0.34,1.3819637919733505,0.7281621673080007,0.74,0.72,2.0
12,percent_log,0.4,50,3,Chelsea Kane,Kirstie Alley,0.34,1.3819637919733505,0.7281621673080007,0.74,0.78,5.0
12,percent_log,0.4,50,3,Chelsea Kane,Kirstie Alley,0.34,1.3819637919733505,0.7281621673080007,0.74,0.74,10.0
12,percent_cap,0.4,50,3,Chelsea Kane,Chelsea Kane,0.4,1.2419904734541913,0.7730979256854256,0.6,0.6,2.0
12,percent_cap,0.4,50,3,Chelsea Kane,Chelsea Kane,0.4,1.2419904734541913,0.7730979256854256,0.6,0.74,5.0
12,percent_cap,0.4,50,3,Chelsea Kane,Chelsea Kane,0.4,1.2419904734541913,0.7730979256854256,0.6,0.7,10.0
12,dynamic_weight,0.4,50,3,Chelsea Kane,Chelsea Kane,0.38,1.2390209692881693,0.7775352473144139,0.62,0.62,2.0
12,dynamic_weight,0.4,50,3,Chelsea Kane,Chelsea Kane,0.38,1.2390209692881693,0.7775352473144139,0.62,0.64,5.0
12,dynamic_weight,0.4,50,3,Chelsea Kane,Chelsea Kane,0.38,1.2390209692881693,0.7775352473144139,0.62,0.64,10.0
13,percent,0.4,50,3,Rob Kardashian,Rob Kardashian,0.4,1.2772115525043688,0.7604805816097482,0.6,0.74,2.0
13,percent,0.4,50,3,Rob Kardashian,Rob Kardashian,0.4,1.2772115525043688,0.7604805816097482,0.6,0.64,5.0
13,percent,0.4,50,3,Rob Kardashian,Rob Kardashian,0.4,1.2772115525043688,0.7604805816097482,0.6,0.74,10.0
13,rank,0.4,50,3,Rob Kardashian,Rob Kardashian,0.54,0.9539674244993283,0.7582246753246753,0.46,0.54,2.0
13,rank,0.4,50,3,Rob Kardashian,Rob Kardashian,0.54,0.9539674244993283,0.7582246753246753,0.46,0.66,5.0
13,rank,0.4,50,3,Rob Kardashian,Rob Kardashian,0.54,0.9539674244993283,0.7582246753246753,0.46,0.7,10.0
13,percent_judge_save,0.4,50,3,Rob Kardashian,Ricki Lake,0.48,1.0133126873497391,0.7879447330447331,0.64,0.82,2.0
13,percent_judge_save,0.4,50,3,Rob Kardashian,Ricki Lake,0.48,1.0133126873497391,0.7879447330447331,0.64,0.98,5.0
13,percent_judge_save,0.4,50,3,Rob Kardashian,Ricki Lake,0.48,1.0133126873497391,0.7879447330447331,0.64,0.92,10.0
13,percent_sqrt,0.4,50,3,Rob Kardashian,Ricki Lake,0.34,1.2213611297792417,0.7852756934423601,0.7,0.74,2.0
13,percent_sqrt,0.4,50,3,Rob Kardashian,Ricki Lake,0.34,1.2213611297792417,0.7852756934423601,0.7,0.68,5.0
13,percent_sqrt,0.4,50,3,Rob Kardashian,Ricki Lake,0.34,1.2213611297792417,0.7852756934423601,0.7,0.68,10.0
13,percent_log,0.4,50,3,Rob Kardashian,Ricki Lake,0.38,1.1973395132642402,0.7981653038319705,0.78,0.66,2.0
13,percent_log,0.4,50,3,Rob Kardashian,Ricki Lake,0.38,1.1973395132642402,0.7981653038319705,0.78,0.64,5.0
13,percent_log,0.4,50,3,Rob Kardashian,Ricki Lake,0.38,1.1973395132642402,0.7981653038319705,0.78,0.64,10.0
13,percent_cap,0.4,50,3,Rob Kardashian,Rob Kardashian,0.36,1.3277003306808954,0.7614038540163541,0.64,0.76,2.0
13,percent_cap,0.4,50,3,Rob Kardashian,Rob Kardashian,0.36,1.3277003306808954,0.7614038540163541,0.64,0.64,5.0
13,percent_cap,0.4,50,3,Rob Kardashian,Rob Kardashian,0.36,1.3277003306808954,0.7614038540163541,0.64,0.68,10.0
13,dynamic_weight,0.4,50,3,Rob Kardashian,Rob Kardashian,0.4,1.1596148719498203,0.7745415263748597,0.6,0.86,2.0
13,dynamic_weight,0.4,50,3,Rob Kardashian,Rob Kardashian,0.4,1.1596148719498203,0.7745415263748597,0.6,0.66,5.0
13,dynamic_weight,0.4,50,3,Rob Kardashian,Rob Kardashian,0.4,1.1596148719498203,0.7745415263748597,0.6,0.8,10.0
14,percent,0.4,50,3,Katherine Jenkins,Katherine Jenkins,0.5,1.082646055208542,0.8008241141574476,0.5,0.78,2.0
14,percent,0.4,50,3,Katherine Jenkins,Katherine Jenkins,0.5,1.082646055208542,0.8008241141574476,0.5,0.82,5.0
14,percent,0.4,50,3,Katherine Jenkins,Katherine Jenkins,0.5,1.082646055208542,0.8008241141574476,0.5,0.78,10.0
14,rank,0.4,50,3,Katherine Jenkins,William Levy,0.44,1.2131155097009285,0.7825582010582012,0.7,0.78,2.0
14,rank,0.4,50,3,Katherine Jenkins,William Levy,0.44,1.2131155097009285,0.7825582010582012,0.7,0.6,5.0
14,rank,0.4,50,3,Katherine Jenkins,William Levy,0.44,1.2131155097009285,0.7825582010582012,0.7,0.66,10.0
14,percent_judge_save,0.4,50,3,Katherine Jenkins,William Levy,0.38,1.265163803327169,0.7881234006734007,0.64,0.7,2.0
14,percent_judge_save,0.4,50,3,Katherine Jenkins,William Levy,0.38,1.265163803327169,0.7881234006734007,0.64,0.74,5.0
14,percent_judge_save,0.4,50,3,Katherine Jenkins,William Levy,0.38,1.265163803327169,0.7881234006734007,0.64,0.76,10.0
14,percent_sqrt,0.4,50,3,Katherine Jenkins,Katherine Jenkins,0.46,1.2340542946271569,0.7850960638127304,0.54,0.74,2.0
14,percent_sqrt,0.4,50,3,Katherine Jenkins,Katherine Jenkins,0.46,1.2340542946271569,0.7850960638127304,0.54,0.82,5.0
14,percent_sqrt,0.4,50,3,Katherine Jenkins,Katherine Jenkins,0.46,1.2340542946271569,0.7850960638127304,0.54,0.84,10.0
14,percent_log,0.4,50,3,Katherine Jenkins,Katherine Jenkins,0.44,1.2331452928097133,0.7906184624017958,0.56,0.78,2.0
14,percent_log,0.4,50,3,Katherine Jenkins,Katherine Jenkins,0.44,1.2331452928097133,0.7906184624017958,0.56,0.8,5.0
14,percent_log,0.4,50,3,Katherine Jenkins,Katherine Jenkins,0.44,1.2331452928097133,0.7906184624017958,0.56,0.82,10.0
14,percent_cap,0.4,50,3,Katherine Jenkins,Katherine Jenkins,0.48,1.204006919010495,0.7950782748116083,0.52,0.78,2.0
14,percent_cap,0.4,50,3,Katherine Jenkins,Katherine Jenkins,0.48,1.204006919010495,0.7950782748116083,0.52,0.78,5.0
14,percent_cap,0.4,50,3,Katherine Jenkins,Katherine Jenkins,0.48,1.204006919010495,0.7950782748116083,0.52,0.78,10.0
14,dynamic_weight,0.4,50,3,Katherine Jenkins,Katherine Jenkins,0.48,1.1038283518238825,0.7973985008818343,0.52,0.8,2.0
14,dynamic_weight,0.4,50,3,Katherine Jenkins,Katherine Jenkins,0.48,1.1038283518238825,0.7973985008818343,0.52,0.8,5.0
14,dynamic_weight,0.4,50,3,Katherine Jenkins,Katherine Jenkins,0.48,1.1038283518238825,0.7973985008818343,0.52,0.78,10.0
15,percent,0.4,50,3,Melissa Rycroft,Shawn Johnson,0.34,1.4096727069383868,0.6883725758809092,0.68,0.78,2.0
15,percent,0.4,50,3,Melissa Rycroft,Shawn Johnson,0.34,1.4096727069383868,0.6883725758809092,0.68,0.86,5.0
15,percent,0.4,50,3,Melissa Rycroft,Shawn Johnson,0.34,1.4096727069383868,0.6883725758809092,0.68,0.88,10.0
15,rank,0.4,50,3,Melissa Rycroft,Melissa Rycroft,0.68,0.9599382055478628,0.7457704883079884,0.32,0.38,2.0
15,rank,0.4,50,3,Melissa Rycroft,Melissa Rycroft,0.68,0.9599382055478628,0.7457704883079884,0.32,0.58,5.0
15,rank,0.4,50,3,Melissa Rycroft,Melissa Rycroft,0.68,0.9599382055478628,0.7457704883079884,0.32,0.58,10.0
15,percent_judge_save,0.4,50,3,Melissa Rycroft,Shawn Johnson,0.4,1.2152838784948117,0.7317995381162048,0.6,0.68,2.0
15,percent_judge_save,0.4,50,3,Melissa Rycroft,Shawn Johnson,0.4,1.2152838784948117,0.7317995381162048,0.6,0.86,5.0
15,percent_judge_save,0.4,50,3,Melissa Rycroft,Shawn Johnson,0.4,1.2152838784948117,0.7317995381162048,0.6,0.84,10.0
15,percent_sqrt,0.4,50,3,Melissa Rycroft,Melissa Rycroft,0.36,1.4378945276967379,0.6946739060322394,0.64,0.86,2.0
15,percent_sqrt,0.4,50,3,Melissa Rycroft,Melissa Rycroft,0.36,1.4378945276967379,0.6946739060322394,0.64,0.86,5.0
15,percent_sqrt,0.4,50,3,Melissa Rycroft,Melissa Rycroft,0.36,1.4378945276967379,0.6946739060322394,0.64,0.86,10.0
15,percent_log,0.4,50,3,Melissa Rycroft,Melissa Rycroft,0.4,1.3363535348090445,0.7072820411070413,0.6,0.82,2.0
15,percent_log,0.4,50,3,Melissa Rycroft,Melissa Rycroft,0.4,1.3363535348090445,0.7072820411070413,0.6,0.84,5.0
15,percent_log,0.4,50,3,Melissa Rycroft,Melissa Rycroft,0.4,1.3363535348090445,0.7072820411070413,0.6,0.86,10.0
15,percent_cap,0.4,50,3,Melissa Rycroft,Shawn Johnson,0.32,1.4475460027030818,0.6873513563596897,0.68,0.78,2.0
15,percent_cap,0.4,50,3,Melissa Rycroft,Shawn Johnson,0.32,1.4475460027030818,0.6873513563596897,0.68,0.86,5.0
15,percent_cap,0.4,50,3,Melissa Rycroft,Shawn Johnson,0.32,1.4475460027030818,0.6873513563596897,0.68,0.86,10.0
15,dynamic_weight,0.4,50,3,Melissa Rycroft,Melissa Rycroft,0.38,1.3977323985537984,0.6971871501954836,0.62,0.78,2.0
15,dynamic_weight,0.4,50,3,Melissa Rycroft,Melissa Rycroft,0.38,1.3977323985537984,0.6971871501954836,0.62,0.88,5.0
15,dynamic_weight,0.4,50,3,Melissa Rycroft,Melissa Rycroft,0.38,1.3977323985537984,0.6971871501954836,0.62,0.86,10.0
16,percent,0.4,50,4,Kellie Pickler,Jacoby Jones,0.34,1.173022871139256,0.7987777777777779,0.7,0.9,2.0
16,percent,0.4,50,4,Kellie Pickler,Jacoby Jones,0.34,1.173022871139256,0.7987777777777779,0.7,0.8,5.0
16,percent,0.4,50,4,Kellie Pickler,Jacoby Jones,0.34,1.173022871139256,0.7987777777777779,0.7,0.84,10.0
16,rank,0.4,50,4,Kellie Pickler,Kellie Pickler,0.52,0.7754854663295665,0.8651541847041848,0.48,0.5,2.0
16,rank,0.4,50,4,Kellie Pickler,Kellie Pickler,0.52,0.7754854663295665,0.8651541847041848,0.48,0.42,5.0
16,rank,0.4,50,4,Kellie Pickler,Kellie Pickler,0.52,0.7754854663295665,0.8651541847041848,0.48,0.38,10.0
16,percent_judge_save,0.4,50,4,Kellie Pickler,Kellie Pickler,0.36,1.213583915444016,0.8137834776334776,0.64,0.76,2.0
16,percent_judge_save,0.4,50,4,Kellie Pickler,Kellie Pickler,0.36,1.213583915444016,0.8137834776334776,0.64,0.76,5.0
16,percent_judge_save,0.4,50,4,Kellie Pickler,Kellie Pickler,0.36,1.213583915444016,0.8137834776334776,0.64,0.76,10.0
16,percent_sqrt,0.4,50,4,Kellie Pickler,Jacoby Jones,0.38,1.0857155275622798,0.7922322510822513,0.74,0.82,2.0
16,percent_sqrt,0.4,50,4,Kellie Pickler,Jacoby Jones,0.38,1.0857155275622798,0.7922322510822513,0.74,0.8,5.0
16,percent_sqrt,0.4,50,4,Kellie Pickler,Jacoby Jones,0.38,1.0857155275622798,0.7922322510822513,0.74,0.8,10.0
16,percent_log,0.4,50,4,Kellie Pickler,Jacoby Jones,0.38,1.2764097592230357,0.7877932900432901,0.74,0.8,2.0
16,percent_log,0.4,50,4,Kellie Pickler,Jacoby Jones,0.38,1.2764097592230357,0.7877932900432901,0.74,0.82,5.0
16,percent_log,0.4,50,4,Kellie Pickler,Jacoby Jones,0.38,1.2764097592230357,0.7877932900432901,0.74,0.76,10.0
16,percent_cap,0.4,50,4,Kellie Pickler,Zendaya,0.38,1.1629568234257857,0.8003875901875904,0.74,0.9,2.0
16,percent_cap,0.4,50,4,Kellie Pickler,Zendaya,0.38,1.1629568234257857,0.8003875901875904,0.74,0.8,5.0
16,percent_cap,0.4,50,4,Kellie Pickler,Zendaya,0.38,1.1629568234257857,0.8003875901875904,0.74,0.8,10.0
16,dynamic_weight,0.4,50,4,Kellie Pickler,Jacoby Jones,0.34,1.098209540353189,0.7982777056277055,0.66,0.9,2.0
16,dynamic_weight,0.4,50,4,Kellie Pickler,Jacoby Jones,0.34,1.098209540353189,0.7982777056277055,0.66,0.82,5.0
16,dynamic_weight,0.4,50,4,Kellie Pickler,Jacoby Jones,0.34,1.098209540353189,0.7982777056277055,0.66,0.82,10.0
17,percent,0.4,50,4,Amber Riley,Corbin Bleu,0.44,1.3450751697734806,0.7366258821986097,0.76,0.74,2.0
17,percent,0.4,50,4,Amber Riley,Corbin Bleu,0.44,1.3450751697734806,0.7366258821986097,0.76,0.84,5.0
17,percent,0.4,50,4,Amber Riley,Corbin Bleu,0.44,1.3450751697734806,0.7366258821986097,0.76,0.88,10.0
17,rank,0.4,50,4,Amber Riley,Corbin Bleu,0.54,1.0083565418210467,0.8075258428440247,0.78,0.76,2.0
17,rank,0.4,50,4,Amber Riley,Corbin Bleu,0.54,1.0083565418210467,0.8075258428440247,0.78,0.68,5.0
17,rank,0.4,50,4,Amber Riley,Corbin Bleu,0.54,1.0083565418210467,0.8075258428440247,0.78,0.64,10.0
17,percent_judge_save,0.4,50,4,Amber Riley,Corbin Bleu,0.5,1.0296530140645737,0.8104607765971401,0.7,0.88,2.0
17,percent_judge_save,0.4,50,4,Amber Riley,Corbin Bleu,0.5,1.0296530140645737,0.8104607765971401,0.7,0.94,5.0
17,percent_judge_save,0.4,50,4,Amber Riley,Corbin Bleu,0.5,1.0296530140645737,0.8104607765971401,0.7,0.9,10.0
17,percent_sqrt,0.4,50,4,Amber Riley,Corbin Bleu,0.36,1.3752317331007242,0.7309525252525253,0.72,0.68,2.0
17,percent_sqrt,0.4,50,4,Amber Riley,Corbin Bleu,0.36,1.3752317331007242,0.7309525252525253,0.72,0.78,5.0
17,percent_sqrt,0.4,50,4,Amber Riley,Corbin Bleu,0.36,1.3752317331007242,0.7309525252525253,0.72,0.8,10.0
17,percent_log,0.4,50,4,Amber Riley,Amber Riley,0.26,1.5641380747686993,0.656380142332415,0.74,0.8,2.0
17,percent_log,0.4,50,4,Amber Riley,Amber Riley,0.26,1.5641380747686993,0.656380142332415,0.74,0.88,5.0
17,percent_log,0.4,50,4,Amber Riley,Amber Riley,0.26,1.5641380747686993,0.656380142332415,0.74,0.9,10.0
17,percent_cap,0.4,50,4,Amber Riley,Corbin Bleu,0.36,1.464625275504991,0.7153789485766759,0.72,0.74,2.0
17,percent_cap,0.4,50,4,Amber Riley,Corbin Bleu,0.36,1.464625275504991,0.7153789485766759,0.72,0.86,5.0
17,percent_cap,0.4,50,4,Amber Riley,Corbin Bleu,0.36,1.464625275504991,0.7153789485766759,0.72,0.86,10.0
17,dynamic_weight,0.4,50,4,Amber Riley,Corbin Bleu,0.46,1.17870534998922,0.7753247409156497,0.76,0.76,2.0
17,dynamic_weight,0.4,50,4,Amber Riley,Corbin Bleu,0.46,1.17870534998922,0.7753247409156497,0.76,0.88,5.0
17,dynamic_weight,0.4,50,4,Amber Riley,Corbin Bleu,0.46,1.17870534998922,0.7753247409156497,0.76,0.92,10.0
18,percent,0.4,50,4,Meryl Davis,Amy Purdy,0.34,1.2465018791776465,0.7268897306397304,0.66,0.74,2.0
18,percent,0.4,50,4,Meryl Davis,Amy Purdy,0.34,1.2465018791776465,0.7268897306397304,0.66,0.92,5.0
18,percent,0.4,50,4,Meryl Davis,Amy Purdy,0.34,1.2465018791776465,0.7268897306397304,0.66,0.96,10.0
18,rank,0.4,50,4,Meryl Davis,Amy Purdy,0.5,1.0470401238440599,0.8224481240981241,0.64,0.54,2.0
18,rank,0.4,50,4,Meryl Davis,Amy Purdy,0.5,1.0470401238440599,0.8224481240981241,0.64,0.62,5.0
18,rank,0.4,50,4,Meryl Davis,Amy Purdy,0.5,1.0470401238440599,0.8224481240981241,0.64,0.56,10.0
18,percent_judge_save,0.4,50,4,Meryl Davis,Amy Purdy,0.46,1.1239483254539933,0.7996023809523808,0.62,0.78,2.0
18,percent_judge_save,0.4,50,4,Meryl Davis,Amy Purdy,0.46,1.1239483254539933,0.7996023809523808,0.62,0.82,5.0
18,percent_judge_save,0.4,50,4,Meryl Davis,Amy Purdy,0.46,1.1239483254539933,0.7996023809523808,0.62,0.94,10.0
18,percent_sqrt,0.4,50,4,Meryl Davis,Meryl Davis,0.42,1.1695634375987718,0.7714652236652236,0.58,0.8,2.0
18,percent_sqrt,0.4,50,4,Meryl Davis,Meryl Davis,0.42,1.1695634375987718,0.7714652236652236,0.58,0.96,5.0
18,percent_sqrt,0.4,50,4,Meryl Davis,Meryl Davis,0.42,1.1695634375987718,0.7714652236652236,0.58,0.98,10.0
18,percent_log,0.4,50,4,Meryl Davis,Meryl Davis,0.38,1.3702095727863495,0.7539217532467533,0.62,0.8,2.0
18,percent_log,0.4,50,4,Meryl Davis,Meryl Davis,0.38,1.3702095727863495,0.7539217532467533,0.62,0.96,5.0
18,percent_log,0.4,50,4,Meryl Davis,Meryl Davis,0.38,1.3702095727863495,0.7539217532467533,0.62,0.96,10.0
18,percent_cap,0.4,50,4,Meryl Davis,Meryl Davis,0.4,1.2621946532062294,0.7610438431938431,0.6,0.74,2.0
18,percent_cap,0.4,50,4,Meryl Davis,Meryl Davis,0.4,1.2621946532062294,0.7610438431938431,0.6,0.94,5.0
18,percent_cap,0.4,50,4,Meryl Davis,Meryl Davis,0.4,1.2621946532062294,0.7610438431938431,0.6,0.96,10.0
18,dynamic_weight,0.4,50,4,Meryl Davis,Amy Purdy,0.36,1.0920192874506351,0.732110678210678,0.64,0.74,2.0
18,dynamic_weight,0.4,50,4,Meryl Davis,Amy Purdy,0.36,1.0920192874506351,0.732110678210678,0.64,0.88,5.0
18,dynamic_weight,0.4,50,4,Meryl Davis,Amy Purdy,0.36,1.0920192874506351,0.732110678210678,0.64,0.96,10.0
19,percent,0.4,50,4,Alfonso Ribeiro,Janel Parrish,0.42,1.1968050380821276,0.7751190072553709,0.76,0.72,2.0
19,percent,0.4,50,4,Alfonso Ribeiro,Janel Parrish,0.42,1.1968050380821276,0.7751190072553709,0.76,0.84,5.0
19,percent,0.4,50,4,Alfonso Ribeiro,Janel Parrish,0.42,1.1968050380821276,0.7751190072553709,0.76,0.88,10.0
19,rank,0.4,50,4,Alfonso Ribeiro,Alfonso Ribeiro,0.46,1.0336614093375984,0.7905439358621176,0.54,0.44,2.0
19,rank,0.4,50,4,Alfonso Ribeiro,Alfonso Ribeiro,0.46,1.0336614093375984,0.7905439358621176,0.54,0.56,5.0
19,rank,0.4,50,4,Alfonso Ribeiro,Alfonso Ribeiro,0.46,1.0336614093375984,0.7905439358621176,0.54,0.5,10.0
19,percent_judge_save,0.4,50,4,Alfonso Ribeiro,Janel Parrish,0.4,1.0888999753452238,0.7820220688402507,0.7,0.8,2.0
19,percent_judge_save,0.4,50,4,Alfonso Ribeiro,Janel Parrish,0.4,1.0888999753452238,0.7820220688402507,0.7,0.8,5.0
19,percent_judge_save,0.4,50,4,Alfonso Ribeiro,Janel Parrish,0.4,1.0888999753452238,0.7820220688402507,0.7,0.78,10.0
19,percent_sqrt,0.4,50,4,Alfonso Ribeiro,Janel Parrish,0.42,1.1554514769997635,0.7812562841199204,0.72,0.76,2.0
19,percent_sqrt,0.4,50,4,Alfonso Ribeiro,Janel Parrish,0.42,1.1554514769997635,0.7812562841199204,0.72,0.84,5.0
19,percent_sqrt,0.4,50,4,Alfonso Ribeiro,Janel Parrish,0.42,1.1554514769997635,0.7812562841199204,0.72,0.82,10.0
19,percent_log,0.4,50,4,Alfonso Ribeiro,Sadie Robertson,0.34,1.4013083760572604,0.7573041150768423,0.7,0.68,2.0
19,percent_log,0.4,50,4,Alfonso Ribeiro,Sadie Robertson,0.34,1.4013083760572604,0.7573041150768423,0.7,0.76,5.0
19,percent_log,0.4,50,4,Alfonso Ribeiro,Sadie Robertson,0.34,1.4013083760572604,0.7573041150768423,0.7,0.76,10.0
19,percent_cap,0.4,50,4,Alfonso Ribeiro,Janel Parrish,0.38,1.2140591934995655,0.7821676757585848,0.7,0.74,2.0
19,percent_cap,0.4,50,4,Alfonso Ribeiro,Janel Parrish,0.38,1.2140591934995655,0.7821676757585848,0.7,0.8,5.0
19,percent_cap,0.4,50,4,Alfonso Ribeiro,Janel Parrish,0.38,1.2140591934995655,0.7821676757585848,0.7,0.78,10.0
19,dynamic_weight,0.4,50,4,Alfonso Ribeiro,Janel Parrish,0.48,1.1232927379720126,0.7831374383192565,0.74,0.68,2.0
19,dynamic_weight,0.4,50,4,Alfonso Ribeiro,Janel Parrish,0.48,1.1232927379720126,0.7831374383192565,0.74,0.88,5.0
19,dynamic_weight,0.4,50,4,Alfonso Ribeiro,Janel Parrish,0.48,1.1232927379720126,0.7831374383192565,0.74,0.88,10.0
20,percent,0.4,50,3,Riker Lynch,Rumer Willis,0.38,1.2137323626628422,0.7559818722943723,0.62,0.64,2.0
20,percent,0.4,50,3,Riker Lynch,Rumer Willis,0.38,1.2137323626628422,0.7559818722943723,0.62,0.7,5.0
20,percent,0.4,50,3,Riker Lynch,Rumer Willis,0.38,1.2137323626628422,0.7559818722943723,0.62,0.74,10.0
20,rank,0.4,50,3,Riker Lynch,Riker Lynch,0.52,1.0386495367023671,0.8463552028218695,0.64,0.6,2.0
20,rank,0.4,50,3,Riker Lynch,Riker Lynch,0.52,1.0386495367023671,0.8463552028218695,0.64,0.64,5.0
20,rank,0.4,50,3,Riker Lynch,Riker Lynch,0.52,1.0386495367023671,0.8463552028218695,0.64,0.64,10.0
20,percent_judge_save,0.4,50,3,Riker Lynch,Riker Lynch,0.44,1.2671059787423153,0.8316450617283949,0.76,0.46,2.0
20,percent_judge_save,0.4,50,3,Riker Lynch,Riker Lynch,0.44,1.2671059787423153,0.8316450617283949,0.76,0.54,5.0
20,percent_judge_save,0.4,50,3,Riker Lynch,Riker Lynch,0.44,1.2671059787423153,0.8316450617283949,0.76,0.58,10.0
20,percent_sqrt,0.4,50,3,Riker Lynch,Rumer Willis,0.38,1.3095302062790486,0.7396200957992625,0.62,0.64,2.0
20,percent_sqrt,0.4,50,3,Riker Lynch,Rumer Willis,0.38,1.3095302062790486,0.7396200957992625,0.62,0.72,5.0
20,percent_sqrt,0.4,50,3,Riker Lynch,Rumer Willis,0.38,1.3095302062790486,0.7396200957992625,0.62,0.78,10.0
20,percent_log,0.4,50,3,Riker Lynch,Noah Galloway,0.34,1.2465018791776465,0.7093642336059003,0.66,0.6,2.0
20,percent_log,0.4,50,3,Riker Lynch,Noah Galloway,0.34,1.2465018791776465,0.7093642336059003,0.66,0.74,5.0
20,percent_log,0.4,50,3,Riker Lynch,Noah Galloway,0.34,1.2465018791776465,0.7093642336059003,0.66,0.82,10.0
20,percent_cap,0.4,50,3,Riker Lynch,Riker Lynch,0.4,1.2301241089406996,0.742706331168831,0.68,0.62,2.0
20,percent_cap,0.4,50,3,Riker Lynch,Riker Lynch,0.4,1.2301241089406996,0.742706331168831,0.68,0.68,5.0
20,percent_cap,0.4,50,3,Riker Lynch,Riker Lynch,0.4,1.2301241089406996,0.742706331168831,0.68,0.7,10.0
20,dynamic_weight,0.4,50,3,Riker Lynch,Riker Lynch,0.42,1.270284046120518,0.7464363836780501,0.72,0.62,2.0
20,dynamic_weight,0.4,50,3,Riker Lynch,Riker Lynch,0.42,1.270284046120518,0.7464363836780501,0.72,0.7,5.0
20,dynamic_weight,0.4,50,3,Riker Lynch,Riker Lynch,0.42,1.270284046120518,0.7464363836780501,0.72,0.74,10.0
21,percent,0.4,50,4,Bindi Irwin,Bindi Irwin,0.54,1.0753764832378792,0.7749467754467755,0.46,0.7,2.0
21,percent,0.4,50,4,Bindi Irwin,Bindi Irwin,0.54,1.0753764832378792,0.7749467754467755,0.46,0.76,5.0
21,percent,0.4,50,4,Bindi Irwin,Bindi Irwin,0.54,1.0753764832378792,0.7749467754467755,0.46,0.76,10.0
21,rank,0.4,50,4,Bindi Irwin,Bindi Irwin,0.66,0.7170996237435391,0.8542209457209458,0.34,0.32,2.0
21,rank,0.4,50,4,Bindi Irwin,Bindi Irwin,0.66,0.7170996237435391,0.8542209457209458,0.34,0.26,5.0
21,rank,0.4,50,4,Bindi Irwin,Bindi Irwin,0.66,0.7170996237435391,0.8542209457209458,0.34,0.2,10.0
21,percent_judge_save,0.4,50,4,Bindi Irwin,Nick Carter,0.4,1.2908034754480004,0.7617286602286601,0.7,0.7,2.0
21,percent_judge_save,0.4,50,4,Bindi Irwin,Nick Carter,0.4,1.2908034754480004,0.7617286602286601,0.7,0.74,5.0
21,percent_judge_save,0.4,50,4,Bindi Irwin,Nick Carter,0.4,1.2908034754480004,0.7617286602286601,0.7,0.74,10.0
21,percent_sqrt,0.4,50,4,Bindi Irwin,Bindi Irwin,0.48,1.1232927379720126,0.7471673881673883,0.52,0.7,2.0
21,percent_sqrt,0.4,50,4,Bindi Irwin,Bindi Irwin,0.48,1.1232927379720126,0.7471673881673883,0.52,0.78,5.0
21,percent_sqrt,0.4,50,4,Bindi Irwin,Bindi Irwin,0.48,1.1232927379720126,0.7471673881673883,0.52,0.78,10.0
21,percent_log,0.4,50,4,Bindi Irwin,Bindi Irwin,0.42,1.1424940845895533,0.7134591519591521,0.58,0.86,2.0
21,percent_log,0.4,50,4,Bindi Irwin,Bindi Irwin,0.42,1.1424940845895533,0.7134591519591521,0.58,0.82,5.0
21,percent_log,0.4,50,4,Bindi Irwin,Bindi Irwin,0.42,1.1424940845895533,0.7134591519591521,0.58,0.88,10.0
21,percent_cap,0.4,50,4,Bindi Irwin,Bindi Irwin,0.54,0.9978346215730165,0.7804958929958932,0.46,0.74,2.0
21,percent_cap,0.4,50,4,Bindi Irwin,Bindi Irwin,0.54,0.9978346215730165,0.7804958929958932,0.46,0.78,5.0
21,percent_cap,0.4,50,4,Bindi Irwin,Bindi Irwin,0.54,0.9978346215730165,0.7804958929958932,0.46,0.8,10.0
21,dynamic_weight,0.4,50,4,Bindi Irwin,Bindi Irwin,0.4,1.145659303148289,0.7457012987012988,0.6,0.68,2.0
21,dynamic_weight,0.4,50,4,Bindi Irwin,Bindi Irwin,0.4,1.145659303148289,0.7457012987012988,0.6,0.8,5.0
21,dynamic_weight,0.4,50,4,Bindi Irwin,Bindi Irwin,0.4,1.145659303148289,0.7457012987012988,0.6,0.74,10.0
22,percent,0.4,50,3,Paige VanZant,Paige VanZant,0.44,1.3341259201591478,0.7580626262626262,0.56,0.74,2.0
22,percent,0.4,50,3,Paige VanZant,Paige VanZant,0.44,1.3341259201591478,0.7580626262626262,0.56,0.78,5.0
22,percent,0.4,50,3,Paige VanZant,Paige VanZant,0.44,1.3341259201591478,0.7580626262626262,0.56,0.9,10.0
22,rank,0.4,50,3,Paige VanZant,Paige VanZant,0.56,1.0981737731625791,0.8044835016835017,0.44,0.64,2.0
22,rank,0.4,50,3,Paige VanZant,Paige VanZant,0.56,1.0981737731625791,0.8044835016835017,0.44,0.64,5.0
22,rank,0.4,50,3,Paige VanZant,Paige VanZant,0.56,1.0981737731625791,0.8044835016835017,0.44,0.7,10.0
22,percent_judge_save,0.4,50,3,Paige VanZant,Paige VanZant,0.38,1.2112950820657715,0.787000785634119,0.62,0.92,2.0
22,percent_judge_save,0.4,50,3,Paige VanZant,Paige VanZant,0.38,1.2112950820657715,0.787000785634119,0.62,0.88,5.0
22,percent_judge_save,0.4,50,3,Paige VanZant,Paige VanZant,0.38,1.2112950820657715,0.787000785634119,0.62,0.82,10.0
22,percent_sqrt,0.4,50,3,Paige VanZant,Paige VanZant,0.48,1.324890346812982,0.7707062289562291,0.52,0.72,2.0
22,percent_sqrt,0.4,50,3,Paige VanZant,Paige VanZant,0.48,1.324890346812982,0.7707062289562291,0.52,0.78,5.0
22,percent_sqrt,0.4,50,3,Paige VanZant,Paige VanZant,0.48,1.324890346812982,0.7707062289562291,0.52,0.82,10.0
22,percent_log,0.4,50,3,Paige VanZant,Paige VanZant,0.34,1.4381365163593558,0.7668729517396184,0.66,0.72,2.0
22,percent_log,0.4,50,3,Paige VanZant,Paige VanZant,0.34,1.4381365163593558,0.7668729517396184,0.66,0.7,5.0
22,percent_log,0.4,50,3,Paige VanZant,Paige VanZant,0.34,1.4381365163593558,0.7668729517396184,0.66,0.72,10.0
22,percent_cap,0.4,50,3,Paige VanZant,Paige VanZant,0.42,1.3822666462579816,0.756386756453423,0.58,0.74,2.0
22,percent_cap,0.4,50,3,Paige VanZant,Paige VanZant,0.42,1.3822666462579816,0.756386756453423,0.58,0.76,5.0
22,percent_cap,0.4,50,3,Paige VanZant,Paige VanZant,0.42,1.3822666462579816,0.756386756453423,0.58,0.84,10.0
22,dynamic_weight,0.4,50,3,Paige VanZant,Paige VanZant,0.42,1.327996239739076,0.7623523007856341,0.58,0.7,2.0
22,dynamic_weight,0.4,50,3,Paige VanZant,Paige VanZant,0.42,1.327996239739076,0.7623523007856341,0.58,0.8,5.0
22,dynamic_weight,0.4,50,3,Paige VanZant,Paige VanZant,0.42,1.327996239739076,0.7623523007856341,0.58,0.86,10.0
23,percent,0.4,50,4,Laurie Hernandez,Laurie Hernandez,0.38,1.2584230888773849,0.7743317288771837,0.62,0.74,2.0
23,percent,0.4,50,4,Laurie Hernandez,Laurie Hernandez,0.38,1.2584230888773849,0.7743317288771837,0.62,0.86,5.0
23,percent,0.4,50,4,Laurie Hernandez,Laurie Hernandez,0.38,1.2584230888773849,0.7743317288771837,0.62,0.94,10.0
23,rank,0.4,50,4,Laurie Hernandez,Laurie Hernandez,0.66,0.8265376330306784,0.8550025530025532,0.34,0.4,2.0
23,rank,0.4,50,4,Laurie Hernandez,Laurie Hernandez,0.66,0.8265376330306784,0.8550025530025532,0.34,0.46,5.0
23,rank,0.4,50,4,Laurie Hernandez,Laurie Hernandez,0.66,0.8265376330306784,0.8550025530025532,0.34,0.58,10.0
23,percent_judge_save,0.4,50,4,Laurie Hernandez,Laurie Hernandez,0.48,1.038811757145593,0.8190485070485072,0.52,0.7,2.0
23,percent_judge_save,0.4,50,4,Laurie Hernandez,Laurie Hernandez,0.48,1.038811757145593,0.8190485070485072,0.52,0.9,5.0
23,percent_judge_save,0.4,50,4,Laurie Hernandez,Laurie Hernandez,0.48,1.038811757145593,0.8190485070485072,0.52,0.94,10.0
23,percent_sqrt,0.4,50,4,Laurie Hernandez,Laurie Hernandez,0.44,1.3193738357460307,0.7848491659855299,0.56,0.7,2.0
23,percent_sqrt,0.4,50,4,Laurie Hernandez,Laurie Hernandez,0.44,1.3193738357460307,0.7848491659855299,0.56,0.92,5.0
23,percent_sqrt,0.4,50,4,Laurie Hernandez,Laurie Hernandez,0.44,1.3193738357460307,0.7848491659855299,0.56,0.92,10.0
23,percent_log,0.4,50,4,Laurie Hernandez,Laurie Hernandez,0.36,1.4867534021246664,0.7663623402411283,0.64,0.8,2.0
23,percent_log,0.4,50,4,Laurie Hernandez,Laurie Hernandez,0.36,1.4867534021246664,0.7663623402411283,0.64,0.88,5.0
23,percent_log,0.4,50,4,Laurie Hernandez,Laurie Hernandez,0.36,1.4867534021246664,0.7663623402411283,0.64,0.9,10.0
23,percent_cap,0.4,50,4,Laurie Hernandez,Laurie Hernandez,0.42,1.3730072041574544,0.7810024016387654,0.58,0.82,2.0
23,percent_cap,0.4,50,4,Laurie Hernandez,Laurie Hernandez,0.42,1.3730072041574544,0.7810024016387654,0.58,0.88,5.0
23,percent_cap,0.4,50,4,Laurie Hernandez,Laurie Hernandez,0.42,1.3730072041574544,0.7810024016387654,0.58,0.9,10.0
23,dynamic_weight,0.4,50,4,Laurie Hernandez,Laurie Hernandez,0.38,1.2436134689589622,0.7808219860947136,0.62,0.74,2.0
23,dynamic_weight,0.4,50,4,Laurie Hernandez,Laurie Hernandez,0.38,1.2436134689589622,0.7808219860947136,0.62,0.86,5.0
23,dynamic_weight,0.4,50,4,Laurie Hernandez,Laurie Hernandez,0.38,1.2436134689589622,0.7808219860947136,0.62,0.94,10.0
24,percent,0.4,50,3,Rashad Jennings,Normani,0.4,1.234428202735887,0.6961024190315855,0.7,0.74,2.0
24,percent,0.4,50,3,Rashad Jennings,Normani,0.4,1.234428202735887,0.6961024190315855,0.7,0.74,5.0
24,percent,0.4,50,3,Rashad Jennings,Normani,0.4,1.234428202735887,0.6961024190315855,0.7,0.76,10.0
24,rank,0.4,50,3,Rashad Jennings,Rashad Jennings,0.6,0.9173573878312138,0.8120999037999036,0.4,0.56,2.0
24,rank,0.4,50,3,Rashad Jennings,Rashad Jennings,0.6,0.9173573878312138,0.8120999037999036,0.4,0.66,5.0
24,rank,0.4,50,3,Rashad Jennings,Rashad Jennings,0.6,0.9173573878312138,0.8120999037999036,0.4,0.76,10.0
24,percent_judge_save,0.4,50,3,Rashad Jennings,Rashad Jennings,0.46,1.2433210566333543,0.7625358185024851,0.54,0.84,2.0
24,percent_judge_save,0.4,50,3,Rashad Jennings,Rashad Jennings,0.46,1.2433210566333543,0.7625358185024851,0.54,0.88,5.0
24,percent_judge_save,0.4,50,3,Rashad Jennings,Rashad Jennings,0.46,1.2433210566333543,0.7625358185024851,0.54,0.94,10.0
24,percent_sqrt,0.4,50,3,Rashad Jennings,Normani,0.42,1.300933831956308,0.7134180435305434,0.72,0.8,2.0
24,percent_sqrt,0.4,50,3,Rashad Jennings,Normani,0.42,1.300933831956308,0.7134180435305434,0.72,0.78,5.0
24,percent_sqrt,0.4,50,3,Rashad Jennings,Normani,0.42,1.300933831956308,0.7134180435305434,0.72,0.8,10.0
24,percent_log,0.4,50,3,Rashad Jennings,Rashad Jennings,0.34,1.3419275813813016,0.6686849246432578,0.66,0.74,2.0
24,percent_log,0.4,50,3,Rashad Jennings,Rashad Jennings,0.34,1.3419275813813016,0.6686849246432578,0.66,0.74,5.0
24,percent_log,0.4,50,3,Rashad Jennings,Rashad Jennings,0.34,1.3419275813813016,0.6686849246432578,0.66,0.74,10.0
24,percent_cap,0.4,50,3,Rashad Jennings,Normani,0.42,1.265645674015606,0.7132158950617282,0.7,0.84,2.0
24,percent_cap,0.4,50,3,Rashad Jennings,Normani,0.42,1.265645674015606,0.7132158950617282,0.7,0.78,5.0
24,percent_cap,0.4,50,3,Rashad Jennings,Normani,0.42,1.265645674015606,0.7132158950617282,0.7,0.8,10.0
24,dynamic_weight,0.4,50,3,Rashad Jennings,Normani,0.46,1.2425167079872577,0.7221554333012665,0.72,0.76,2.0
24,dynamic_weight,0.4,50,3,Rashad Jennings,Normani,0.46,1.2425167079872577,0.7221554333012665,0.72,0.74,5.0
24,dynamic_weight,0.4,50,3,Rashad Jennings,Normani,0.46,1.2425167079872577,0.7221554333012665,0.72,0.76,10.0
25,percent,0.4,50,4,Jordan Fisher,Frankie Muniz,0.36,1.3547627384636636,0.7767502676336008,0.74,0.72,2.0
25,percent,0.4,50,4,Jordan Fisher,Frankie Muniz,0.36,1.3547627384636636,0.7767502676336008,0.74,0.74,5.0
25,percent,0.4,50,4,Jordan Fisher,Frankie Muniz,0.36,1.3547627384636636,0.7767502676336008,0.74,0.76,10.0
25,rank,0.4,50,4,Jordan Fisher,Lindsey Stirling,0.6,0.8030448563658358,0.8704766122766122,0.64,0.32,2.0
25,rank,0.4,50,4,Jordan Fisher,Lindsey Stirling,0.6,0.8030448563658358,0.8704766122766122,0.64,0.32,5.0
25,rank,0.4,50,4,Jordan Fisher,Lindsey Stirling,0.6,0.8030448563658358,0.8704766122766122,0.64,0.32,10.0
25,percent_judge_save,0.4,50,4,Jordan Fisher,Lindsey Stirling,0.42,1.1968050380821276,0.8261423379090044,0.7,0.54,2.0
25,percent_judge_save,0.4,50,4,Jordan Fisher,Lindsey Stirling,0.42,1.1968050380821276,0.8261423379090044,0.7,0.6,5.0
25,percent_judge_save,0.4,50,4,Jordan Fisher,Lindsey Stirling,0.42,1.1968050380821276,0.8261423379090044,0.7,0.6,10.0
25,percent_sqrt,0.4,50,4,Jordan Fisher,Frankie Muniz,0.36,1.3932136073890407,0.7592271130104463,0.76,0.62,2.0
25,percent_sqrt,0.4,50,4,Jordan Fisher,Frankie Muniz,0.36,1.3932136073890407,0.7592271130104463,0.76,0.76,5.0
25,percent_sqrt,0.4,50,4,Jordan Fisher,Frankie Muniz,0.36,1.3932136073890407,0.7592271130104463,0.76,0.76,10.0
25,percent_log,0.4,50,4,Jordan Fisher,Frankie Muniz,0.32,1.3376018423113005,0.7594061383061382,0.78,0.78,2.0
25,percent_log,0.4,50,4,Jordan Fisher,Frankie Muniz,0.32,1.3376018423113005,0.7594061383061382,0.78,0.78,5.0
25,percent_log,0.4,50,4,Jordan Fisher,Frankie Muniz,0.32,1.3376018423113005,0.7594061383061382,0.78,0.86,10.0
25,percent_cap,0.4,50,4,Jordan Fisher,Frankie Muniz,0.34,1.3542209324935912,0.7777349995683329,0.76,0.68,2.0
25,percent_cap,0.4,50,4,Jordan Fisher,Frankie Muniz,0.34,1.3542209324935912,0.7777349995683329,0.76,0.74,5.0
25,percent_cap,0.4,50,4,Jordan Fisher,Frankie Muniz,0.34,1.3542209324935912,0.7777349995683329,0.76,0.78,10.0
25,dynamic_weight,0.4,50,4,Jordan Fisher,Lindsey Stirling,0.32,1.3625399527988895,0.7930160018993351,0.7,0.6,2.0
25,dynamic_weight,0.4,50,4,Jordan Fisher,Lindsey Stirling,0.32,1.3625399527988895,0.7930160018993351,0.7,0.78,5.0
25,dynamic_weight,0.4,50,4,Jordan Fisher,Lindsey Stirling,0.32,1.3625399527988895,0.7930160018993351,0.7,0.7,10.0
26,percent,0.4,50,3,Adam Rippon,Tonya Harding,0.36,1.169260583314141,0.7698888888888888,0.66,0.7,2.0
26,percent,0.4,50,3,Adam Rippon,Tonya Harding,0.36,1.169260583314141,0.7698888888888888,0.66,0.76,5.0
26,percent,0.4,50,3,Adam Rippon,Tonya Harding,0.36,1.169260583314141,0.7698888888888888,0.66,0.76,10.0
26,rank,0.4,50,3,Adam Rippon,Adam Rippon,0.54,0.9539674244993283,0.857125,0.46,0.44,2.0
26,rank,0.4,50,3,Adam Rippon,Adam Rippon,0.54,0.9539674244993283,0.857125,0.46,0.52,5.0
26,rank,0.4,50,3,Adam Rippon,Adam Rippon,0.54,0.9539674244993283,0.857125,0.46,0.46,10.0
26,percent_judge_save,0.4,50,3,Adam Rippon,Adam Rippon,0.4,1.1623789833836142,0.793513888888889,0.6,0.72,2.0
26,percent_judge_save,0.4,50,3,Adam Rippon,Adam Rippon,0.4,1.1623789833836142,0.793513888888889,0.6,0.74,5.0
26,percent_judge_save,0.4,50,3,Adam Rippon,Adam Rippon,0.4,1.1623789833836142,0.793513888888889,0.6,0.7,10.0
26,percent_sqrt,0.4,50,3,Adam Rippon,Adam Rippon,0.36,1.1718457211381337,0.780013888888889,0.64,0.72,2.0
26,percent_sqrt,0.4,50,3,Adam Rippon,Adam Rippon,0.36,1.1718457211381337,0.780013888888889,0.64,0.8,5.0
26,percent_sqrt,0.4,50,3,Adam Rippon,Adam Rippon,0.36,1.1718457211381337,0.780013888888889,0.64,0.78,10.0
26,percent_log,0.4,50,3,Adam Rippon,Adam Rippon,0.38,1.1669717499358963,0.7901388888888888,0.62,0.74,2.0
26,percent_log,0.4,50,3,Adam Rippon,Adam Rippon,0.38,1.1669717499358963,0.7901388888888888,0.62,0.84,5.0
26,percent_log,0.4,50,3,Adam Rippon,Adam Rippon,0.38,1.1669717499358963,0.7901388888888888,0.62,0.82,10.0
26,percent_cap,0.4,50,3,Adam Rippon,Adam Rippon,0.34,1.1742736862155727,0.774388888888889,0.66,0.7,2.0
26,percent_cap,0.4,50,3,Adam Rippon,Adam Rippon,0.34,1.1742736862155727,0.774388888888889,0.66,0.78,5.0
26,percent_cap,0.4,50,3,Adam Rippon,Adam Rippon,0.34,1.1742736862155727,0.774388888888889,0.66,0.74,10.0
26,dynamic_weight,0.4,50,3,Adam Rippon,Adam Rippon,0.36,1.1718457211381337,0.780013888888889,0.64,0.7,2.0
26,dynamic_weight,0.4,50,3,Adam Rippon,Adam Rippon,0.36,1.1718457211381337,0.780013888888889,0.64,0.76,5.0
26,dynamic_weight,0.4,50,3,Adam Rippon,Adam Rippon,0.36,1.1718457211381337,0.780013888888889,0.64,0.74,10.0
27,percent,0.4,50,4,Evanna Lynch,Evanna Lynch,0.36,1.454158024146426,0.7038415134248467,0.64,0.82,2.0
27,percent,0.4,50,4,Evanna Lynch,Evanna Lynch,0.36,1.454158024146426,0.7038415134248467,0.64,0.88,5.0
27,percent,0.4,50,4,Evanna Lynch,Evanna Lynch,0.36,1.454158024146426,0.7038415134248467,0.64,0.82,10.0
27,rank,0.4,50,4,Evanna Lynch,Milo Manheim,0.48,0.9710467129386775,0.8021267590434258,0.56,0.82,2.0
27,rank,0.4,50,4,Evanna Lynch,Milo Manheim,0.48,0.9710467129386775,0.8021267590434258,0.56,0.76,5.0
27,rank,0.4,50,4,Evanna Lynch,Milo Manheim,0.48,0.9710467129386775,0.8021267590434258,0.56,0.74,10.0
27,percent_judge_save,0.4,50,4,Evanna Lynch,Milo Manheim,0.36,1.3851143267579986,0.7516861132694466,0.8,0.84,2.0
27,percent_judge_save,0.4,50,4,Evanna Lynch,Milo Manheim,0.36,1.3851143267579986,0.7516861132694466,0.8,0.76,5.0
27,percent_judge_save,0.4,50,4,Evanna Lynch,Milo Manheim,0.36,1.3851143267579986,0.7516861132694466,0.8,0.8,10.0
27,percent_sqrt,0.4,50,4,Evanna Lynch,Evanna Lynch,0.34,1.4262871241032256,0.7310666278166278,0.66,0.84,2.0
27,percent_sqrt,0.4,50,4,Evanna Lynch,Evanna Lynch,0.34,1.4262871241032256,0.7310666278166278,0.66,0.96,5.0
27,percent_sqrt,0.4,50,4,Evanna Lynch,Evanna Lynch,0.34,1.4262871241032256,0.7310666278166278,0.66,0.94,10.0
27,percent_log,0.4,50,4,Evanna Lynch,Milo Manheim,0.26,1.5516217435516308,0.6877327117327119,0.78,0.9,2.0
27,percent_log,0.4,50,4,Evanna Lynch,Milo Manheim,0.26,1.5516217435516308,0.6877327117327119,0.78,0.92,5.0
27,percent_log,0.4,50,4,Evanna Lynch,Milo Manheim,0.26,1.5516217435516308,0.6877327117327119,0.78,0.94,10.0
27,percent_cap,0.4,50,4,Evanna Lynch,Evanna Lynch,0.32,1.4613768773321547,0.7144730423897091,0.68,0.82,2.0
27,percent_cap,0.4,50,4,Evanna Lynch,Evanna Lynch,0.32,1.4613768773321547,0.7144730423897091,0.68,0.9,5.0
27,percent_cap,0.4,50,4,Evanna Lynch,Evanna Lynch,0.32,1.4613768773321547,0.7144730423897091,0.68,0.86,10.0
27,dynamic_weight,0.4,50,4,Evanna Lynch,Milo Manheim,0.32,1.4068632849287646,0.7470166407666409,0.7,0.84,2.0
27,dynamic_weight,0.4,50,4,Evanna Lynch,Milo Manheim,0.32,1.4068632849287646,0.7470166407666409,0.7,0.86,5.0
27,dynamic_weight,0.4,50,4,Evanna Lynch,Milo Manheim,0.32,1.4068632849287646,0.7470166407666409,0.7,0.86,10.0
28,percent,0.4,50,4,Ally Brooke,Lauren Alaina,0.28,1.4345534212348279,0.711249639249639,0.74,0.74,2.0
28,percent,0.4,50,4,Ally Brooke,Lauren Alaina,0.28,1.4345534212348279,0.711249639249639,0.74,0.86,5.0
28,percent,0.4,50,4,Ally Brooke,Lauren Alaina,0.28,1.4345534212348279,0.711249639249639,0.74,0.86,10.0
28,rank,0.4,50,4,Ally Brooke,Ally Brooke,0.62,1.0336068808525314,0.7927777777777778,0.38,0.56,2.0
28,rank,0.4,50,4,Ally Brooke,Ally Brooke,0.62,1.0336068808525314,0.7927777777777778,0.38,0.58,5.0
28,rank,0.4,50,4,Ally Brooke,Ally Brooke,0.62,1.0336068808525314,0.7927777777777778,0.38,0.56,10.0
28,percent_judge_save,0.4,50,4,Ally Brooke,Lauren Alaina,0.34,1.4033709686518165,0.7099386724386725,0.7,0.64,2.0
28,percent_judge_save,0.4,50,4,Ally Brooke,Lauren Alaina,0.34,1.4033709686518165,0.7099386724386725,0.7,0.76,5.0
28,percent_judge_save,0.4,50,4,Ally Brooke,Lauren Alaina,0.34,1.4033709686518165,0.7099386724386725,0.7,0.78,10.0
28,percent_sqrt,0.4,50,4,Ally Brooke,Kel Mitchell,0.28,1.449305505647945,0.7152568542568541,0.74,0.7,2.0
28,percent_sqrt,0.4,50,4,Ally Brooke,Kel Mitchell,0.28,1.449305505647945,0.7152568542568541,0.74,0.88,5.0
28,percent_sqrt,0.4,50,4,Ally Brooke,Kel Mitchell,0.28,1.449305505647945,0.7152568542568541,0.74,0.86,10.0
28,percent_log,0.4,50,4,Ally Brooke,Lauren Alaina,0.38,1.4057577495547395,0.6943513708513709,0.76,0.82,2.0
28,percent_log,0.4,50,4,Ally Brooke,Lauren Alaina,0.38,1.4057577495547395,0.6943513708513709,0.76,0.9,5.0
28,percent_log,0.4,50,4,Ally Brooke,Lauren Alaina,0.38,1.4057577495547395,0.6943513708513709,0.76,0.9,10.0
28,percent_cap,0.4,50,4,Ally Brooke,Lauren Alaina,0.28,1.5554368490373154,0.6953230719897385,0.78,0.68,2.0
28,percent_cap,0.4,50,4,Ally Brooke,Lauren Alaina,0.28,1.5554368490373154,0.6953230719897385,0.78,0.88,5.0
28,percent_cap,0.4,50,4,Ally Brooke,Lauren Alaina,0.28,1.5554368490373154,0.6953230719897385,0.78,0.86,10.0
28,dynamic_weight,0.4,50,4,Ally Brooke,Kel Mitchell,0.3,1.4213576389974674,0.717544733044733,0.72,0.7,2.0
28,dynamic_weight,0.4,50,4,Ally Brooke,Kel Mitchell,0.3,1.4213576389974674,0.717544733044733,0.72,0.9,5.0
28,dynamic_weight,0.4,50,4,Ally Brooke,Kel Mitchell,0.3,1.4213576389974674,0.717544733044733,0.72,0.88,10.0
29,percent,0.4,50,4,Justina Machado,Nev Schulman,0.3,1.504654450285882,0.7457923621832714,0.82,0.7,2.0
29,percent,0.4,50,4,Justina Machado,Nev Schulman,0.3,1.504654450285882,0.7457923621832714,0.82,0.88,5.0
29,percent,0.4,50,4,Justina Machado,Nev Schulman,0.3,1.504654450285882,0.7457923621832714,0.82,0.9,10.0
29,rank,0.4,50,4,Justina Machado,Nev Schulman,0.4,1.0835507260874366,0.8426165198437926,0.74,0.92,2.0
29,rank,0.4,50,4,Justina Machado,Nev Schulman,0.4,1.0835507260874366,0.8426165198437926,0.74,0.78,5.0
29,rank,0.4,50,4,Justina Machado,Nev Schulman,0.4,1.0835507260874366,0.8426165198437926,0.74,0.78,10.0
29,percent_judge_save,0.4,50,4,Justina Machado,Kaitlyn Bristowe,0.4,1.2712388576517804,0.8234354857263949,0.78,0.76,2.0
29,percent_judge_save,0.4,50,4,Justina Machado,Kaitlyn Bristowe,0.4,1.2712388576517804,0.8234354857263949,0.78,0.82,5.0
29,percent_judge_save,0.4,50,4,Justina Machado,Kaitlyn Bristowe,0.4,1.2712388576517804,0.8234354857263949,0.78,0.82,10.0
29,percent_sqrt,0.4,50,4,Justina Machado,Justina Machado,0.34,1.352755392891139,0.752904958677686,0.66,0.68,2.0
29,percent_sqrt,0.4,50,4,Justina Machado,Justina Machado,0.34,1.352755392891139,0.752904958677686,0.66,0.8,5.0
29,percent_sqrt,0.4,50,4,Justina Machado,Justina Machado,0.34,1.352755392891139,0.752904958677686,0.66,0.86,10.0
29,percent_log,0.4,50,4,Justina Machado,Nev Schulman,0.34,1.4963354299805838,0.7385197724834088,0.76,0.76,2.0
29,percent_log,0.4,50,4,Justina Machado,Nev Schulman,0.34,1.4963354299805838,0.7385197724834088,0.76,0.92,5.0
29,percent_log,0.4,50,4,Justina Machado,Nev Schulman,0.34,1.4963354299805838,0.7385197724834088,0.76,0.92,10.0
29,percent_cap,0.4,50,4,Justina Machado,Kaitlyn Bristowe,0.32,1.4039605927717775,0.7773098235098236,0.72,0.68,2.0
29,percent_cap,0.4,50,4,Justina Machado,Kaitlyn Bristowe,0.32,1.4039605927717775,0.7773098235098236,0.72,0.84,5.0
29,percent_cap,0.4,50,4,Justina Machado,Kaitlyn Bristowe,0.32,1.4039605927717775,0.7773098235098236,0.72,0.9,10.0
29,dynamic_weight,0.4,50,4,Justina Machado,Nev Schulman,0.34,1.4293154885637513,0.7539929525020433,0.78,0.82,2.0
29,dynamic_weight,0.4,50,4,Justina Machado,Nev Schulman,0.34,1.4293154885637513,0.7539929525020433,0.78,0.86,5.0
29,dynamic_weight,0.4,50,4,Justina Machado,Nev Schulman,0.34,1.4293154885637513,0.7539929525020433,0.78,0.8,10.0
30,percent,0.4,50,4,Iman Shumpert,Amanda Kloots,0.36,1.5207140880572687,0.7061520362353697,0.78,0.84,2.0
30,percent,0.4,50,4,Iman Shumpert,Amanda Kloots,0.36,1.5207140880572687,0.7061520362353697,0.78,0.8,5.0
30,percent,0.4,50,4,Iman Shumpert,Amanda Kloots,0.36,1.5207140880572687,0.7061520362353697,0.78,0.8,10.0
30,rank,0.4,50,4,Iman Shumpert,JoJo Siwa,0.74,0.8288868930916871,0.8380857531357532,0.26,0.88,2.0
30,rank,0.4,50,4,Iman Shumpert,JoJo Siwa,0.74,0.8288868930916871,0.8380857531357532,0.26,0.74,5.0
30,rank,0.4,50,4,Iman Shumpert,JoJo Siwa,0.74,0.8288868930916871,0.8380857531357532,0.26,0.8,10.0
30,percent_judge_save,0.4,50,4,Iman Shumpert,Amanda Kloots,0.38,1.4167647537651649,0.7672454816788151,0.68,0.88,2.0
30,percent_judge_save,0.4,50,4,Iman Shumpert,Amanda Kloots,0.38,1.4167647537651649,0.7672454816788151,0.68,0.9,5.0
30,percent_judge_save,0.4,50,4,Iman Shumpert,Amanda Kloots,0.38,1.4167647537651649,0.7672454816788151,0.68,0.82,10.0
30,percent_sqrt,0.4,50,4,Iman Shumpert,Amanda Kloots,0.5,1.285623859231307,0.7301360651693986,0.8,0.84,2.0
30,percent_sqrt,0.4,50,4,Iman Shumpert,Amanda Kloots,0.5,1.285623859231307,0.7301360651693986,0.8,0.8,5.0
30,percent_sqrt,0.4,50,4,Iman Shumpert,Amanda Kloots,0.5,1.285623859231307,0.7301360651693986,0.8,0.9,10.0
30,percent_log,0.4,50,4,Iman Shumpert,Amanda Kloots,0.36,1.4879347700505565,0.6628849860016528,0.82,0.74,2.0
30,percent_log,0.4,50,4,Iman Shumpert,Amanda Kloots,0.36,1.4879347700505565,0.6628849860016528,0.82,0.76,5.0
30,percent_log,0.4,50,4,Iman Shumpert,Amanda Kloots,0.36,1.4879347700505565,0.6628849860016528,0.82,0.88,10.0
30,percent_cap,0.4,50,4,Iman Shumpert,Amanda Kloots,0.42,1.4302584666624911,0.7143646396813064,0.78,0.86,2.0
30,percent_cap,0.4,50,4,Iman Shumpert,Amanda Kloots,0.42,1.4302584666624911,0.7143646396813064,0.78,0.82,5.0
30,percent_cap,0.4,50,4,Iman Shumpert,Amanda Kloots,0.42,1.4302584666624911,0.7143646396813064,0.78,0.8,10.0
30,dynamic_weight,0.4,50,4,Iman Shumpert,Amanda Kloots,0.4,1.459629599316769,0.7409760091760093,0.72,0.88,2.0
30,dynamic_weight,0.4,50,4,Iman Shumpert,Amanda Kloots,0.4,1.459629599316769,0.7409760091760093,0.72,0.86,5.0
30,dynamic_weight,0.4,50,4,Iman Shumpert,Amanda Kloots,0.4,1.459629599316769,0.7409760091760093,0.72,0.86,10.0
31,percent,0.4,50,4,Charli D'Amelio,Charli D'Amelio,0.3,1.4463357346004337,0.8573694546194547,0.7,0.7,2.0
31,percent,0.4,50,4,Charli D'Amelio,Charli D'Amelio,0.3,1.4463357346004337,0.8573694546194547,0.7,0.72,5.0
31,percent,0.4,50,4,Charli D'Amelio,Charli D'Amelio,0.3,1.4463357346004337,0.8573694546194547,0.7,0.7,10.0
31,rank,0.4,50,4,Charli D'Amelio,Charli D'Amelio,0.54,1.0682224204594004,0.9281438949938949,0.46,0.56,2.0
31,rank,0.4,50,4,Charli D'Amelio,Charli D'Amelio,0.54,1.0682224204594004,0.9281438949938949,0.46,0.54,5.0
31,rank,0.4,50,4,Charli D'Amelio,Charli D'Amelio,0.54,1.0682224204594004,0.9281438949938949,0.46,0.4,10.0
31,percent_judge_save,0.4,50,4,Charli D'Amelio,Charli D'Amelio,0.32,1.3698538027569658,0.8664398351648351,0.68,0.84,2.0
31,percent_judge_save,0.4,50,4,Charli D'Amelio,Charli D'Amelio,0.32,1.3698538027569658,0.8664398351648351,0.68,0.86,5.0
31,percent_judge_save,0.4,50,4,Charli D'Amelio,Charli D'Amelio,0.32,1.3698538027569658,0.8664398351648351,0.68,0.84,10.0
31,percent_sqrt,0.4,50,4,Charli D'Amelio,Gabby Windey,0.34,1.4033709686518168,0.8707866707366706,0.7,0.74,2.0
31,percent_sqrt,0.4,50,4,Charli D'Amelio,Gabby Windey,0.34,1.4033709686518168,0.8707866707366706,0.7,0.72,5.0
31,percent_sqrt,0.4,50,4,Charli D'Amelio,Gabby Windey,0.34,1.4033709686518168,0.8707866707366706,0.7,0.74,10.0
31,percent_log,0.4,50,4,Charli D'Amelio,Shangela,0.28,1.5714783660589235,0.8194252849002848,0.74,0.68,2.0
31,percent_log,0.4,50,4,Charli D'Amelio,Shangela,0.28,1.5714783660589235,0.8194252849002848,0.74,0.8,5.0
31,percent_log,0.4,50,4,Charli D'Amelio,Shangela,0.28,1.5714783660589235,0.8194252849002848,0.74,0.76,10.0
31,percent_cap,0.4,50,4,Charli D'Amelio,Gabby Windey,0.34,1.4293154885637513,0.8514474155474154,0.78,0.76,2.0
31,percent_cap,0.4,50,4,Charli D'Amelio,Gabby Windey,0.34,1.4293154885637513,0.8514474155474154,0.78,0.72,5.0
31,percent_cap,0.4,50,4,Charli D'Amelio,Gabby Windey,0.34,1.4293154885637513,0.8514474155474154,0.78,0.74,10.0
31,dynamic_weight,0.4,50,4,Charli D'Amelio,Gabby Windey,0.3,1.440843092287844,0.8401439051689051,0.76,0.74,2.0
31,dynamic_weight,0.4,50,4,Charli D'Amelio,Gabby Windey,0.3,1.440843092287844,0.8401439051689051,0.76,0.72,5.0
31,dynamic_weight,0.4,50,4,Charli D'Amelio,Gabby Windey,0.3,1.440843092287844,0.8401439051689051,0.76,0.78,10.0
32,percent,0.4,50,5,Jason Mraz,Charity Lawson,0.3,1.575662657789891,0.7484187933278842,0.8,0.92,2.0
32,percent,0.4,50,5,Jason Mraz,Charity Lawson,0.3,1.575662657789891,0.7484187933278842,0.8,0.92,5.0
32,percent,0.4,50,5,Jason Mraz,Charity Lawson,0.3,1.575662657789891,0.7484187933278842,0.8,0.96,10.0
32,rank,0.4,50,5,Jason Mraz,Xochitl Gomez,0.56,1.15729454901085,0.8583327480600208,0.74,0.72,2.0
32,rank,0.4,50,5,Jason Mraz,Xochitl Gomez,0.56,1.15729454901085,0.8583327480600208,0.74,0.62,5.0
32,rank,0.4,50,5,Jason Mraz,Xochitl Gomez,0.56,1.15729454901085,0.8583327480600208,0.74,0.66,10.0
32,percent_judge_save,0.4,50,5,Jason Mraz,Ariana Madix,0.34,1.502928329997451,0.7786090525635981,0.9,0.84,2.0
32,percent_judge_save,0.4,50,5,Jason Mraz,Ariana Madix,0.34,1.502928329997451,0.7786090525635981,0.9,0.86,5.0
32,percent_judge_save,0.4,50,5,Jason Mraz,Ariana Madix,0.34,1.502928329997451,0.7786090525635981,0.9,0.92,10.0
32,percent_sqrt,0.4,50,5,Jason Mraz,Charity Lawson,0.32,1.5214358352218307,0.7677745486836396,0.8,0.8,2.0
32,percent_sqrt,0.4,50,5,Jason Mraz,Charity Lawson,0.32,1.5214358352218307,0.7677745486836396,0.8,0.82,5.0
32,percent_sqrt,0.4,50,5,Jason Mraz,Charity Lawson,0.32,1.5214358352218307,0.7677745486836396,0.8,0.86,10.0
32,percent_log,0.4,50,5,Jason Mraz,Charity Lawson,0.28,1.612311889485911,0.7581200623170319,0.74,0.76,2.0
32,percent_log,0.4,50,5,Jason Mraz,Charity Lawson,0.28,1.612311889485911,0.7581200623170319,0.74,0.8,5.0
32,percent_log,0.4,50,5,Jason Mraz,Charity Lawson,0.28,1.612311889485911,0.7581200623170319,0.74,0.86,10.0
32,percent_cap,0.4,50,5,Jason Mraz,Charity Lawson,0.28,1.5465924656161905,0.7824895508531872,0.8,0.82,2.0
32,percent_cap,0.4,50,5,Jason Mraz,Charity Lawson,0.28,1.5465924656161905,0.7824895508531872,0.8,0.9,5.0
32,percent_cap,0.4,50,5,Jason Mraz,Charity Lawson,0.28,1.5465924656161905,0.7824895508531872,0.8,0.9,10.0
32,dynamic_weight,0.4,50,5,Jason Mraz,Charity Lawson,0.26,1.5647774013594553,0.772787828333283,0.76,0.9,2.0
32,dynamic_weight,0.4,50,5,Jason Mraz,Charity Lawson,0.26,1.5647774013594553,0.772787828333283,0.76,0.9,5.0
32,dynamic_weight,0.4,50,5,Jason Mraz,Charity Lawson,0.26,1.5647774013594553,0.772787828333283,0.76,0.9,10.0
33,percent,0.4,50,5,Chandler Kinney,Danny Amendola,0.22,1.5964676859146685,0.7303058299724965,0.8,0.9,2.0
33,percent,0.4,50,5,Chandler Kinney,Danny Amendola,0.22,1.5964676859146685,0.7303058299724965,0.8,0.92,5.0
33,percent,0.4,50,5,Chandler Kinney,Danny Amendola,0.22,1.5964676859146685,0.7303058299724965,0.8,0.94,10.0
33,rank,0.4,50,5,Chandler Kinney,Chandler Kinney,0.56,1.1868440771423625,0.8641688928355594,0.44,0.4,2.0
33,rank,0.4,50,5,Chandler Kinney,Chandler Kinney,0.56,1.1868440771423625,0.8641688928355594,0.44,0.4,5.0
33,rank,0.4,50,5,Chandler Kinney,Chandler Kinney,0.56,1.1868440771423625,0.8641688928355594,0.44,0.36,10.0
33,percent_judge_save,0.4,50,5,Chandler Kinney,Joey Graziadei,0.32,1.5430861977847816,0.7688262539929207,0.78,0.86,2.0
33,percent_judge_save,0.4,50,5,Chandler Kinney,Joey Graziadei,0.32,1.5430861977847816,0.7688262539929207,0.78,0.9,5.0
33,percent_judge_save,0.4,50,5,Chandler Kinney,Joey Graziadei,0.32,1.5430861977847816,0.7688262539929207,0.78,0.96,10.0
33,percent_sqrt,0.4,50,5,Chandler Kinney,Chandler Kinney,0.24,1.5865927859777469,0.7486080956080956,0.76,0.78,2.0
33,percent_sqrt,0.4,50,5,Chandler Kinney,Chandler Kinney,0.24,1.5865927859777469,0.7486080956080956,0.76,0.88,5.0
33,percent_sqrt,0.4,50,5,Chandler Kinney,Chandler Kinney,0.24,1.5865927859777469,0.7486080956080956,0.76,0.88,10.0
33,percent_log,0.4,50,5,Chandler Kinney,Danny Amendola,0.26,1.5815540389675202,0.6871715815049149,0.88,0.8,2.0
33,percent_log,0.4,50,5,Chandler Kinney,Danny Amendola,0.26,1.5815540389675202,0.6871715815049149,0.88,0.88,5.0
33,percent_log,0.4,50,5,Chandler Kinney,Danny Amendola,0.26,1.5815540389675202,0.6871715815049149,0.88,0.88,10.0
33,percent_cap,0.4,50,5,Chandler Kinney,Joey Graziadei,0.24,1.585043334541567,0.7380494937161605,0.8,0.82,2.0
33,percent_cap,0.4,50,5,Chandler Kinney,Joey Graziadei,0.24,1.585043334541567,0.7380494937161605,0.8,0.92,5.0
33,percent_cap,0.4,50,5,Chandler Kinney,Joey Graziadei,0.24,1.585043334541567,0.7380494937161605,0.8,0.92,10.0
33,dynamic_weight,0.4,50,5,Chandler Kinney,Joey Graziadei,0.26,1.5777299977123311,0.7414354534354534,0.8,0.88,2.0
33,dynamic_weight,0.4,50,5,Chandler Kinney,Joey Graziadei,0.26,1.5777299977123311,0.7414354534354534,0.8,0.92,5.0
33,dynamic_weight,0.4,50,5,Chandler Kinney,Joey Graziadei,0.26,1.5777299977123311,0.7414354534354534,0.8,0.96,10.0
34,percent,0.4,50,5,Alix Earle,Elaine Hendrix,0.28,1.5798949069849055,0.6752607897153352,0.8,0.88,2.0
34,percent,0.4,50,5,Alix Earle,Elaine Hendrix,0.28,1.5798949069849055,0.6752607897153352,0.8,0.92,5.0
34,percent,0.4,50,5,Alix Earle,Elaine Hendrix,0.28,1.5798949069849055,0.6752607897153352,0.8,0.96,10.0
34,rank,0.4,50,5,Alix Earle,Alix Earle,0.5,1.178670537029284,0.7810264331627969,0.5,0.52,2.0
34,rank,0.4,50,5,Alix Earle,Alix Earle,0.5,1.178670537029284,0.7810264331627969,0.5,0.58,5.0
34,rank,0.4,50,5,Alix Earle,Alix Earle,0.5,1.178670537029284,0.7810264331627969,0.5,0.58,10.0
34,percent_judge_save,0.4,50,5,Alix Earle,Jordan Chiles,0.28,1.5806992556310018,0.7397144431326251,0.78,0.78,2.0
34,percent_judge_save,0.4,50,5,Alix Earle,Jordan Chiles,0.28,1.5806992556310018,0.7397144431326251,0.78,0.98,5.0
34,percent_judge_save,0.4,50,5,Alix Earle,Jordan Chiles,0.28,1.5806992556310018,0.7397144431326251,0.78,0.96,10.0
34,percent_sqrt,0.4,50,5,Alix Earle,Jordan Chiles,0.22,1.6054312189570148,0.6893586514495605,0.8,0.84,2.0
34,percent_sqrt,0.4,50,5,Alix Earle,Jordan Chiles,0.22,1.6054312189570148,0.6893586514495605,0.8,0.9,5.0
34,percent_sqrt,0.4,50,5,Alix Earle,Jordan Chiles,0.22,1.6054312189570148,0.6893586514495605,0.8,0.94,10.0
34,percent_log,0.4,50,5,Alix Earle,Jordan Chiles,0.24,1.662170137527028,0.7044934015479469,0.78,0.9,2.0
34,percent_log,0.4,50,5,Alix Earle,Jordan Chiles,0.24,1.662170137527028,0.7044934015479469,0.78,0.88,5.0
34,percent_log,0.4,50,5,Alix Earle,Jordan Chiles,0.24,1.662170137527028,0.7044934015479469,0.78,0.88,10.0
34,percent_cap,0.4,50,5,Alix Earle,Elaine Hendrix,0.26,1.5853303078302434,0.6760426997245179,0.82,0.9,2.0
34,percent_cap,0.4,50,5,Alix Earle,Elaine Hendrix,0.26,1.5853303078302434,0.6760426997245179,0.82,0.88,5.0
34,percent_cap,0.4,50,5,Alix Earle,Elaine Hendrix,0.26,1.5853303078302434,0.6760426997245179,0.82,0.92,10.0
34,dynamic_weight,0.4,50,5,Alix Earle,Jordan Chiles,0.28,1.5617338399960015,0.6918405483405485,0.78,0.84,2.0
34,dynamic_weight,0.4,50,5,Alix Earle,Jordan Chiles,0.28,1.5617338399960015,0.6918405483405485,0.78,0.94,5.0
34,dynamic_weight,0.4,50,5,Alix Earle,Jordan Chiles,0.28,1.5617338399960015,0.6918405483405485,0.78,0.94,10.0
