seed,alpha,tau,prior_draws_m,posterior_resample_r,mechanism,n_weeks,ess_ratio_mean,ess_ratio_min,ess_ratio_p10,ess_ratio_lt_0p1,evidence_mean,evidence_p10
20260130,0.3,0.01,1000,300,percent,335,0.4019967165230772,0.0455412211102132,0.10544059281483364,0.08358208955223881,0.32031980185335907,0.07014622446811541
20260130,0.3,0.01,1000,300,rank,335,0.3488802392961425,0.0010000000000005,0.0260000000281405,0.1791044776119403,0.34744752946497587,0.018991969418148
20260130,0.3,0.01,1000,500,percent,335,0.4019967165230772,0.0455412211102132,0.10544059281483364,0.08358208955223881,0.32031980185335907,0.07014622446811541
20260130,0.3,0.01,1000,500,rank,335,0.3488802392961425,0.0010000000000005,0.0260000000281405,0.1791044776119403,0.34744752946497587,0.018991969418148
20260130,0.3,0.01,1000,800,percent,335,0.4019967165230772,0.0455412211102132,0.10544059281483364,0.08358208955223881,0.32031980185335907,0.07014622446811541
20260130,0.3,0.01,1000,800,rank,335,0.3488802392961425,0.0010000000000005,0.0260000000281405,0.1791044776119403,0.34744752946497587,0.018991969418148
20260130,0.3,0.01,2000,300,percent,335,0.40150911113295057,0.0376707025049535,0.10481607331549653,0.08955223880597014,0.31996796270859906,0.06936868422483972
20260130,0.3,0.01,2000,300,rank,335,0.3489484537508187,0.0015301447794388,0.027699846092247477,0.1791044776119403,0.3475198113016212,0.017453458318782242
20260130,0.3,0.01,2000,500,percent,335,0.40150911113295057,0.0376707025049535,0.10481607331549653,0.08955223880597014,0.31996796270859906,0.06936868422483972
20260130,0.3,0.01,2000,500,rank,335,0.3489484537508187,0.0015301447794388,0.027699846092247477,0.1791044776119403,0.3475198113016212,0.017453458318782242
20260130,0.3,0.01,2000,800,percent,335,0.40150911113295057,0.0376707025049535,0.10481607331549653,0.08955223880597014,0.31996796270859906,0.06936868422483972
20260130,0.3,0.01,2000,800,rank,335,0.3489484537508187,0.0015301447794388,0.027699846092247477,0.1791044776119403,0.3475198113016212,0.017453458318782242
20260130,0.3,0.01,5000,300,percent,335,0.4014474870006709,0.0390008537490554,0.10522967142490934,0.09253731343283582,0.3200355092685342,0.06947358936486854
20260130,0.3,0.01,5000,300,rank,335,0.3491098989683645,0.0018849479026447,0.02547985057118548,0.1761194029850746,0.34769353961606553,0.01665606756998924
20260130,0.3,0.01,5000,500,percent,335,0.4014474870006709,0.0390008537490554,0.10522967142490934,0.09253731343283582,0.3200355092685342,0.06947358936486854
20260130,0.3,0.01,5000,500,rank,335,0.3491098989683645,0.0018849479026447,0.02547985057118548,0.1761194029850746,0.34769353961606553,0.01665606756998924
20260130,0.3,0.01,5000,800,percent,335,0.4014474870006709,0.0390008537490554,0.10522967142490934,0.09253731343283582,0.3200355092685342,0.06947358936486854
20260130,0.3,0.01,5000,800,rank,335,0.3491098989683645,0.0018849479026447,0.02547985057118548,0.1761194029850746,0.34769353961606553,0.01665606756998924
20260130,0.3,0.02,1000,300,percent,335,0.4817838608963412,0.1014119021976134,0.21669792826115478,0.0,0.31480149620911274,0.0692626471995692
20260130,0.3,0.02,1000,300,rank,335,0.349960957412523,0.0010000000198163,0.03061960602771708,0.1791044776119403,0.34840497389094693,0.026788097337667578
20260130,0.3,0.02,1000,500,percent,335,0.4817838608963412,0.1014119021976134,0.21669792826115478,0.0,0.31480149620911274,0.0692626471995692
20260130,0.3,0.02,1000,500,rank,335,0.349960957412523,0.0010000000198163,0.03061960602771708,0.1791044776119403,0.34840497389094693,0.026788097337667578
20260130,0.3,0.02,1000,800,percent,335,0.4817838608963412,0.1014119021976134,0.21669792826115478,0.0,0.31480149620911274,0.0692626471995692
20260130,0.3,0.02,1000,800,rank,335,0.349960957412523,0.0010000000198163,0.03061960602771708,0.1791044776119403,0.34840497389094693,0.026788097337667578
20260130,0.3,0.02,2000,300,percent,335,0.48130685915412375,0.1025153849624512,0.2165762875656812,0.0,0.3145484169198614,0.06959038980570391
20260130,0.3,0.02,2000,300,rank,335,0.34999276467102713,0.0010831166204663,0.03260074511926186,0.1761194029850746,0.34846683399126493,0.02818933969751826
20260130,0.3,0.02,2000,500,percent,335,0.48130685915412375,0.1025153849624512,0.2165762875656812,0.0,0.3145484169198614,0.06959038980570391
20260130,0.3,0.02,2000,500,rank,335,0.34999276467102713,0.0010831166204663,0.03260074511926186,0.1761194029850746,0.34846683399126493,0.02818933969751826
20260130,0.3,0.02,2000,800,percent,335,0.48130685915412375,0.1025153849624512,0.2165762875656812,0.0,0.3145484169198614,0.06959038980570391
20260130,0.3,0.02,2000,800,rank,335,0.34999276467102713,0.0010831166204663,0.03260074511926186,0.1761194029850746,0.34846683399126493,0.02818933969751826
20260130,0.3,0.02,5000,300,percent,335,0.4812655909610543,0.0965478907925877,0.21135649223791644,0.0029850746268656717,0.3145563044574547,0.06941450020035793
20260130,0.3,0.02,5000,300,rank,335,0.35015532536969435,0.001606400354657,0.030627277175867596,0.17313432835820897,0.34862623560680484,0.02650933997767354
20260130,0.3,0.02,5000,500,percent,335,0.4812655909610543,0.0965478907925877,0.21135649223791644,0.0029850746268656717,0.3145563044574547,0.06941450020035793
20260130,0.3,0.02,5000,500,rank,335,0.35015532536969435,0.001606400354657,0.030627277175867596,0.17313432835820897,0.34862623560680484,0.02650933997767354
20260130,0.3,0.02,5000,800,percent,335,0.4812655909610543,0.0965478907925877,0.21135649223791644,0.0029850746268656717,0.3145563044574547,0.06941450020035793
20260130,0.3,0.02,5000,800,rank,335,0.35015532536969435,0.001606400354657,0.030627277175867596,0.17313432835820897,0.34862623560680484,0.02650933997767354
20260130,0.3,0.03,1000,300,percent,335,0.5521551957193328,0.1221441810849837,0.3365063479640675,0.0,0.31177939564915436,0.06850591997233571
20260130,0.3,0.03,1000,300,rank,335,0.3516445779029196,0.0037342610357197,0.03581074082706818,0.1761194029850746,0.34921307786578537,0.03471100644579876
20260130,0.3,0.03,1000,500,percent,335,0.5521551957193328,0.1221441810849837,0.3365063479640675,0.0,0.31177939564915436,0.06850591997233571
20260130,0.3,0.03,1000,500,rank,335,0.3516445779029196,0.0037342610357197,0.03581074082706818,0.1761194029850746,0.34921307786578537,0.03471100644579876
20260130,0.3,0.03,1000,800,percent,335,0.5521551957193328,0.1221441810849837,0.3365063479640675,0.0,0.31177939564915436,0.06850591997233571
20260130,0.3,0.03,1000,800,rank,335,0.3516445779029196,0.0037342610357197,0.03581074082706818,0.1761194029850746,0.34921307786578537,0.03471100644579876
20260130,0.3,0.03,2000,300,percent,335,0.5516504949205882,0.1228519229839212,0.33931494986616656,0.0,0.31157590203731156,0.06912185583587188
20260130,0.3,0.03,2000,300,rank,335,0.3516674192049217,0.0018837600750291,0.0384292972043841,0.1761194029850746,0.34927173515035115,0.03630397842521118
20260130,0.3,0.03,2000,500,percent,335,0.5516504949205882,0.1228519229839212,0.33931494986616656,0.0,0.31157590203731156,0.06912185583587188
20260130,0.3,0.03,2000,500,rank,335,0.3516674192049217,0.0018837600750291,0.0384292972043841,0.1761194029850746,0.34927173515035115,0.03630397842521118
20260130,0.3,0.03,2000,800,percent,335,0.5516504949205882,0.1228519229839212,0.33931494986616656,0.0,0.31157590203731156,0.06912185583587188
20260130,0.3,0.03,2000,800,rank,335,0.3516674192049217,0.0018837600750291,0.0384292972043841,0.1761194029850746,0.34927173515035115,0.03630397842521118
20260130,0.3,0.03,5000,300,percent,335,0.5515522149863531,0.1172037559286352,0.33178411035203254,0.0,0.3115642895211202,0.06920468232198151
20260130,0.3,0.03,5000,300,rank,335,0.3518142048082922,0.0020820714968247,0.03560114248526691,0.17313432835820897,0.34942110676288296,0.03407159570496896
20260130,0.3,0.03,5000,500,percent,335,0.5515522149863531,0.1172037559286352,0.33178411035203254,0.0,0.3115642895211202,0.06920468232198151
20260130,0.3,0.03,5000,500,rank,335,0.3518142048082922,0.0020820714968247,0.03560114248526691,0.17313432835820897,0.34942110676288296,0.03407159570496896
20260130,0.3,0.03,5000,800,percent,335,0.5515522149863531,0.1172037559286352,0.33178411035203254,0.0,0.3115642895211202,0.06920468232198151
20260130,0.3,0.03,5000,800,rank,335,0.3518142048082922,0.0020820714968247,0.03560114248526691,0.17313432835820897,0.34942110676288296,0.03407159570496896
20260130,0.3,0.05,1000,300,percent,335,0.6597798931609781,0.177611042320447,0.44273477086488233,0.0,0.3085777173930962,0.06783263951887011
20260130,0.3,0.05,1000,300,rank,335,0.35605850255527594,0.0042313845968574,0.0552904937278782,0.16716417910447762,0.35095334357596697,0.050834683995154936
20260130,0.3,0.05,1000,500,percent,335,0.6597798931609781,0.177611042320447,0.44273477086488233,0.0,0.3085777173930962,0.06783263951887011
20260130,0.3,0.05,1000,500,rank,335,0.35605850255527594,0.0042313845968574,0.0552904937278782,0.16716417910447762,0.35095334357596697,0.050834683995154936
20260130,0.3,0.05,1000,800,percent,335,0.6597798931609781,0.177611042320447,0.44273477086488233,0.0,0.3085777173930962,0.06783263951887011
20260130,0.3,0.05,1000,800,rank,335,0.35605850255527594,0.0042313845968574,0.0552904937278782,0.16716417910447762,0.35095334357596697,0.050834683995154936
20260130,0.3,0.05,2000,300,percent,335,0.6592736246628549,0.1772482117834495,0.43943564881235453,0.0,0.3084243919995373,0.0685532473565426
20260130,0.3,0.05,2000,300,rank,335,0.35608799246241374,0.0048208417386568,0.05676758399434628,0.16119402985074627,0.3510259598280032,0.05154200258432456
20260130,0.3,0.05,2000,500,percent,335,0.6592736246628549,0.1772482117834495,0.43943564881235453,0.0,0.3084243919995373,0.0685532473565426
20260130,0.3,0.05,2000,500,rank,335,0.35608799246241374,0.0048208417386568,0.05676758399434628,0.16119402985074627,0.3510259598280032,0.05154200258432456
20260130,0.3,0.05,2000,800,percent,335,0.6592736246628549,0.1772482117834495,0.43943564881235453,0.0,0.3084243919995373,0.0685532473565426
20260130,0.3,0.05,2000,800,rank,335,0.35608799246241374,0.0048208417386568,0.05676758399434628,0.16119402985074627,0.3510259598280032,0.05154200258432456
20260130,0.3,0.05,5000,300,percent,335,0.6590470644380282,0.1725026874528248,0.4395430426366694,0.0,0.3084071946491063,0.06768382690540267
20260130,0.3,0.05,5000,300,rank,335,0.35621344700643304,0.0046990624240342,0.05527372539799423,0.16417910447761194,0.3511480363662445,0.05149909458589996
20260130,0.3,0.05,5000,500,percent,335,0.6590470644380282,0.1725026874528248,0.4395430426366694,0.0,0.3084071946491063,0.06768382690540267
20260130,0.3,0.05,5000,500,rank,335,0.35621344700643304,0.0046990624240342,0.05527372539799423,0.16417910447761194,0.3511480363662445,0.05149909458589996
20260130,0.3,0.05,5000,800,percent,335,0.6590470644380282,0.1725026874528248,0.4395430426366694,0.0,0.3084071946491063,0.06768382690540267
20260130,0.3,0.05,5000,800,rank,335,0.35621344700643304,0.0046990624240342,0.05527372539799423,0.16417910447761194,0.3511480363662445,0.05149909458589996
20260130,0.3,0.1,1000,300,percent,335,0.8084777833705334,0.3610461050230966,0.6218445017968335,0.0,0.30549416315914263,0.06687554711323825
20260130,0.3,0.1,1000,300,rank,335,0.36369034552337665,0.0183837472663389,0.0657705621926136,0.15223880597014924,0.3526024457620524,0.0577048639990912
20260130,0.3,0.1,1000,500,percent,335,0.8084777833705334,0.3610461050230966,0.6218445017968335,0.0,0.30549416315914263,0.06687554711323825
20260130,0.3,0.1,1000,500,rank,335,0.36369034552337665,0.0183837472663389,0.0657705621926136,0.15223880597014924,0.3526024457620524,0.0577048639990912
20260130,0.3,0.1,1000,800,percent,335,0.8084777833705334,0.3610461050230966,0.6218445017968335,0.0,0.30549416315914263,0.06687554711323825
20260130,0.3,0.1,1000,800,rank,335,0.36369034552337665,0.0183837472663389,0.0657705621926136,0.15223880597014924,0.3526024457620524,0.0577048639990912
20260130,0.3,0.1,2000,300,percent,335,0.8081424942637816,0.3597148341370949,0.6164951288821291,0.0,0.30539799229871784,0.06775801008247705
20260130,0.3,0.1,2000,300,rank,335,0.36371714731882204,0.0137570050952063,0.06644687904662241,0.14925373134328357,0.35267125868911037,0.0589800674415515
20260130,0.3,0.1,2000,500,percent,335,0.8081424942637816,0.3597148341370949,0.6164951288821291,0.0,0.30539799229871784,0.06775801008247705
20260130,0.3,0.1,2000,500,rank,335,0.36371714731882204,0.0137570050952063,0.06644687904662241,0.14925373134328357,0.35267125868911037,0.0589800674415515
20260130,0.3,0.1,2000,800,percent,335,0.8081424942637816,0.3597148341370949,0.6164951288821291,0.0,0.30539799229871784,0.06775801008247705
20260130,0.3,0.1,2000,800,rank,335,0.36371714731882204,0.0137570050952063,0.06644687904662241,0.14925373134328357,0.35267125868911037,0.0589800674415515
20260130,0.3,0.1,5000,300,percent,335,0.8079367917360943,0.3574267428083397,0.6158556820873882,0.0,0.3053904950744832,0.06755323063512889
20260130,0.3,0.1,5000,300,rank,335,0.3638116001613007,0.0136615477531527,0.06762384414686304,0.14925373134328357,0.35273006545939284,0.05961793245351386
20260130,0.3,0.1,5000,500,percent,335,0.8079367917360943,0.3574267428083397,0.6158556820873882,0.0,0.3053904950744832,0.06755323063512889
20260130,0.3,0.1,5000,500,rank,335,0.3638116001613007,0.0136615477531527,0.06762384414686304,0.14925373134328357,0.35273006545939284,0.05961793245351386
20260130,0.3,0.1,5000,800,percent,335,0.8079367917360943,0.3574267428083397,0.6158556820873882,0.0,0.3053904950744832,0.06755323063512889
20260130,0.3,0.1,5000,800,rank,335,0.3638116001613007,0.0136615477531527,0.06762384414686304,0.14925373134328357,0.35273006545939284,0.05961793245351386
20260130,0.4,0.01,1000,300,percent,335,0.4231477388934813,0.0601481505283687,0.13076903243736518,0.04776119402985075,0.3285824289942891,0.07328636847709435
20260130,0.4,0.01,1000,300,rank,335,0.3766333369041506,0.0010000000061834,0.025506771018960595,0.21194029850746268,0.3704358242873952,0.01913333293459154
20260130,0.4,0.01,1000,500,percent,335,0.4231477388934813,0.0601481505283687,0.13076903243736518,0.04776119402985075,0.3285824289942891,0.07328636847709435
20260130,0.4,0.01,1000,500,rank,335,0.3766333369041506,0.0010000000061834,0.025506771018960595,0.21194029850746268,0.3704358242873952,0.01913333293459154
20260130,0.4,0.01,1000,800,percent,335,0.4231477388934813,0.0601481505283687,0.13076903243736518,0.04776119402985075,0.3285824289942891,0.07328636847709435
20260130,0.4,0.01,1000,800,rank,335,0.3766333369041506,0.0010000000061834,0.025506771018960595,0.21194029850746268,0.3704358242873952,0.01913333293459154
20260130,0.4,0.01,2000,300,percent,335,0.4226603908097613,0.0524867271985755,0.1301043680583582,0.050746268656716415,0.3281998288700668,0.07008491533318084
20260130,0.4,0.01,2000,300,rank,335,0.37678680487218286,0.0005000000092751,0.02666275871692028,0.208955223880597,0.37055565047426636,0.0201000319891219
20260130,0.4,0.01,2000,500,percent,335,0.4226603908097613,0.0524867271985755,0.1301043680583582,0.050746268656716415,0.3281998288700668,0.07008491533318084
20260130,0.4,0.01,2000,500,rank,335,0.37678680487218286,0.0005000000092751,0.02666275871692028,0.208955223880597,0.37055565047426636,0.0201000319891219
20260130,0.4,0.01,2000,800,percent,335,0.4226603908097613,0.0524867271985755,0.1301043680583582,0.050746268656716415,0.3281998288700668,0.07008491533318084
20260130,0.4,0.01,2000,800,rank,335,0.37678680487218286,0.0005000000092751,0.02666275871692028,0.208955223880597,0.37055565047426636,0.0201000319891219
20260130,0.4,0.01,5000,300,percent,335,0.42260340630790894,0.0550024393533655,0.13049688302376736,0.04776119402985075,0.32828097529301736,0.07018666461629289
20260130,0.4,0.01,5000,300,rank,335,0.3770231871967165,0.0002000000123669,0.02592772869120922,0.208955223880597,0.37072261069310447,0.020179999723656358
20260130,0.4,0.01,5000,500,percent,335,0.42260340630790894,0.0550024393533655,0.13049688302376736,0.04776119402985075,0.32828097529301736,0.07018666461629289
20260130,0.4,0.01,5000,500,rank,335,0.3770231871967165,0.0002000000123669,0.02592772869120922,0.208955223880597,0.37072261069310447,0.020179999723656358
20260130,0.4,0.01,5000,800,percent,335,0.42260340630790894,0.0550024393533655,0.13049688302376736,0.04776119402985075,0.32828097529301736,0.07018666461629289
20260130,0.4,0.01,5000,800,rank,335,0.3770231871967165,0.0002000000123669,0.02592772869120922,0.208955223880597,0.37072261069310447,0.020179999723656358
20260130,0.4,0.02,1000,300,percent,335,0.5112441421679026,0.1155429060428968,0.2646940397584354,0.0,0.3202632407139105,0.07216109763123192
20260130,0.4,0.02,1000,300,rank,335,0.3773994158023394,0.0010001816244558,0.03030125437832474,0.208955223880597,0.3712783863003883,0.02469973988014974
20260130,0.4,0.02,1000,500,percent,335,0.5112441421679026,0.1155429060428968,0.2646940397584354,0.0,0.3202632407139105,0.07216109763123192
20260130,0.4,0.02,1000,500,rank,335,0.3773994158023394,0.0010001816244558,0.03030125437832474,0.208955223880597,0.3712783863003883,0.02469973988014974
20260130,0.4,0.02,1000,800,percent,335,0.5112441421679026,0.1155429060428968,0.2646940397584354,0.0,0.3202632407139105,0.07216109763123192
20260130,0.4,0.02,1000,800,rank,335,0.3773994158023394,0.0010001816244558,0.03030125437832474,0.208955223880597,0.3712783863003883,0.02469973988014974
20260130,0.4,0.02,2000,300,percent,335,0.5107863308338786,0.1165060045921406,0.26212574476865996,0.0,0.31999719576611185,0.07044876611256044
20260130,0.4,0.02,2000,300,rank,335,0.3776262274748439,0.0009005557948687,0.029615502280020838,0.208955223880597,0.3714733575460368,0.026050564566288757
20260130,0.4,0.02,2000,500,percent,335,0.5107863308338786,0.1165060045921406,0.26212574476865996,0.0,0.31999719576611185,0.07044876611256044
20260130,0.4,0.02,2000,500,rank,335,0.3776262274748439,0.0009005557948687,0.029615502280020838,0.208955223880597,0.3714733575460368,0.026050564566288757
20260130,0.4,0.02,2000,800,percent,335,0.5107863308338786,0.1165060045921406,0.26212574476865996,0.0,0.31999719576611185,0.07044876611256044
20260130,0.4,0.02,2000,800,rank,335,0.3776262274748439,0.0009005557948687,0.029615502280020838,0.208955223880597,0.3714733575460368,0.026050564566288757
20260130,0.4,0.02,5000,300,percent,335,0.5107214747996517,0.1105714339307346,0.2595181210375884,0.0,0.3200177795063957,0.07014747537927464
20260130,0.4,0.02,5000,300,rank,335,0.3778775464525164,0.0008748106286813,0.028858181645648538,0.208955223880597,0.3716514785481965,0.025859938276800196
20260130,0.4,0.02,5000,500,percent,335,0.5107214747996517,0.1105714339307346,0.2595181210375884,0.0,0.3200177795063957,0.07014747537927464
20260130,0.4,0.02,5000,500,rank,335,0.3778775464525164,0.0008748106286813,0.028858181645648538,0.208955223880597,0.3716514785481965,0.025859938276800196
20260130,0.4,0.02,5000,800,percent,335,0.5107214747996517,0.1105714339307346,0.2595181210375884,0.0,0.3200177795063957,0.07014747537927464
20260130,0.4,0.02,5000,800,rank,335,0.3778775464525164,0.0008748106286813,0.028858181645648538,0.208955223880597,0.3716514785481965,0.025859938276800196
20260130,0.4,0.03,1000,300,percent,335,0.5861271403674644,0.1432941182498713,0.36893302497439584,0.0,0.31578001561888885,0.07128850263083808
20260130,0.4,0.03,1000,300,rank,335,0.3784567799528532,0.0010051100364498,0.03729304591015828,0.208955223880597,0.3727202501490406,0.03572452374986658
20260130,0.4,0.03,1000,500,percent,335,0.5861271403674644,0.1432941182498713,0.36893302497439584,0.0,0.31578001561888885,0.07128850263083808
20260130,0.4,0.03,1000,500,rank,335,0.3784567799528532,0.0010051100364498,0.03729304591015828,0.208955223880597,0.3727202501490406,0.03572452374986658
20260130,0.4,0.03,1000,800,percent,335,0.5861271403674644,0.1432941182498713,0.36893302497439584,0.0,0.31578001561888885,0.07128850263083808
20260130,0.4,0.03,1000,800,rank,335,0.3784567799528532,0.0010051100364498,0.03729304591015828,0.208955223880597,0.3727202501490406,0.03572452374986658
20260130,0.4,0.03,2000,300,percent,335,0.5856464064578265,0.1435255988218694,0.3656262300780627,0.0,0.3155723524685302,0.07023666069760258
20260130,0.4,0.03,2000,300,rank,335,0.37868453005040154,0.0009156554356673,0.03905582639766442,0.20597014925373133,0.37292202335588126,0.03631971592882194
20260130,0.4,0.03,2000,500,percent,335,0.5856464064578265,0.1435255988218694,0.3656262300780627,0.0,0.3155723524685302,0.07023666069760258
20260130,0.4,0.03,2000,500,rank,335,0.37868453005040154,0.0009156554356673,0.03905582639766442,0.20597014925373133,0.37292202335588126,0.03631971592882194
20260130,0.4,0.03,2000,800,percent,335,0.5856464064578265,0.1435255988218694,0.3656262300780627,0.0,0.3155723524685302,0.07023666069760258
20260130,0.4,0.03,2000,800,rank,335,0.37868453005040154,0.0009156554356673,0.03905582639766442,0.20597014925373133,0.37292202335588126,0.03631971592882194
20260130,0.4,0.03,5000,300,percent,335,0.5854986019088275,0.1378559485455783,0.3631081276879747,0.0,0.31557319635918235,0.06988861223866079
20260130,0.4,0.03,5000,300,rank,335,0.3789543728927587,0.0008864926446021,0.03873178387328684,0.20597014925373133,0.37312888826548374,0.0372490891684212
20260130,0.4,0.03,5000,500,percent,335,0.5854986019088275,0.1378559485455783,0.3631081276879747,0.0,0.31557319635918235,0.06988861223866079
20260130,0.4,0.03,5000,500,rank,335,0.3789543728927587,0.0008864926446021,0.03873178387328684,0.20597014925373133,0.37312888826548374,0.0372490891684212
20260130,0.4,0.03,5000,800,percent,335,0.5854986019088275,0.1378559485455783,0.3631081276879747,0.0,0.31557319635918235,0.06988861223866079
20260130,0.4,0.03,5000,800,rank,335,0.3789543728927587,0.0008864926446021,0.03873178387328684,0.20597014925373133,0.37312888826548374,0.0372490891684212
20260130,0.4,0.05,1000,300,percent,335,0.6958397024941353,0.21525066028742,0.47886085974999143,0.0,0.31113283193920455,0.06863369339700266
20260130,0.4,0.05,1000,300,rank,335,0.3826395156213773,0.0010774902358853,0.05637260569587862,0.191044776119403,0.3755416846974965,0.0524581490746881
20260130,0.4,0.05,1000,500,percent,335,0.6958397024941353,0.21525066028742,0.47886085974999143,0.0,0.31113283193920455,0.06863369339700266
20260130,0.4,0.05,1000,500,rank,335,0.3826395156213773,0.0010774902358853,0.05637260569587862,0.191044776119403,0.3755416846974965,0.0524581490746881
20260130,0.4,0.05,1000,800,percent,335,0.6958397024941353,0.21525066028742,0.47886085974999143,0.0,0.31113283193920455,0.06863369339700266
20260130,0.4,0.05,1000,800,rank,335,0.3826395156213773,0.0010774902358853,0.05637260569587862,0.191044776119403,0.3755416846974965,0.0524581490746881
20260130,0.4,0.05,2000,300,percent,335,0.6953747478002215,0.2143797569620026,0.4752842976926672,0.0,0.31098536032979746,0.06941205844786924
20260130,0.4,0.05,2000,300,rank,335,0.3828847389140952,0.0011404991424833,0.056169896128192294,0.18507462686567164,0.3757397347538925,0.04850624677868236
20260130,0.4,0.05,2000,500,percent,335,0.6953747478002215,0.2143797569620026,0.4752842976926672,0.0,0.31098536032979746,0.06941205844786924
20260130,0.4,0.05,2000,500,rank,335,0.3828847389140952,0.0011404991424833,0.056169896128192294,0.18507462686567164,0.3757397347538925,0.04850624677868236
20260130,0.4,0.05,2000,800,percent,335,0.6953747478002215,0.2143797569620026,0.4752842976926672,0.0,0.31098536032979746,0.06941205844786924
20260130,0.4,0.05,2000,800,rank,335,0.3828847389140952,0.0011404991424833,0.056169896128192294,0.18507462686567164,0.3757397347538925,0.04850624677868236
20260130,0.4,0.05,5000,300,percent,335,0.6951212113681867,0.2097672278103787,0.47606937857474685,0.0,0.31097795831375974,0.06900893765156037
20260130,0.4,0.05,5000,300,rank,335,0.38316212948474054,0.0010579618371278,0.054819924707507496,0.1880597014925373,0.3759442441370085,0.04726872634763034
20260130,0.4,0.05,5000,500,percent,335,0.6951212113681867,0.2097672278103787,0.47606937857474685,0.0,0.31097795831375974,0.06900893765156037
20260130,0.4,0.05,5000,500,rank,335,0.38316212948474054,0.0010579618371278,0.054819924707507496,0.1880597014925373,0.3759442441370085,0.04726872634763034
20260130,0.4,0.05,5000,800,percent,335,0.6951212113681867,0.2097672278103787,0.47606937857474685,0.0,0.31097795831375974,0.06900893765156037
20260130,0.4,0.05,5000,800,rank,335,0.38316212948474054,0.0010579618371278,0.054819924707507496,0.1880597014925373,0.3759442441370085,0.04726872634763034
20260130,0.4,0.1,1000,300,percent,335,0.8378196462328928,0.4289139675928121,0.6693361360180594,0.0,0.30679625294982443,0.06755819420675246
20260130,0.4,0.1,1000,300,rank,335,0.3922965687530597,0.0018593471511396,0.0712523497258348,0.16119402985074627,0.37834355607858033,0.06344376083698273
20260130,0.4,0.1,1000,500,percent,335,0.8378196462328928,0.4289139675928121,0.6693361360180594,0.0,0.30679625294982443,0.06755819420675246
20260130,0.4,0.1,1000,500,rank,335,0.3922965687530597,0.0018593471511396,0.0712523497258348,0.16119402985074627,0.37834355607858033,0.06344376083698273
20260130,0.4,0.1,1000,800,percent,335,0.8378196462328928,0.4289139675928121,0.6693361360180594,0.0,0.30679625294982443,0.06755819420675246
20260130,0.4,0.1,1000,800,rank,335,0.3922965687530597,0.0018593471511396,0.0712523497258348,0.16119402985074627,0.37834355607858033,0.06344376083698273
20260130,0.4,0.1,2000,300,percent,335,0.8375468956309103,0.4281788104416669,0.6666165124536461,0.0,0.3067101801435525,0.06813083273787025
20260130,0.4,0.1,2000,300,rank,335,0.392450755697147,0.002666911961053,0.07242362715861102,0.16119402985074627,0.37846506538764196,0.06285490695884202
20260130,0.4,0.1,2000,500,percent,335,0.8375468956309103,0.4281788104416669,0.6666165124536461,0.0,0.3067101801435525,0.06813083273787025
20260130,0.4,0.1,2000,500,rank,335,0.392450755697147,0.002666911961053,0.07242362715861102,0.16119402985074627,0.37846506538764196,0.06285490695884202
20260130,0.4,0.1,2000,800,percent,335,0.8375468956309103,0.4281788104416669,0.6666165124536461,0.0,0.3067101801435525,0.06813083273787025
20260130,0.4,0.1,2000,800,rank,335,0.392450755697147,0.002666911961053,0.07242362715861102,0.16119402985074627,0.37846506538764196,0.06285490695884202
20260130,0.4,0.1,5000,300,percent,335,0.8373695372754028,0.4256013051011478,0.6674909534018811,0.0,0.30670986557378405,0.06794232990676043
20260130,0.4,0.1,5000,300,rank,335,0.39262975291713065,0.0021080489235385,0.07315534070836144,0.16119402985074627,0.3785848621680564,0.06310598978611538
20260130,0.4,0.1,5000,500,percent,335,0.8373695372754028,0.4256013051011478,0.6674909534018811,0.0,0.30670986557378405,0.06794232990676043
20260130,0.4,0.1,5000,500,rank,335,0.39262975291713065,0.0021080489235385,0.07315534070836144,0.16119402985074627,0.3785848621680564,0.06310598978611538
20260130,0.4,0.1,5000,800,percent,335,0.8373695372754028,0.4256013051011478,0.6674909534018811,0.0,0.30670986557378405,0.06794232990676043
20260130,0.4,0.1,5000,800,rank,335,0.39262975291713065,0.0021080489235385,0.07315534070836144,0.16119402985074627,0.3785848621680564,0.06310598978611538
20260130,0.5,0.01,1000,300,percent,335,0.44990470211983313,0.0765389984212445,0.16797304385526063,0.023880597014925373,0.3383442006859339,0.07288698328418636
20260130,0.5,0.01,1000,300,rank,335,0.40989153478753654,0.001,0.022767136160783356,0.22686567164179106,0.39493795783050173,0.010850000000033319
20260130,0.5,0.01,1000,500,percent,335,0.44990470211983313,0.0765389984212445,0.16797304385526063,0.023880597014925373,0.3383442006859339,0.07288698328418636
20260130,0.5,0.01,1000,500,rank,335,0.40989153478753654,0.001,0.022767136160783356,0.22686567164179106,0.39493795783050173,0.010850000000033319
20260130,0.5,0.01,1000,800,percent,335,0.44990470211983313,0.0765389984212445,0.16797304385526063,0.023880597014925373,0.3383442006859339,0.07288698328418636
20260130,0.5,0.01,1000,800,rank,335,0.40989153478753654,0.001,0.022767136160783356,0.22686567164179106,0.39493795783050173,0.010850000000033319
20260130,0.5,0.01,2000,300,percent,335,0.4494482073695839,0.0742188708690972,0.16733051670501656,0.023880597014925373,0.3379414672342715,0.07208588759936754
20260130,0.5,0.01,2000,300,rank,335,0.40986019299361914,0.0005000000000462,0.02518537346124928,0.22686567164179106,0.3950689954617337,0.010800000000026354
20260130,0.5,0.01,2000,500,percent,335,0.4494482073695839,0.0742188708690972,0.16733051670501656,0.023880597014925373,0.3379414672342715,0.07208588759936754
20260130,0.5,0.01,2000,500,rank,335,0.40986019299361914,0.0005000000000462,0.02518537346124928,0.22686567164179106,0.3950689954617337,0.010800000000026354
20260130,0.5,0.01,2000,800,percent,335,0.4494482073695839,0.0742188708690972,0.16733051670501656,0.023880597014925373,0.3379414672342715,0.07208588759936754
20260130,0.5,0.01,2000,800,rank,335,0.40986019299361914,0.0005000000000462,0.02518537346124928,0.22686567164179106,0.3950689954617337,0.010800000000026354
20260130,0.5,0.01,5000,300,percent,335,0.44940243619977555,0.0785806244901642,0.167861479148219,0.020895522388059702,0.3380468824674211,0.073498280999445
20260130,0.5,0.01,5000,300,rank,335,0.41000679119546607,0.0002,0.024816150051571034,0.2298507462686567,0.39522098751148144,0.01209000000000859
20260130,0.5,0.01,5000,500,percent,335,0.44940243619977555,0.0785806244901642,0.167861479148219,0.020895522388059702,0.3380468824674211,0.073498280999445
20260130,0.5,0.01,5000,500,rank,335,0.41000679119546607,0.0002,0.024816150051571034,0.2298507462686567,0.39522098751148144,0.01209000000000859
20260130,0.5,0.01,5000,800,percent,335,0.44940243619977555,0.0785806244901642,0.167861479148219,0.020895522388059702,0.3380468824674211,0.073498280999445
20260130,0.5,0.01,5000,800,rank,335,0.41000679119546607,0.0002,0.024816150051571034,0.2298507462686567,0.39522098751148144,0.01209000000000859
20260130,0.5,0.02,1000,300,percent,335,0.5481811961865215,0.1379680666932909,0.3201626413104319,0.0,0.326537424122883,0.07400770337554158
20260130,0.5,0.02,1000,300,rank,335,0.4120688610351844,0.0010000000006805,0.030800189065294897,0.21194029850746268,0.3975963448801591,0.021900173713740475
20260130,0.5,0.02,1000,500,percent,335,0.5481811961865215,0.1379680666932909,0.3201626413104319,0.0,0.326537424122883,0.07400770337554158
20260130,0.5,0.02,1000,500,rank,335,0.4120688610351844,0.0010000000006805,0.030800189065294897,0.21194029850746268,0.3975963448801591,0.021900173713740475
20260130,0.5,0.02,1000,800,percent,335,0.5481811961865215,0.1379680666932909,0.3201626413104319,0.0,0.326537424122883,0.07400770337554158
20260130,0.5,0.02,1000,800,rank,335,0.4120688610351844,0.0010000000006805,0.030800189065294897,0.21194029850746268,0.3975963448801591,0.021900173713740475
20260130,0.5,0.02,2000,300,percent,335,0.5477577975485578,0.1382804236575636,0.3162239999032961,0.0,0.326268068459385,0.0714613725009554
20260130,0.5,0.02,2000,300,rank,335,0.4120803530041609,0.0005000124222528,0.030743753452430998,0.21194029850746268,0.3977530232850533,0.023841645131580436
20260130,0.5,0.02,2000,500,percent,335,0.5477577975485578,0.1382804236575636,0.3162239999032961,0.0,0.326268068459385,0.0714613725009554
20260130,0.5,0.02,2000,500,rank,335,0.4120803530041609,0.0005000124222528,0.030743753452430998,0.21194029850746268,0.3977530232850533,0.023841645131580436
20260130,0.5,0.02,2000,800,percent,335,0.5477577975485578,0.1382804236575636,0.3162239999032961,0.0,0.326268068459385,0.0714613725009554
20260130,0.5,0.02,2000,800,rank,335,0.4120803530041609,0.0005000124222528,0.030743753452430998,0.21194029850746268,0.3977530232850533,0.023841645131580436
20260130,0.5,0.02,5000,300,percent,335,0.547651507416649,0.1323128752164553,0.31598303043608417,0.0,0.3263046363386181,0.07296690876157097
20260130,0.5,0.02,5000,300,rank,335,0.4122793269822249,0.0002000000001259,0.02929284098141712,0.21492537313432836,0.39795986778676895,0.02398002535376136
20260130,0.5,0.02,5000,500,percent,335,0.547651507416649,0.1323128752164553,0.31598303043608417,0.0,0.3263046363386181,0.07296690876157097
20260130,0.5,0.02,5000,500,rank,335,0.4122793269822249,0.0002000000001259,0.02929284098141712,0.21492537313432836,0.39795986778676895,0.02398002535376136
20260130,0.5,0.02,5000,800,percent,335,0.547651507416649,0.1323128752164553,0.31598303043608417,0.0,0.3263046363386181,0.07296690876157097
20260130,0.5,0.02,5000,800,rank,335,0.4122793269822249,0.0002000000001259,0.02929284098141712,0.21492537313432836,0.39795986778676895,0.02398002535376136
20260130,0.5,0.03,1000,300,percent,335,0.6275427015189836,0.1761936580889582,0.4085000373732173,0.0,0.32026545228619346,0.07251512279841706
20260130,0.5,0.03,1000,300,rank,335,0.41257556156534536,0.001000002831099,0.03201460626657864,0.208955223880597,0.3980695393270134,0.02611830275348338
20260130,0.5,0.03,1000,500,percent,335,0.6275427015189836,0.1761936580889582,0.4085000373732173,0.0,0.32026545228619346,0.07251512279841706
20260130,0.5,0.03,1000,500,rank,335,0.41257556156534536,0.001000002831099,0.03201460626657864,0.208955223880597,0.3980695393270134,0.02611830275348338
20260130,0.5,0.03,1000,800,percent,335,0.6275427015189836,0.1761936580889582,0.4085000373732173,0.0,0.32026545228619346,0.07251512279841706
20260130,0.5,0.03,1000,800,rank,335,0.41257556156534536,0.001000002831099,0.03201460626657864,0.208955223880597,0.3980695393270134,0.02611830275348338
20260130,0.5,0.03,2000,300,percent,335,0.6270964142209253,0.1757106513051337,0.4041286500716184,0.0,0.3200623619935693,0.07124592398773673
20260130,0.5,0.03,2000,300,rank,335,0.41263088696551,0.0005008015461508,0.03327233148643774,0.21194029850746268,0.39824866844863027,0.025751772710618837
20260130,0.5,0.03,2000,500,percent,335,0.6270964142209253,0.1757106513051337,0.4041286500716184,0.0,0.3200623619935693,0.07124592398773673
20260130,0.5,0.03,2000,500,rank,335,0.41263088696551,0.0005008015461508,0.03327233148643774,0.21194029850746268,0.39824866844863027,0.025751772710618837
20260130,0.5,0.03,2000,800,percent,335,0.6270964142209253,0.1757106513051337,0.4041286500716184,0.0,0.3200623619935693,0.07124592398773673
20260130,0.5,0.03,2000,800,rank,335,0.41263088696551,0.0005008015461508,0.03327233148643774,0.21194029850746268,0.39824866844863027,0.025751772710618837
20260130,0.5,0.03,5000,300,percent,335,0.6268902458212093,0.1699201449293385,0.40519880592785545,0.0,0.3200770150997652,0.07236425299010986
20260130,0.5,0.03,5000,300,rank,335,0.41285209738579554,0.0002000005238498,0.033057048477171856,0.21492537313432836,0.3984710631181704,0.02470119507205366
20260130,0.5,0.03,5000,500,percent,335,0.6268902458212093,0.1699201449293385,0.40519880592785545,0.0,0.3200770150997652,0.07236425299010986
20260130,0.5,0.03,5000,500,rank,335,0.41285209738579554,0.0002000005238498,0.033057048477171856,0.21492537313432836,0.3984710631181704,0.02470119507205366
20260130,0.5,0.03,5000,800,percent,335,0.6268902458212093,0.1699201449293385,0.40519880592785545,0.0,0.3200770150997652,0.07236425299010986
20260130,0.5,0.03,5000,800,rank,335,0.41285209738579554,0.0002000005238498,0.033057048477171856,0.21492537313432836,0.3984710631181704,0.02470119507205366
20260130,0.5,0.05,1000,300,percent,335,0.7375671762845922,0.2706476633706425,0.5256118795043184,0.0,0.3138997400608176,0.07072972915779428
20260130,0.5,0.05,1000,300,rank,335,0.4160560564801095,0.0010022259872556,0.03639542210194626,0.19402985074626866,0.40086821372053183,0.030849679238689417
20260130,0.5,0.05,1000,500,percent,335,0.7375671762845922,0.2706476633706425,0.5256118795043184,0.0,0.3138997400608176,0.07072972915779428
20260130,0.5,0.05,1000,500,rank,335,0.4160560564801095,0.0010022259872556,0.03639542210194626,0.19402985074626866,0.40086821372053183,0.030849679238689417
20260130,0.5,0.05,1000,800,percent,335,0.7375671762845922,0.2706476633706425,0.5256118795043184,0.0,0.3138997400608176,0.07072972915779428
20260130,0.5,0.05,1000,800,rank,335,0.4160560564801095,0.0010022259872556,0.03639542210194626,0.19402985074626866,0.40086821372053183,0.030849679238689417
20260130,0.5,0.05,2000,300,percent,335,0.7371601009439939,0.2694315463097288,0.5241176255675095,0.0,0.31376368117984704,0.07095155310487822
20260130,0.5,0.05,2000,300,rank,335,0.41618997269268615,0.000522706986337,0.037140957676422254,0.19701492537313434,0.40109413098005564,0.03252708506185316
20260130,0.5,0.05,2000,500,percent,335,0.7371601009439939,0.2694315463097288,0.5241176255675095,0.0,0.31376368117984704,0.07095155310487822
20260130,0.5,0.05,2000,500,rank,335,0.41618997269268615,0.000522706986337,0.037140957676422254,0.19701492537313434,0.40109413098005564,0.03252708506185316
20260130,0.5,0.05,2000,800,percent,335,0.7371601009439939,0.2694315463097288,0.5241176255675095,0.0,0.31376368117984704,0.07095155310487822
20260130,0.5,0.05,2000,800,rank,335,0.41618997269268615,0.000522706986337,0.037140957676422254,0.19701492537313434,0.40109413098005564,0.03252708506185316
20260130,0.5,0.05,5000,300,percent,335,0.7368935272189484,0.2648339848622401,0.5241193508739145,0.0,0.3137665007276322,0.07027831400946186
20260130,0.5,0.05,5000,300,rank,335,0.4164216431406605,0.0002004120443616,0.038978876559634536,0.191044776119403,0.40131916534535916,0.0335704052645713
20260130,0.5,0.05,5000,500,percent,335,0.7368935272189484,0.2648339848622401,0.5241193508739145,0.0,0.3137665007276322,0.07027831400946186
20260130,0.5,0.05,5000,500,rank,335,0.4164216431406605,0.0002004120443616,0.038978876559634536,0.191044776119403,0.40131916534535916,0.0335704052645713
20260130,0.5,0.05,5000,800,percent,335,0.7368935272189484,0.2648339848622401,0.5241193508739145,0.0,0.3137665007276322,0.07027831400946186
20260130,0.5,0.05,5000,800,rank,335,0.4164216431406605,0.0002004120443616,0.038978876559634536,0.191044776119403,0.40131916534535916,0.0335704052645713
20260130,0.5,0.1,1000,300,percent,335,0.8689443896259929,0.512873198662487,0.7231583654949627,0.0,0.30815080052129296,0.06829980109145561
20260130,0.5,0.1,1000,300,rank,335,0.4240722248987313,0.0012017182733162,0.0552131809048532,0.16119402985074627,0.4046203188988762,0.04406541212962144
20260130,0.5,0.1,1000,500,percent,335,0.8689443896259929,0.512873198662487,0.7231583654949627,0.0,0.30815080052129296,0.06829980109145561
20260130,0.5,0.1,1000,500,rank,335,0.4240722248987313,0.0012017182733162,0.0552131809048532,0.16119402985074627,0.4046203188988762,0.04406541212962144
20260130,0.5,0.1,1000,800,percent,335,0.8689443896259929,0.512873198662487,0.7231583654949627,0.0,0.30815080052129296,0.06829980109145561
20260130,0.5,0.1,1000,800,rank,335,0.4240722248987313,0.0012017182733162,0.0552131809048532,0.16119402985074627,0.4046203188988762,0.04406541212962144
20260130,0.5,0.1,2000,300,percent,335,0.8687400216576129,0.5132240315650172,0.723759407716103,0.0,0.30807666348538926,0.06834368529419656
20260130,0.5,0.1,2000,300,rank,335,0.4240870553031797,0.0008122308198234,0.05141338909813517,0.16417910447761194,0.40472259979211983,0.04250511108415652
20260130,0.5,0.1,2000,500,percent,335,0.8687400216576129,0.5132240315650172,0.723759407716103,0.0,0.30807666348538926,0.06834368529419656
20260130,0.5,0.1,2000,500,rank,335,0.4240870553031797,0.0008122308198234,0.05141338909813517,0.16417910447761194,0.40472259979211983,0.04250511108415652
20260130,0.5,0.1,2000,800,percent,335,0.8687400216576129,0.5132240315650172,0.723759407716103,0.0,0.30807666348538926,0.06834368529419656
20260130,0.5,0.1,2000,800,rank,335,0.4240870553031797,0.0008122308198234,0.05141338909813517,0.16417910447761194,0.40472259979211983,0.04250511108415652
20260130,0.5,0.1,5000,300,percent,335,0.8686003498474213,0.5102647255187831,0.7244902210030707,0.0,0.30808345547803223,0.0682798024164471
20260130,0.5,0.1,5000,300,rank,335,0.4242607484348399,0.0002709749960939,0.05214390601999763,0.16716417910447762,0.4049039697995912,0.04208261648133074
20260130,0.5,0.1,5000,500,percent,335,0.8686003498474213,0.5102647255187831,0.7244902210030707,0.0,0.30808345547803223,0.0682798024164471
20260130,0.5,0.1,5000,500,rank,335,0.4242607484348399,0.0002709749960939,0.05214390601999763,0.16716417910447762,0.4049039697995912,0.04208261648133074
20260130,0.5,0.1,5000,800,percent,335,0.8686003498474213,0.5102647255187831,0.7244902210030707,0.0,0.30808345547803223,0.0682798024164471
20260130,0.5,0.1,5000,800,rank,335,0.4242607484348399,0.0002709749960939,0.05214390601999763,0.16716417910447762,0.4049039697995912,0.04208261648133074
20260130,0.6,0.01,1000,300,percent,335,0.48533025881901887,0.0947673654809478,0.22286794842502441,0.0029850746268656717,0.34999112588778014,0.07260570574139437
20260130,0.6,0.01,1000,300,rank,335,0.4250276909662924,0.001,0.00900014534849242,0.2746268656716418,0.42047219823620685,0.0019999880796718003
20260130,0.6,0.01,1000,500,percent,335,0.48533025881901887,0.0947673654809478,0.22286794842502441,0.0029850746268656717,0.34999112588778014,0.07260570574139437
20260130,0.6,0.01,1000,500,rank,335,0.4250276909662924,0.001,0.00900014534849242,0.2746268656716418,0.42047219823620685,0.0019999880796718003
20260130,0.6,0.01,1000,800,percent,335,0.48533025881901887,0.0947673654809478,0.22286794842502441,0.0029850746268656717,0.34999112588778014,0.07260570574139437
20260130,0.6,0.01,1000,800,rank,335,0.4250276909662924,0.001,0.00900014534849242,0.2746268656716418,0.42047219823620685,0.0019999880796718003
20260130,0.6,0.01,2000,300,percent,335,0.4849569034117895,0.094262819668487,0.2232115082146879,0.0029850746268656717,0.3496053418969494,0.07215412217030452
20260130,0.6,0.01,2000,300,rank,335,0.42505533671737955,0.0005,0.009292654407626178,0.2746268656716418,0.4205388061811377,0.001300016167857819
20260130,0.6,0.01,2000,500,percent,335,0.4849569034117895,0.094262819668487,0.2232115082146879,0.0029850746268656717,0.3496053418969494,0.07215412217030452
20260130,0.6,0.01,2000,500,rank,335,0.42505533671737955,0.0005,0.009292654407626178,0.2746268656716418,0.4205388061811377,0.001300016167857819
20260130,0.6,0.01,2000,800,percent,335,0.4849569034117895,0.094262819668487,0.2232115082146879,0.0029850746268656717,0.3496053418969494,0.07215412217030452
20260130,0.6,0.01,2000,800,rank,335,0.42505533671737955,0.0005,0.009292654407626178,0.2746268656716418,0.4205388061811377,0.001300016167857819
20260130,0.6,0.01,5000,300,percent,335,0.4848949257461946,0.1041612976091593,0.21875073796427527,0.0,0.34974150742730215,0.0734798332027444
20260130,0.6,0.01,5000,300,rank,335,0.4248450828515782,0.0002000000006183,0.00857499859080446,0.27761194029850744,0.42034007336765306,0.001391252752821199
20260130,0.6,0.01,5000,500,percent,335,0.4848949257461946,0.1041612976091593,0.21875073796427527,0.0,0.34974150742730215,0.0734798332027444
20260130,0.6,0.01,5000,500,rank,335,0.4248450828515782,0.0002000000006183,0.00857499859080446,0.27761194029850744,0.42034007336765306,0.001391252752821199
20260130,0.6,0.01,5000,800,percent,335,0.4848949257461946,0.1041612976091593,0.21875073796427527,0.0,0.34974150742730215,0.0734798332027444
20260130,0.6,0.01,5000,800,rank,335,0.4248450828515782,0.0002000000006183,0.00857499859080446,0.27761194029850744,0.42034007336765306,0.001391252752821199
20260130,0.6,0.02,1000,300,percent,335,0.5959683283368598,0.1758647474630347,0.36783283434252084,0.0,0.3337966505698925,0.07470129400579414
20260130,0.6,0.02,1000,300,rank,335,0.4268573238001347,0.001000000001165,0.012373548132575879,0.26865671641791045,0.42275051079196396,0.00747506426307956
20260130,0.6,0.02,1000,500,percent,335,0.5959683283368598,0.1758647474630347,0.36783283434252084,0.0,0.3337966505698925,0.07470129400579414
20260130,0.6,0.02,1000,500,rank,335,0.4268573238001347,0.001000000001165,0.012373548132575879,0.26865671641791045,0.42275051079196396,0.00747506426307956
20260130,0.6,0.02,1000,800,percent,335,0.5959683283368598,0.1758647474630347,0.36783283434252084,0.0,0.3337966505698925,0.07470129400579414
20260130,0.6,0.02,1000,800,rank,335,0.4268573238001347,0.001000000001165,0.012373548132575879,0.26865671641791045,0.42275051079196396,0.00747506426307956
20260130,0.6,0.02,2000,300,percent,335,0.5955934250951654,0.1751907156096895,0.36307749349306745,0.0,0.3335423930662914,0.07480468196565968
20260130,0.6,0.02,2000,300,rank,335,0.4268975440932465,0.0005000000000276,0.012867054809845038,0.2656716417910448,0.4228509512043556,0.007967209606886459
20260130,0.6,0.02,2000,500,percent,335,0.5955934250951654,0.1751907156096895,0.36307749349306745,0.0,0.3335423930662914,0.07480468196565968
20260130,0.6,0.02,2000,500,rank,335,0.4268975440932465,0.0005000000000276,0.012867054809845038,0.2656716417910448,0.4228509512043556,0.007967209606886459
20260130,0.6,0.02,2000,800,percent,335,0.5955934250951654,0.1751907156096895,0.36307749349306745,0.0,0.3335423930662914,0.07480468196565968
20260130,0.6,0.02,2000,800,rank,335,0.4268975440932465,0.0005000000000276,0.012867054809845038,0.2656716417910448,0.4228509512043556,0.007967209606886459
20260130,0.6,0.02,5000,300,percent,335,0.5954171548055615,0.1688541991771645,0.361136985610866,0.0,0.33359729171058583,0.07550817101766912
20260130,0.6,0.02,5000,300,rank,335,0.42672445583197754,0.0002000181608075,0.012891316000621619,0.2656716417910448,0.42272081346459056,0.008082361943769299
20260130,0.6,0.02,5000,500,percent,335,0.5954171548055615,0.1688541991771645,0.361136985610866,0.0,0.33359729171058583,0.07550817101766912
20260130,0.6,0.02,5000,500,rank,335,0.42672445583197754,0.0002000181608075,0.012891316000621619,0.2656716417910448,0.42272081346459056,0.008082361943769299
20260130,0.6,0.02,5000,800,percent,335,0.5954171548055615,0.1688541991771645,0.361136985610866,0.0,0.33359729171058583,0.07550817101766912
20260130,0.6,0.02,5000,800,rank,335,0.42672445583197754,0.0002000181608075,0.012891316000621619,0.2656716417910448,0.42272081346459056,0.008082361943769299
20260130,0.6,0.03,1000,300,percent,335,0.6789951714748712,0.2299777047107025,0.45814786445129907,0.0,0.32531582445296753,0.07344618245020976
20260130,0.6,0.03,1000,300,rank,335,0.42952405857727716,0.0010025589893077,0.014363282504819056,0.2537313432835821,0.42535135070912194,0.00821016573751064
20260130,0.6,0.03,1000,500,percent,335,0.6789951714748712,0.2299777047107025,0.45814786445129907,0.0,0.32531582445296753,0.07344618245020976
20260130,0.6,0.03,1000,500,rank,335,0.42952405857727716,0.0010025589893077,0.014363282504819056,0.2537313432835821,0.42535135070912194,0.00821016573751064
20260130,0.6,0.03,1000,800,percent,335,0.6789951714748712,0.2299777047107025,0.45814786445129907,0.0,0.32531582445296753,0.07344618245020976
20260130,0.6,0.03,1000,800,rank,335,0.42952405857727716,0.0010025589893077,0.014363282504819056,0.2537313432835821,0.42535135070912194,0.00821016573751064
20260130,0.6,0.03,2000,300,percent,335,0.6785980219330953,0.2289090249005365,0.4553664620692485,0.0,0.3251304010850971,0.07440037551750477
20260130,0.6,0.03,2000,300,rank,335,0.42956972536518073,0.0005000001138605,0.01816070407077242,0.2537313432835821,0.4254005077074172,0.00858977131597998
20260130,0.6,0.03,2000,500,percent,335,0.6785980219330953,0.2289090249005365,0.4553664620692485,0.0,0.3251304010850971,0.07440037551750477
20260130,0.6,0.03,2000,500,rank,335,0.42956972536518073,0.0005000001138605,0.01816070407077242,0.2537313432835821,0.4254005077074172,0.00858977131597998
20260130,0.6,0.03,2000,800,percent,335,0.6785980219330953,0.2289090249005365,0.4553664620692485,0.0,0.3251304010850971,0.07440037551750477
20260130,0.6,0.03,2000,800,rank,335,0.42956972536518073,0.0005000001138605,0.01816070407077242,0.2537313432835821,0.4254005077074172,0.00858977131597998
20260130,0.6,0.03,5000,300,percent,335,0.6783315204362355,0.2227791234430129,0.45991590451918435,0.0,0.32515876215498646,0.07540482035600082
20260130,0.6,0.03,5000,300,rank,335,0.42942990931400293,0.0002001888724046,0.018219468824703218,0.25671641791044775,0.4252916084371785,0.00810436508389038
20260130,0.6,0.03,5000,500,percent,335,0.6783315204362355,0.2227791234430129,0.45991590451918435,0.0,0.32515876215498646,0.07540482035600082
20260130,0.6,0.03,5000,500,rank,335,0.42942990931400293,0.0002001888724046,0.018219468824703218,0.25671641791044775,0.4252916084371785,0.00810436508389038
20260130,0.6,0.03,5000,800,percent,335,0.6783315204362355,0.2227791234430129,0.45991590451918435,0.0,0.32515876215498646,0.07540482035600082
20260130,0.6,0.03,5000,800,rank,335,0.42942990931400293,0.0002001888724046,0.018219468824703218,0.25671641791044775,0.4252916084371785,0.00810436508389038
20260130,0.6,0.05,1000,300,percent,335,0.7859676375300585,0.3535806712673522,0.5894796691594673,0.0,0.3168950274683945,0.07114645186169521
20260130,0.6,0.05,1000,300,rank,335,0.43513416389696025,0.001048014316966,0.019720913695842297,0.2298507462686567,0.42855746076459367,0.008508957252873778
20260130,0.6,0.05,1000,500,percent,335,0.7859676375300585,0.3535806712673522,0.5894796691594673,0.0,0.3168950274683945,0.07114645186169521
20260130,0.6,0.05,1000,500,rank,335,0.43513416389696025,0.001048014316966,0.019720913695842297,0.2298507462686567,0.42855746076459367,0.008508957252873778
20260130,0.6,0.05,1000,800,percent,335,0.7859676375300585,0.3535806712673522,0.5894796691594673,0.0,0.3168950274683945,0.07114645186169521
20260130,0.6,0.05,1000,800,rank,335,0.43513416389696025,0.001048014316966,0.019720913695842297,0.2298507462686567,0.42855746076459367,0.008508957252873778
20260130,0.6,0.05,2000,300,percent,335,0.7856403042198871,0.3526761761356148,0.5905624475746516,0.0,0.3167767609048605,0.07185553547341247
20260130,0.6,0.05,2000,300,rank,335,0.4352151841544093,0.0005000889862769,0.02003838102782078,0.23582089552238805,0.4287501658558227,0.008577521785936579
20260130,0.6,0.05,2000,500,percent,335,0.7856403042198871,0.3526761761356148,0.5905624475746516,0.0,0.3167767609048605,0.07185553547341247
20260130,0.6,0.05,2000,500,rank,335,0.4352151841544093,0.0005000889862769,0.02003838102782078,0.23582089552238805,0.4287501658558227,0.008577521785936579
20260130,0.6,0.05,2000,800,percent,335,0.7856403042198871,0.3526761761356148,0.5905624475746516,0.0,0.3167767609048605,0.07185553547341247
20260130,0.6,0.05,2000,800,rank,335,0.4352151841544093,0.0005000889862769,0.02003838102782078,0.23582089552238805,0.4287501658558227,0.008577521785936579
20260130,0.6,0.05,5000,300,percent,335,0.7853857776260881,0.3478091258210912,0.5860238305099017,0.0,0.31679026220289164,0.07227775119328132
20260130,0.6,0.05,5000,300,rank,335,0.4350752347005774,0.0002075034522858,0.0219463175829565,0.23880597014925373,0.42864944745019057,0.0080835443148075
20260130,0.6,0.05,5000,500,percent,335,0.7853857776260881,0.3478091258210912,0.5860238305099017,0.0,0.31679026220289164,0.07227775119328132
20260130,0.6,0.05,5000,500,rank,335,0.4350752347005774,0.0002075034522858,0.0219463175829565,0.23880597014925373,0.42864944745019057,0.0080835443148075
20260130,0.6,0.05,5000,800,percent,335,0.7853857776260881,0.3478091258210912,0.5860238305099017,0.0,0.31679026220289164,0.07227775119328132
20260130,0.6,0.05,5000,800,rank,335,0.4350752347005774,0.0002075034522858,0.0219463175829565,0.23880597014925373,0.42864944745019057,0.0080835443148075
20260130,0.6,0.1,1000,300,percent,335,0.901405615614782,0.6142343648924312,0.7815618421622779,0.0,0.3095570473657627,0.06890099657560168
20260130,0.6,0.1,1000,300,rank,335,0.4501593267690584,0.0015793375923924,0.02293717035786826,0.208955223880597,0.4312962992838913,0.010555591936466938
20260130,0.6,0.1,1000,500,percent,335,0.901405615614782,0.6142343648924312,0.7815618421622779,0.0,0.3095570473657627,0.06890099657560168
20260130,0.6,0.1,1000,500,rank,335,0.4501593267690584,0.0015793375923924,0.02293717035786826,0.208955223880597,0.4312962992838913,0.010555591936466938
20260130,0.6,0.1,1000,800,percent,335,0.901405615614782,0.6142343648924312,0.7815618421622779,0.0,0.3095570473657627,0.06890099657560168
20260130,0.6,0.1,1000,800,rank,335,0.4501593267690584,0.0015793375923924,0.02293717035786826,0.208955223880597,0.4312962992838913,0.010555591936466938
20260130,0.6,0.1,2000,300,percent,335,0.9012714111991003,0.6159636790189049,0.7820060492730518,0.0,0.3094965897947647,0.06889016523943248
20260130,0.6,0.1,2000,300,rank,335,0.45013968607899624,0.0005181075114208,0.023590103750567738,0.21492537313432836,0.4313264901407368,0.01012569856599942
20260130,0.6,0.1,2000,500,percent,335,0.9012714111991003,0.6159636790189049,0.7820060492730518,0.0,0.3094965897947647,0.06889016523943248
20260130,0.6,0.1,2000,500,rank,335,0.45013968607899624,0.0005181075114208,0.023590103750567738,0.21492537313432836,0.4313264901407368,0.01012569856599942
20260130,0.6,0.1,2000,800,percent,335,0.9012714111991003,0.6159636790189049,0.7820060492730518,0.0,0.3094965897947647,0.06889016523943248
20260130,0.6,0.1,2000,800,rank,335,0.45013968607899624,0.0005181075114208,0.023590103750567738,0.21492537313432836,0.4313264901407368,0.01012569856599942
20260130,0.6,0.1,5000,300,percent,335,0.9011764833697987,0.6128628140605223,0.7831391287461659,0.0,0.3095097468990389,0.06853558733360998
20260130,0.6,0.1,5000,300,rank,335,0.4499972781108791,0.00027416712131,0.02460016659646578,0.21791044776119403,0.43123866759923557,0.01040628094085916
20260130,0.6,0.1,5000,500,percent,335,0.9011764833697987,0.6128628140605223,0.7831391287461659,0.0,0.3095097468990389,0.06853558733360998
20260130,0.6,0.1,5000,500,rank,335,0.4499972781108791,0.00027416712131,0.02460016659646578,0.21791044776119403,0.43123866759923557,0.01040628094085916
20260130,0.6,0.1,5000,800,percent,335,0.9011764833697987,0.6128628140605223,0.7831391287461659,0.0,0.3095097468990389,0.06853558733360998
20260130,0.6,0.1,5000,800,rank,335,0.4499972781108791,0.00027416712131,0.02460016659646578,0.21791044776119403,0.43123866759923557,0.01040628094085916
20260130,0.7,0.01,1000,300,percent,335,0.5353792936263281,0.1194375496805568,0.2606676358552288,0.0,0.36420029600130427,0.07026906599856705
20260130,0.7,0.01,1000,300,rank,335,0.44687712266788143,0.0010000000000003,0.004999988440652099,0.34328358208955223,0.44389391068241657,7.946333792918435e-24
20260130,0.7,0.01,1000,500,percent,335,0.5353792936263281,0.1194375496805568,0.2606676358552288,0.0,0.36420029600130427,0.07026906599856705
20260130,0.7,0.01,1000,500,rank,335,0.44687712266788143,0.0010000000000003,0.004999988440652099,0.34328358208955223,0.44389391068241657,7.946333792918435e-24
20260130,0.7,0.01,1000,800,percent,335,0.5353792936263281,0.1194375496805568,0.2606676358552288,0.0,0.36420029600130427,0.07026906599856705
20260130,0.7,0.01,1000,800,rank,335,0.44687712266788143,0.0010000000000003,0.004999988440652099,0.34328358208955223,0.44389391068241657,7.946333792918435e-24
20260130,0.7,0.01,2000,300,percent,335,0.5351105030969043,0.1097809986373827,0.25572719347851985,0.0,0.3638541888433696,0.06869483588306992
20260130,0.7,0.01,2000,300,rank,335,0.4472121530394875,0.0005000000000001,0.004796819200621859,0.34328358208955223,0.44417642288211134,7.772861887296671e-24
20260130,0.7,0.01,2000,500,percent,335,0.5351105030969043,0.1097809986373827,0.25572719347851985,0.0,0.3638541888433696,0.06869483588306992
20260130,0.7,0.01,2000,500,rank,335,0.4472121530394875,0.0005000000000001,0.004796819200621859,0.34328358208955223,0.44417642288211134,7.772861887296671e-24
20260130,0.7,0.01,2000,800,percent,335,0.5351105030969043,0.1097809986373827,0.25572719347851985,0.0,0.3638541888433696,0.06869483588306992
20260130,0.7,0.01,2000,800,rank,335,0.4472121530394875,0.0005000000000001,0.004796819200621859,0.34328358208955223,0.44417642288211134,7.772861887296671e-24
20260130,0.7,0.01,5000,300,percent,335,0.5349767133121727,0.1186045462693137,0.2528112738252221,0.0,0.363995642212527,0.06850191367303587
20260130,0.7,0.01,5000,300,rank,335,0.44722692056191876,0.0002000001223611,0.005207060146790279,0.3492537313432836,0.44421047236425776,1.5098096900315977e-23
20260130,0.7,0.01,5000,500,percent,335,0.5349767133121727,0.1186045462693137,0.2528112738252221,0.0,0.363995642212527,0.06850191367303587
20260130,0.7,0.01,5000,500,rank,335,0.44722692056191876,0.0002000001223611,0.005207060146790279,0.3492537313432836,0.44421047236425776,1.5098096900315977e-23
20260130,0.7,0.01,5000,800,percent,335,0.5349767133121727,0.1186045462693137,0.2528112738252221,0.0,0.363995642212527,0.06850191367303587
20260130,0.7,0.01,5000,800,rank,335,0.44722692056191876,0.0002000001223611,0.005207060146790279,0.3492537313432836,0.44421047236425776,1.5098096900315977e-23
20260130,0.7,0.02,1000,300,percent,335,0.6601587211586148,0.2265681522435536,0.43423869119274267,0.0,0.3422755434418938,0.07570970636168106
20260130,0.7,0.02,1000,300,rank,335,0.4504920148720805,0.0010002767035483,0.00524539385312932,0.3373134328358209,0.44759814132638276,1.897268014148291e-13
20260130,0.7,0.02,1000,500,percent,335,0.6601587211586148,0.2265681522435536,0.43423869119274267,0.0,0.3422755434418938,0.07570970636168106
20260130,0.7,0.02,1000,500,rank,335,0.4504920148720805,0.0010002767035483,0.00524539385312932,0.3373134328358209,0.44759814132638276,1.897268014148291e-13
20260130,0.7,0.02,1000,800,percent,335,0.6601587211586148,0.2265681522435536,0.43423869119274267,0.0,0.3422755434418938,0.07570970636168106
20260130,0.7,0.02,1000,800,rank,335,0.4504920148720805,0.0010002767035483,0.00524539385312932,0.3373134328358209,0.44759814132638276,1.897268014148291e-13
20260130,0.7,0.02,2000,300,percent,335,0.6598407218781185,0.2310786946689343,0.42917583098606565,0.0,0.3420613770040045,0.0761844728151198
20260130,0.7,0.02,2000,300,rank,335,0.45086646632206584,0.0005006350670155,0.00551100002807624,0.3373134328358209,0.4480240612566711,1.9873891063667906e-13
20260130,0.7,0.02,2000,500,percent,335,0.6598407218781185,0.2310786946689343,0.42917583098606565,0.0,0.3420613770040045,0.0761844728151198
20260130,0.7,0.02,2000,500,rank,335,0.45086646632206584,0.0005006350670155,0.00551100002807624,0.3373134328358209,0.4480240612566711,1.9873891063667906e-13
20260130,0.7,0.02,2000,800,percent,335,0.6598407218781185,0.2310786946689343,0.42917583098606565,0.0,0.3420613770040045,0.0761844728151198
20260130,0.7,0.02,2000,800,rank,335,0.45086646632206584,0.0005006350670155,0.00551100002807624,0.3373134328358209,0.4480240612566711,1.9873891063667906e-13
20260130,0.7,0.02,5000,300,percent,335,0.6595617228803813,0.2286512397158997,0.43015062747479943,0.0,0.34212919858151175,0.0776306276766147
20260130,0.7,0.02,5000,300,rank,335,0.45092958111151243,0.0002002229190286,0.006042979692004299,0.3402985074626866,0.44811373298868945,5.577402412684209e-13
20260130,0.7,0.02,5000,500,percent,335,0.6595617228803813,0.2286512397158997,0.43015062747479943,0.0,0.34212919858151175,0.0776306276766147
20260130,0.7,0.02,5000,500,rank,335,0.45092958111151243,0.0002002229190286,0.006042979692004299,0.3402985074626866,0.44811373298868945,5.577402412684209e-13
20260130,0.7,0.02,5000,800,percent,335,0.6595617228803813,0.2286512397158997,0.43015062747479943,0.0,0.34212919858151175,0.0776306276766147
20260130,0.7,0.02,5000,800,rank,335,0.45092958111151243,0.0002002229190286,0.006042979692004299,0.3402985074626866,0.44811373298868945,5.577402412684209e-13
20260130,0.7,0.03,1000,300,percent,335,0.7440714031806407,0.3214062404435281,0.5362121158639349,0.0,0.33101858466592887,0.07396766767114452
20260130,0.7,0.03,1000,300,rank,335,0.45386465114067126,0.001000909536646,0.00706218609143952,0.31044776119402984,0.44939420827019566,5.475721875573836e-10
20260130,0.7,0.03,1000,500,percent,335,0.7440714031806407,0.3214062404435281,0.5362121158639349,0.0,0.33101858466592887,0.07396766767114452
20260130,0.7,0.03,1000,500,rank,335,0.45386465114067126,0.001000909536646,0.00706218609143952,0.31044776119402984,0.44939420827019566,5.475721875573836e-10
20260130,0.7,0.03,1000,800,percent,335,0.7440714031806407,0.3214062404435281,0.5362121158639349,0.0,0.33101858466592887,0.07396766767114452
20260130,0.7,0.03,1000,800,rank,335,0.45386465114067126,0.001000909536646,0.00706218609143952,0.31044776119402984,0.44939420827019566,5.475721875573836e-10
20260130,0.7,0.03,2000,300,percent,335,0.7437483935431451,0.320630485614121,0.5407368025653511,0.0,0.33086634900808,0.07484940979142028
20260130,0.7,0.03,2000,300,rank,335,0.4541697821329817,0.000513615189991,0.00665536380180892,0.3074626865671642,0.44972039312444384,5.885369832554693e-10
20260130,0.7,0.03,2000,500,percent,335,0.7437483935431451,0.320630485614121,0.5407368025653511,0.0,0.33086634900808,0.07484940979142028
20260130,0.7,0.03,2000,500,rank,335,0.4541697821329817,0.000513615189991,0.00665536380180892,0.3074626865671642,0.44972039312444384,5.885369832554693e-10
20260130,0.7,0.03,2000,800,percent,335,0.7437483935431451,0.320630485614121,0.5407368025653511,0.0,0.33086634900808,0.07484940979142028
20260130,0.7,0.03,2000,800,rank,335,0.4541697821329817,0.000513615189991,0.00665536380180892,0.3074626865671642,0.44972039312444384,5.885369832554693e-10
20260130,0.7,0.03,5000,300,percent,335,0.743445817850448,0.3151628428562062,0.538419956004179,0.0,0.330906511311408,0.07494077983385469
20260130,0.7,0.03,5000,300,rank,335,0.45427890186527703,0.0002041556564692,0.006469141675717659,0.3164179104477612,0.44983384300168394,2.320600335053455e-09
20260130,0.7,0.03,5000,500,percent,335,0.743445817850448,0.3151628428562062,0.538419956004179,0.0,0.330906511311408,0.07494077983385469
20260130,0.7,0.03,5000,500,rank,335,0.45427890186527703,0.0002041556564692,0.006469141675717659,0.3164179104477612,0.44983384300168394,2.320600335053455e-09
20260130,0.7,0.03,5000,800,percent,335,0.743445817850448,0.3151628428562062,0.538419956004179,0.0,0.330906511311408,0.07494077983385469
20260130,0.7,0.03,5000,800,rank,335,0.45427890186527703,0.0002041556564692,0.006469141675717659,0.3164179104477612,0.44983384300168394,2.320600335053455e-09
20260130,0.7,0.05,1000,300,percent,335,0.8417494349558241,0.4777409625702317,0.6777543535472574,0.0,0.32012811221437115,0.07275646770824086
20260130,0.7,0.05,1000,300,rank,335,0.4625860951786524,0.0010256045159753,0.007626047941930439,0.28955223880597014,0.4535675600531015,3.647710641332452e-07
20260130,0.7,0.05,1000,500,percent,335,0.8417494349558241,0.4777409625702317,0.6777543535472574,0.0,0.32012811221437115,0.07275646770824086
20260130,0.7,0.05,1000,500,rank,335,0.4625860951786524,0.0010256045159753,0.007626047941930439,0.28955223880597014,0.4535675600531015,3.647710641332452e-07
20260130,0.7,0.05,1000,800,percent,335,0.8417494349558241,0.4777409625702317,0.6777543535472574,0.0,0.32012811221437115,0.07275646770824086
20260130,0.7,0.05,1000,800,rank,335,0.4625860951786524,0.0010256045159753,0.007626047941930439,0.28955223880597014,0.4535675600531015,3.647710641332452e-07
20260130,0.7,0.05,2000,300,percent,335,0.8415254075211059,0.478474119483195,0.6790560093763557,0.0,0.320034240596062,0.07245614441532924
20260130,0.7,0.05,2000,300,rank,335,0.46288932594100596,0.0005333673144036,0.0072869896819069795,0.2865671641791045,0.4539029697322038,6.719874108713638e-07
20260130,0.7,0.05,2000,500,percent,335,0.8415254075211059,0.478474119483195,0.6790560093763557,0.0,0.320034240596062,0.07245614441532924
20260130,0.7,0.05,2000,500,rank,335,0.46288932594100596,0.0005333673144036,0.0072869896819069795,0.2865671641791045,0.4539029697322038,6.719874108713638e-07
20260130,0.7,0.05,2000,800,percent,335,0.8415254075211059,0.478474119483195,0.6790560093763557,0.0,0.320034240596062,0.07245614441532924
20260130,0.7,0.05,2000,800,rank,335,0.46288932594100596,0.0005333673144036,0.0072869896819069795,0.2865671641791045,0.4539029697322038,6.719874108713638e-07
20260130,0.7,0.05,5000,300,percent,335,0.8413211119937675,0.4731372473531702,0.6808820868213343,0.0,0.3200585615107743,0.07261375821620056
20260130,0.7,0.05,5000,300,rank,335,0.46293706979550825,0.0002456877226053,0.00733115660635336,0.2865671641791045,0.45393704571824084,1.8342359801673007e-06
20260130,0.7,0.05,5000,500,percent,335,0.8413211119937675,0.4731372473531702,0.6808820868213343,0.0,0.3200585615107743,0.07261375821620056
20260130,0.7,0.05,5000,500,rank,335,0.46293706979550825,0.0002456877226053,0.00733115660635336,0.2865671641791045,0.45393704571824084,1.8342359801673007e-06
20260130,0.7,0.05,5000,800,percent,335,0.8413211119937675,0.4731372473531702,0.6808820868213343,0.0,0.3200585615107743,0.07261375821620056
20260130,0.7,0.05,5000,800,rank,335,0.46293706979550825,0.0002456877226053,0.00733115660635336,0.2865671641791045,0.45393704571824084,1.8342359801673007e-06
20260130,0.7,0.1,1000,300,percent,335,0.9341649523626668,0.7310673775270415,0.8480527482573081,0.0,0.3110118396884472,0.06960294500410538
20260130,0.7,0.1,1000,300,rank,335,0.47956616821882075,0.0014969093901388,0.0132970419617806,0.2716417910447761,0.4568406827082476,0.00010010671679672147
20260130,0.7,0.1,1000,500,percent,335,0.9341649523626668,0.7310673775270415,0.8480527482573081,0.0,0.3110118396884472,0.06960294500410538
20260130,0.7,0.1,1000,500,rank,335,0.47956616821882075,0.0014969093901388,0.0132970419617806,0.2716417910447761,0.4568406827082476,0.00010010671679672147
20260130,0.7,0.1,1000,800,percent,335,0.9341649523626668,0.7310673775270415,0.8480527482573081,0.0,0.3110118396884472,0.06960294500410538
20260130,0.7,0.1,1000,800,rank,335,0.47956616821882075,0.0014969093901388,0.0132970419617806,0.2716417910447761,0.4568406827082476,0.00010010671679672147
20260130,0.7,0.1,2000,300,percent,335,0.9340952391579864,0.7338588870141277,0.8480783082158518,0.0,0.31096650975186224,0.06964049005209379
20260130,0.7,0.1,2000,300,rank,335,0.4796595973420934,0.0009430924905123,0.01228875723387118,0.2716417910447761,0.4570613078869181,0.0001088642546050051
20260130,0.7,0.1,2000,500,percent,335,0.9340952391579864,0.7338588870141277,0.8480783082158518,0.0,0.31096650975186224,0.06964049005209379
20260130,0.7,0.1,2000,500,rank,335,0.4796595973420934,0.0009430924905123,0.01228875723387118,0.2716417910447761,0.4570613078869181,0.0001088642546050051
20260130,0.7,0.1,2000,800,percent,335,0.9340952391579864,0.7338588870141277,0.8480783082158518,0.0,0.31096650975186224,0.06964049005209379
20260130,0.7,0.1,2000,800,rank,335,0.4796595973420934,0.0009430924905123,0.01228875723387118,0.2716417910447761,0.4570613078869181,0.0001088642546050051
20260130,0.7,0.1,5000,300,percent,335,0.9340458316993412,0.7312990214358485,0.8478998029379987,0.0,0.3109840997599723,0.06935756836589704
20260130,0.7,0.1,5000,300,rank,335,0.47972095017369887,0.0005629912567989,0.012449281629004438,0.28059701492537314,0.457023094268515,0.00010583651596424139
20260130,0.7,0.1,5000,500,percent,335,0.9340458316993412,0.7312990214358485,0.8478998029379987,0.0,0.3109840997599723,0.06935756836589704
20260130,0.7,0.1,5000,500,rank,335,0.47972095017369887,0.0005629912567989,0.012449281629004438,0.28059701492537314,0.457023094268515,0.00010583651596424139
20260130,0.7,0.1,5000,800,percent,335,0.9340458316993412,0.7312990214358485,0.8478998029379987,0.0,0.3109840997599723,0.06935756836589704
20260130,0.7,0.1,5000,800,rank,335,0.47972095017369887,0.0005629912567989,0.012449281629004438,0.28059701492537314,0.457023094268515,0.00010583651596424139
