season_test,model,epoch,train_loss,val_loss,lr
1,pytorch_deep_resnet,0,5.977983442636637,0.0,0.001
1,pytorch_deep_resnet,1,1.071763242666538,0.0,0.001
1,pytorch_deep_resnet,2,0.762051828778707,0.0,0.001
1,pytorch_deep_resnet,3,0.6779075689040698,0.0,0.001
1,pytorch_deep_resnet,4,0.6361542023145236,0.0,0.001
1,pytorch_deep_resnet,5,0.4992108413806328,0.0,0.001
1,pytorch_deep_resnet,6,0.4615877540065692,0.0,0.001
1,pytorch_deep_resnet,7,0.4733862257920779,0.0,0.001
1,pytorch_deep_resnet,8,0.3933014130363098,0.0,0.001
1,pytorch_deep_resnet,9,0.4032520600236379,0.0,0.001
1,pytorch_deep_resnet,10,0.36983154943356145,0.0,0.001
1,pytorch_deep_resnet,11,0.391839854992353,0.0,0.001
1,pytorch_deep_resnet,12,0.2874123167533141,0.0,0.001
1,pytorch_deep_resnet,13,0.343498625434362,0.0,0.001
1,pytorch_deep_resnet,14,0.3185113708560283,0.0,0.001
1,pytorch_deep_resnet,15,0.3114051497899569,0.0,0.001
1,pytorch_deep_resnet,16,0.32521075640733427,0.0,0.001
1,pytorch_deep_resnet,17,0.31025953132372636,0.0,0.001
1,pytorch_deep_resnet,18,0.29859392115703,0.0,0.001
1,pytorch_deep_resnet,19,0.2857050540355536,0.0,0.001
1,pytorch_deep_resnet,20,0.2832924035879282,0.0,0.001
1,pytorch_deep_resnet,21,0.26639030845119405,0.0,0.001
1,pytorch_deep_resnet,22,0.2999253763029209,0.0,0.001
1,pytorch_deep_resnet,23,0.33283751285993135,0.0,0.001
1,pytorch_deep_resnet,24,0.27211074703014815,0.0,0.001
1,pytorch_deep_resnet,25,0.2905667323905688,0.0,0.001
1,pytorch_deep_resnet,26,0.27894377078001314,0.0,0.001
1,pytorch_deep_resnet,27,0.2564694285392761,0.0,0.001
1,pytorch_deep_resnet,28,0.26384042318050677,0.0,0.001
1,pytorch_deep_resnet,29,0.22441090127596489,0.0,0.001
1,pytorch_deep_resnet,30,0.24272255785763264,0.0,0.001
1,pytorch_deep_resnet,31,0.25355604749459487,0.0,0.001
1,pytorch_deep_resnet,32,0.2635376126720355,0.0,0.001
1,pytorch_deep_resnet,33,0.2410311165910501,0.0,0.001
1,pytorch_deep_resnet,34,0.241924573882268,0.0,0.001
1,pytorch_deep_resnet,35,0.21742262032169563,0.0,0.001
1,pytorch_deep_resnet,36,0.2439821631862567,0.0,0.001
1,pytorch_deep_resnet,37,0.22303519369317934,0.0,0.001
1,pytorch_deep_resnet,38,0.22631539519016558,0.0,0.001
1,pytorch_deep_resnet,39,0.23450317004552254,0.0,0.001
1,pytorch_deep_resnet,40,0.24617362996706596,0.0,0.001
1,pytorch_deep_resnet,41,0.21429330826951906,0.0,0.001
1,pytorch_deep_resnet,42,0.19905145451999628,0.0,0.001
1,pytorch_deep_resnet,43,0.20024718745396689,0.0,0.001
1,pytorch_deep_resnet,44,0.20996960940269324,0.0,0.001
1,pytorch_deep_resnet,45,0.21483416396837968,0.0,0.001
1,pytorch_deep_resnet,46,0.17305561584921983,0.0,0.001
1,pytorch_deep_resnet,47,0.2142082667694642,0.0,0.001
1,pytorch_deep_resnet,48,0.17126274280823195,0.0,0.001
1,pytorch_deep_resnet,49,0.18138227210595056,0.0,0.001
1,pytorch_deep_resnet,50,0.19795516677773917,0.0,0.001
1,pytorch_deep_resnet,51,0.17329595481547025,0.0,0.001
1,pytorch_deep_resnet,52,0.20608806896668214,0.0,0.001
1,pytorch_deep_resnet,53,0.1996623114324533,0.0,0.001
1,pytorch_deep_resnet,54,0.17429252771230844,0.0,0.001
1,pytorch_deep_resnet,55,0.19983299492070308,0.0,0.001
1,pytorch_deep_resnet,56,0.16733799244348818,0.0,0.001
1,pytorch_deep_resnet,57,0.17019926498715693,0.0,0.001
1,pytorch_deep_resnet,58,0.17192907889301962,0.0,0.001
1,pytorch_deep_resnet,59,0.1836525431046119,0.0,0.001
1,pytorch_deep_resnet,60,0.1588262660572162,0.0,0.001
1,pytorch_deep_resnet,61,0.16429311868089896,0.0,0.001
1,pytorch_deep_resnet,62,0.17129761037918237,0.0,0.001
1,pytorch_deep_resnet,63,0.1539818449662282,0.0,0.001
1,pytorch_deep_resnet,64,0.17171705456880423,0.0,0.001
1,pytorch_deep_resnet,65,0.15453789984950653,0.0,0.001
1,pytorch_deep_resnet,66,0.1552312970161438,0.0,0.001
1,pytorch_deep_resnet,67,0.18042584967154723,0.0,0.001
1,pytorch_deep_resnet,68,0.16178121804617918,0.0,0.001
1,pytorch_deep_resnet,69,0.14536270269980797,0.0,0.001
1,pytorch_deep_resnet,70,0.14885676766817385,0.0,0.001
1,pytorch_deep_resnet,71,0.14921417101644552,0.0,0.001
1,pytorch_deep_resnet,72,0.1458624667273118,0.0,0.001
1,pytorch_deep_resnet,73,0.1228017251078899,0.0,0.001
1,pytorch_deep_resnet,74,0.1472097924695565,0.0,0.001
1,pytorch_deep_resnet,75,0.14672363750063455,0.0,0.001
1,pytorch_deep_resnet,76,0.1285932698788551,0.0,0.001
1,pytorch_deep_resnet,77,0.13691755584799326,0.0,0.001
1,pytorch_deep_resnet,78,0.1427173148124264,0.0,0.001
1,pytorch_deep_resnet,79,0.13311360805080488,0.0,0.001
1,pytorch_deep_resnet,80,0.13865248257151017,0.0,0.001
1,pytorch_deep_resnet,81,0.12709966932351774,0.0,0.001
1,pytorch_deep_resnet,82,0.13051176758912894,0.0,0.001
1,pytorch_deep_resnet,83,0.13104182596390063,0.0,0.001
1,pytorch_deep_resnet,84,0.11184385934701332,0.0,0.001
1,pytorch_deep_resnet,85,0.11836821514253433,0.0,0.001
1,pytorch_deep_resnet,86,0.12882393942429468,0.0,0.001
1,pytorch_deep_resnet,87,0.10562301326829654,0.0,0.001
1,pytorch_deep_resnet,88,0.12471793892864998,0.0,0.001
1,pytorch_deep_resnet,89,0.10755113540933682,0.0,0.001
1,pytorch_deep_resnet,90,0.11463482677936554,0.0,0.001
1,pytorch_deep_resnet,91,0.120706729304332,0.0,0.001
1,pytorch_deep_resnet,92,0.11867759949885882,0.0,0.001
1,pytorch_deep_resnet,93,0.10702464185081996,0.0,0.001
1,pytorch_deep_resnet,94,0.10744161058503848,0.0,0.001
1,pytorch_deep_resnet,95,0.10398951860574576,0.0,0.001
1,pytorch_deep_resnet,96,0.09325728465158206,0.0,0.001
1,pytorch_deep_resnet,97,0.09535430343105243,0.0,0.001
1,pytorch_deep_resnet,98,0.10018992610275745,0.0,0.001
1,pytorch_deep_resnet,99,0.10475979630763714,0.0,0.001
1,pytorch_attention_net,0,7.619539517622727,0.0,0.001
1,pytorch_attention_net,1,5.71159133544335,0.0,0.001
1,pytorch_attention_net,2,2.0004977205624948,0.0,0.001
1,pytorch_attention_net,3,0.4771084613524951,0.0,0.001
1,pytorch_attention_net,4,0.4283859168107693,0.0,0.001
1,pytorch_attention_net,5,0.3491684782963533,0.0,0.001
1,pytorch_attention_net,6,0.33273402601480484,0.0,0.001
1,pytorch_attention_net,7,0.34903016457190883,0.0,0.001
1,pytorch_attention_net,8,0.304619536950038,0.0,0.001
1,pytorch_attention_net,9,0.26192183104845196,0.0,0.001
1,pytorch_attention_net,10,0.34569511447961515,0.0,0.001
1,pytorch_attention_net,11,0.2943249224470212,0.0,0.001
1,pytorch_attention_net,12,0.3375924645135036,0.0,0.001
1,pytorch_attention_net,13,0.2942294071500118,0.0,0.001
1,pytorch_attention_net,14,0.26009329694968003,0.0,0.001
1,pytorch_attention_net,15,0.275725642649027,0.0,0.001
1,pytorch_attention_net,16,0.25099613345586336,0.0,0.001
1,pytorch_attention_net,17,0.2681680080982355,0.0,0.001
1,pytorch_attention_net,18,0.25008073964944255,0.0,0.001
1,pytorch_attention_net,19,0.2692524561515221,0.0,0.001
1,pytorch_attention_net,20,0.2557107966679793,0.0,0.001
1,pytorch_attention_net,21,0.23565285223034713,0.0,0.001
1,pytorch_attention_net,22,0.2738448433004893,0.0,0.001
1,pytorch_attention_net,23,0.24863837544734663,0.0,0.001
1,pytorch_attention_net,24,0.2288849221972319,0.0,0.001
1,pytorch_attention_net,25,0.23795437354307908,0.0,0.001
1,pytorch_attention_net,26,0.25225847128492135,0.0,0.001
1,pytorch_attention_net,27,0.2170130513035334,0.0,0.001
1,pytorch_attention_net,28,0.23456847151884666,0.0,0.001
1,pytorch_attention_net,29,0.2554890610850774,0.0,0.001
1,pytorch_attention_net,30,0.22734936957175916,0.0,0.001
1,pytorch_attention_net,31,0.2218182350580509,0.0,0.001
1,pytorch_attention_net,32,0.2184118154243781,0.0,0.001
1,pytorch_attention_net,33,0.21227234315413696,0.0,0.001
1,pytorch_attention_net,34,0.21135433476704818,0.0,0.001
1,pytorch_attention_net,35,0.23821485357788894,0.0,0.001
1,pytorch_attention_net,36,0.21958660706877708,0.0,0.001
1,pytorch_attention_net,37,0.2246504549223643,0.0,0.001
1,pytorch_attention_net,38,0.19803297634308153,0.0,0.001
1,pytorch_attention_net,39,0.194717733332744,0.0,0.001
1,pytorch_attention_net,40,0.2202803581379927,0.0,0.001
1,pytorch_attention_net,41,0.1868609101153337,0.0,0.001
1,pytorch_attention_net,42,0.22599060976734528,0.0,0.001
1,pytorch_attention_net,43,0.1995096504688263,0.0,0.001
1,pytorch_attention_net,44,0.18043219183499998,0.0,0.001
1,pytorch_attention_net,45,0.20655908406927034,0.0,0.001
1,pytorch_attention_net,46,0.17206859388030493,0.0,0.001
1,pytorch_attention_net,47,0.19950394790906173,0.0,0.001
1,pytorch_attention_net,48,0.19937894264092812,0.0,0.001
1,pytorch_attention_net,49,0.192998117265793,0.0,0.001
1,pytorch_attention_net,50,0.18101532871906573,0.0,0.001
1,pytorch_attention_net,51,0.17343284791478744,0.0,0.001
1,pytorch_attention_net,52,0.1944390907883644,0.0,0.001
1,pytorch_attention_net,53,0.16061233987028783,0.0,0.001
1,pytorch_attention_net,54,0.1672564633190632,0.0,0.001
1,pytorch_attention_net,55,0.17509607282968667,0.0,0.001
1,pytorch_attention_net,56,0.1773994040603821,0.0,0.001
1,pytorch_attention_net,57,0.17604564330898798,0.0,0.001
1,pytorch_attention_net,58,0.16196446507596052,0.0,0.001
1,pytorch_attention_net,59,0.16902653930278924,0.0,0.001
1,pytorch_attention_net,60,0.17520252443276918,0.0,0.001
1,pytorch_attention_net,61,0.1577023117301556,0.0,0.001
1,pytorch_attention_net,62,0.16254832968115807,0.0,0.001
1,pytorch_attention_net,63,0.1463990344737585,0.0,0.001
1,pytorch_attention_net,64,0.17196751271302885,0.0,0.001
1,pytorch_attention_net,65,0.14019502813999468,0.0,0.001
1,pytorch_attention_net,66,0.14563605905725405,0.0,0.001
1,pytorch_attention_net,67,0.14466053591324732,0.0,0.001
1,pytorch_attention_net,68,0.1432193433149503,0.0,0.001
1,pytorch_attention_net,69,0.15358084626495838,0.0,0.001
1,pytorch_attention_net,70,0.1419725389434741,0.0,0.001
1,pytorch_attention_net,71,0.13801673928705546,0.0,0.001
1,pytorch_attention_net,72,0.14522415170302758,0.0,0.001
1,pytorch_attention_net,73,0.1306336221213524,0.0,0.001
1,pytorch_attention_net,74,0.1338365635333153,0.0,0.001
1,pytorch_attention_net,75,0.13697501845084703,0.0,0.001
1,pytorch_attention_net,76,0.1288633017012706,0.0,0.001
1,pytorch_attention_net,77,0.15043157897889614,0.0,0.001
1,pytorch_attention_net,78,0.13967156037688255,0.0,0.001
1,pytorch_attention_net,79,0.119245583907916,0.0,0.001
1,pytorch_attention_net,80,0.11981479436732255,0.0,0.001
1,pytorch_attention_net,81,0.1118538614649039,0.0,0.001
1,pytorch_attention_net,82,0.12978133809967682,0.0,0.001
1,pytorch_attention_net,83,0.11983308898141751,0.0,0.001
1,pytorch_attention_net,84,0.1264409256669191,0.0,0.001
1,pytorch_attention_net,85,0.1193667991230121,0.0,0.001
1,pytorch_attention_net,86,0.10608788737310813,0.0,0.001
1,pytorch_attention_net,87,0.13013293178608784,0.0,0.001
1,pytorch_attention_net,88,0.12014446221292019,0.0,0.001
1,pytorch_attention_net,89,0.13110009437570205,0.0,0.001
1,pytorch_attention_net,90,0.12018545559392525,0.0,0.001
1,pytorch_attention_net,91,0.1077249669111692,0.0,0.001
1,pytorch_attention_net,92,0.10930815883553945,0.0,0.001
1,pytorch_attention_net,93,0.10466409617891678,0.0,0.001
1,pytorch_attention_net,94,0.10704907001211093,0.0,0.001
1,pytorch_attention_net,95,0.10679560484221348,0.0,0.001
1,pytorch_attention_net,96,0.1049853007380779,0.0,0.001
1,pytorch_attention_net,97,0.11293826323862259,0.0,0.001
1,pytorch_attention_net,98,0.11103741652690448,0.0,0.001
1,pytorch_attention_net,99,0.1034837901019133,0.0,0.001
1,pytorch_uncertainty_net,0,4.096795366360591,0.0,0.001
1,pytorch_uncertainty_net,1,2.6506929947779727,0.0,0.001
1,pytorch_uncertainty_net,2,1.8151504489091725,0.0,0.001
1,pytorch_uncertainty_net,3,1.3780617943176856,0.0,0.001
1,pytorch_uncertainty_net,4,1.0424033036598792,0.0,0.001
1,pytorch_uncertainty_net,5,0.9699761684124286,0.0,0.001
1,pytorch_uncertainty_net,6,0.8924258488875169,0.0,0.001
1,pytorch_uncertainty_net,7,0.9376607560194455,0.0,0.001
1,pytorch_uncertainty_net,8,1.0630624271356142,0.0,0.001
1,pytorch_uncertainty_net,9,0.8828645302699163,0.0,0.001
1,pytorch_uncertainty_net,10,0.7571698690836246,0.0,0.001
1,pytorch_uncertainty_net,11,0.7496506159122174,0.0,0.001
1,pytorch_uncertainty_net,12,0.7833164999118218,0.0,0.001
1,pytorch_uncertainty_net,13,0.7172436439074003,0.0,0.001
1,pytorch_uncertainty_net,14,0.8287769899918482,0.0,0.001
1,pytorch_uncertainty_net,15,0.7073136934867272,0.0,0.001
1,pytorch_uncertainty_net,16,0.7336736630934936,0.0,0.001
1,pytorch_uncertainty_net,17,0.718048135821636,0.0,0.001
1,pytorch_uncertainty_net,18,0.7552793117669913,0.0,0.001
1,pytorch_uncertainty_net,19,0.7451834094065887,0.0,0.001
1,pytorch_uncertainty_net,20,0.616275511108912,0.0,0.001
1,pytorch_uncertainty_net,21,0.8801966710732534,0.0,0.001
1,pytorch_uncertainty_net,22,0.6424898894933554,0.0,0.001
1,pytorch_uncertainty_net,23,0.6844237160224181,0.0,0.001
1,pytorch_uncertainty_net,24,0.7148014719669635,0.0,0.001
1,pytorch_uncertainty_net,25,0.6789027051283762,0.0,0.001
1,pytorch_uncertainty_net,26,0.6291667899260154,0.0,0.001
1,pytorch_uncertainty_net,27,0.7152915700123861,0.0,0.001
1,pytorch_uncertainty_net,28,0.676908552646637,0.0,0.001
1,pytorch_uncertainty_net,29,0.6157595641337908,0.0,0.001
1,pytorch_uncertainty_net,30,0.6321750248853977,0.0,0.001
1,pytorch_uncertainty_net,31,0.5613612074118394,0.0,0.001
1,pytorch_uncertainty_net,32,0.6742590854947383,0.0,0.001
1,pytorch_uncertainty_net,33,0.5895055968027848,0.0,0.001
1,pytorch_uncertainty_net,34,0.6117191658570216,0.0,0.001
1,pytorch_uncertainty_net,35,0.5535781618494254,0.0,0.001
1,pytorch_uncertainty_net,36,0.5486170110794214,0.0,0.001
1,pytorch_uncertainty_net,37,0.5984131338504645,0.0,0.001
1,pytorch_uncertainty_net,38,0.5538306465515723,0.0,0.001
1,pytorch_uncertainty_net,39,0.6064166203141212,0.0,0.001
1,pytorch_uncertainty_net,40,0.5069564632498301,0.0,0.001
1,pytorch_uncertainty_net,41,0.5297741488768504,0.0,0.001
1,pytorch_uncertainty_net,42,0.5512634040071414,0.0,0.001
1,pytorch_uncertainty_net,43,0.5226345302966925,0.0,0.001
1,pytorch_uncertainty_net,44,0.5762515744337668,0.0,0.001
1,pytorch_uncertainty_net,45,0.5561395339094676,0.0,0.001
1,pytorch_uncertainty_net,46,0.4847487962016693,0.0,0.001
1,pytorch_uncertainty_net,47,0.5202717437193944,0.0,0.001
1,pytorch_uncertainty_net,48,0.5178372378532703,0.0,0.001
1,pytorch_uncertainty_net,49,0.5180705573696357,0.0,0.001
1,pytorch_uncertainty_net,50,0.5412086248397827,0.0,0.001
1,pytorch_uncertainty_net,51,0.5362628790048453,0.0,0.001
1,pytorch_uncertainty_net,52,0.4638341814279556,0.0,0.001
1,pytorch_uncertainty_net,53,0.4499496032412236,0.0,0.001
1,pytorch_uncertainty_net,54,0.4814970063475462,0.0,0.001
1,pytorch_uncertainty_net,55,0.4058254524492301,0.0,0.001
1,pytorch_uncertainty_net,56,0.5016788347409322,0.0,0.001
1,pytorch_uncertainty_net,57,0.49179278772610885,0.0,0.001
1,pytorch_uncertainty_net,58,0.40539429594690984,0.0,0.001
1,pytorch_uncertainty_net,59,0.5365200375135128,0.0,0.001
1,pytorch_uncertainty_net,60,0.42440104713806737,0.0,0.001
1,pytorch_uncertainty_net,61,0.43391570534843665,0.0,0.001
1,pytorch_uncertainty_net,62,0.44721366035250515,0.0,0.001
1,pytorch_uncertainty_net,63,0.5250595710598506,0.0,0.001
1,pytorch_uncertainty_net,64,0.4085515428764316,0.0,0.001
1,pytorch_uncertainty_net,65,0.3733199003797311,0.0,0.001
1,pytorch_uncertainty_net,66,0.39288644091441083,0.0,0.001
1,pytorch_uncertainty_net,67,0.4975124325316686,0.0,0.001
1,pytorch_uncertainty_net,68,0.36442116647958755,0.0,0.001
1,pytorch_uncertainty_net,69,0.42137002228544307,0.0,0.001
1,pytorch_uncertainty_net,70,0.4053587947900479,0.0,0.001
1,pytorch_uncertainty_net,71,0.39752486692025113,0.0,0.001
1,pytorch_uncertainty_net,72,0.4210396403303513,0.0,0.001
1,pytorch_uncertainty_net,73,0.34479597354164493,0.0,0.001
1,pytorch_uncertainty_net,74,0.3013480208957425,0.0,0.001
1,pytorch_uncertainty_net,75,0.4545792884981403,0.0,0.001
1,pytorch_uncertainty_net,76,0.32338909131403154,0.0,0.001
1,pytorch_uncertainty_net,77,0.30452104242375266,0.0,0.001
1,pytorch_uncertainty_net,78,0.43346920795738697,0.0,0.001
1,pytorch_uncertainty_net,79,0.3630314263013693,0.0,0.001
1,pytorch_uncertainty_net,80,0.3740035765446149,0.0,0.001
1,pytorch_uncertainty_net,81,0.34116708329663825,0.0,0.001
1,pytorch_uncertainty_net,82,0.36441050126002383,0.0,0.001
1,pytorch_uncertainty_net,83,0.3499630027665542,0.0,0.001
1,pytorch_uncertainty_net,84,0.3205720455600665,0.0,0.001
1,pytorch_uncertainty_net,85,0.3179092685190531,0.0,0.001
1,pytorch_uncertainty_net,86,0.29299215950931495,0.0,0.001
1,pytorch_uncertainty_net,87,0.3203596491366625,0.0,0.001
1,pytorch_uncertainty_net,88,0.29473312113147515,0.0,0.001
1,pytorch_uncertainty_net,89,0.29321737666256154,0.0,0.001
1,pytorch_uncertainty_net,90,0.2816581219578019,0.0,0.001
1,pytorch_uncertainty_net,91,0.30810304458897847,0.0,0.001
1,pytorch_uncertainty_net,92,0.3109754803948678,0.0,0.001
1,pytorch_uncertainty_net,93,0.2935761287808418,0.0,0.001
1,pytorch_uncertainty_net,94,0.2961796930489632,0.0,0.001
1,pytorch_uncertainty_net,95,0.22393356822431087,0.0,0.001
1,pytorch_uncertainty_net,96,0.26298029204973805,0.0,0.001
1,pytorch_uncertainty_net,97,0.2655365021469501,0.0,0.001
1,pytorch_uncertainty_net,98,0.3032970752996894,0.0,0.001
1,pytorch_uncertainty_net,99,0.30177683612475026,0.0,0.001
2,pytorch_deep_resnet,0,6.918993142934946,0.0,0.001
2,pytorch_deep_resnet,1,1.590991267791161,0.0,0.001
2,pytorch_deep_resnet,2,0.7589323497735537,0.0,0.001
2,pytorch_deep_resnet,3,0.6820423614520293,0.0,0.001
2,pytorch_deep_resnet,4,0.616196469618724,0.0,0.001
2,pytorch_deep_resnet,5,0.47876898371256316,0.0,0.001
2,pytorch_deep_resnet,6,0.5087149085906836,0.0,0.001
2,pytorch_deep_resnet,7,0.48356000735209537,0.0,0.001
2,pytorch_deep_resnet,8,0.4917983894164746,0.0,0.001
2,pytorch_deep_resnet,9,0.4194488496734546,0.0,0.001
2,pytorch_deep_resnet,10,0.39846180895200145,0.0,0.001
2,pytorch_deep_resnet,11,0.4039754672692372,0.0,0.001
2,pytorch_deep_resnet,12,0.46582221870238966,0.0,0.001
2,pytorch_deep_resnet,13,0.40466130582185894,0.0,0.001
2,pytorch_deep_resnet,14,0.3792596465119949,0.0,0.001
2,pytorch_deep_resnet,15,0.3699827045202255,0.0,0.001
2,pytorch_deep_resnet,16,0.327433311022245,0.0,0.001
2,pytorch_deep_resnet,17,0.33987963658112746,0.0,0.001
2,pytorch_deep_resnet,18,0.3864352468114633,0.0,0.001
2,pytorch_deep_resnet,19,0.34558156992380434,0.0,0.001
2,pytorch_deep_resnet,20,0.3610437936507739,0.0,0.001
2,pytorch_deep_resnet,21,0.3359813472399345,0.0,0.001
2,pytorch_deep_resnet,22,0.2943018743625054,0.0,0.001
2,pytorch_deep_resnet,23,0.3175320075108455,0.0,0.001
2,pytorch_deep_resnet,24,0.3152838974044873,0.0,0.001
2,pytorch_deep_resnet,25,0.2913017963560728,0.0,0.001
2,pytorch_deep_resnet,26,0.33850712844958675,0.0,0.001
2,pytorch_deep_resnet,27,0.285879448056221,0.0,0.001
2,pytorch_deep_resnet,28,0.274614732999068,0.0,0.001
2,pytorch_deep_resnet,29,0.301445226256664,0.0,0.001
2,pytorch_deep_resnet,30,0.31642039636006725,0.0,0.001
2,pytorch_deep_resnet,31,0.25544091772574645,0.0,0.001
2,pytorch_deep_resnet,32,0.2910026489542081,0.0,0.001
2,pytorch_deep_resnet,33,0.29101046232076794,0.0,0.001
2,pytorch_deep_resnet,34,0.2728600673950635,0.0,0.001
2,pytorch_deep_resnet,35,0.29642988512149226,0.0,0.001
2,pytorch_deep_resnet,36,0.28569450773871863,0.0,0.001
2,pytorch_deep_resnet,37,0.22535881285484022,0.0,0.001
2,pytorch_deep_resnet,38,0.2754824972496583,0.0,0.001
2,pytorch_deep_resnet,39,0.2466415946300213,0.0,0.001
2,pytorch_deep_resnet,40,0.25421276688575745,0.0,0.001
2,pytorch_deep_resnet,41,0.2718614058998915,0.0,0.001
2,pytorch_deep_resnet,42,0.26267465834434217,0.0,0.001
2,pytorch_deep_resnet,43,0.21494091187532133,0.0,0.001
2,pytorch_deep_resnet,44,0.2630448430203475,0.0,0.001
2,pytorch_deep_resnet,45,0.21931426083812347,0.0,0.001
2,pytorch_deep_resnet,46,0.24075338932184073,0.0,0.001
2,pytorch_deep_resnet,47,0.22352654372270292,0.0,0.001
2,pytorch_deep_resnet,48,0.23200445650861815,0.0,0.001
2,pytorch_deep_resnet,49,0.24402685921925765,0.0,0.001
2,pytorch_deep_resnet,50,0.23032114640451395,0.0,0.001
2,pytorch_deep_resnet,51,0.23547363940339822,0.0,0.001
2,pytorch_deep_resnet,52,0.20460702278293097,0.0,0.001
2,pytorch_deep_resnet,53,0.2094540730691873,0.0,0.001
2,pytorch_deep_resnet,54,0.24689892249611708,0.0,0.001
2,pytorch_deep_resnet,55,0.19429890668162933,0.0,0.001
2,pytorch_deep_resnet,56,0.2036023005270041,0.0,0.001
2,pytorch_deep_resnet,57,0.22537890248573744,0.0,0.001
2,pytorch_deep_resnet,58,0.2124589948126903,0.0,0.001
2,pytorch_deep_resnet,59,0.1976174250818216,0.0,0.001
2,pytorch_deep_resnet,60,0.17366788650934512,0.0,0.001
2,pytorch_deep_resnet,61,0.18860861487113512,0.0,0.001
2,pytorch_deep_resnet,62,0.20689342084985513,0.0,0.001
2,pytorch_deep_resnet,63,0.18894739506336358,0.0,0.001
2,pytorch_deep_resnet,64,0.20575915592221114,0.0,0.001
2,pytorch_deep_resnet,65,0.19232037147650352,0.0,0.001
2,pytorch_deep_resnet,66,0.19519778083150202,0.0,0.001
2,pytorch_deep_resnet,67,0.14515967265917704,0.0,0.001
2,pytorch_deep_resnet,68,0.17940222586576754,0.0,0.001
2,pytorch_deep_resnet,69,0.16736943102799928,0.0,0.001
2,pytorch_deep_resnet,70,0.19051855000165793,0.0,0.001
2,pytorch_deep_resnet,71,0.16940257956202215,0.0,0.001
2,pytorch_deep_resnet,72,0.1674311295724832,0.0,0.001
2,pytorch_deep_resnet,73,0.17629509619795358,0.0,0.001
2,pytorch_deep_resnet,74,0.15925466125974289,0.0,0.001
2,pytorch_deep_resnet,75,0.14066602991750607,0.0,0.001
2,pytorch_deep_resnet,76,0.1883028782904148,0.0,0.001
2,pytorch_deep_resnet,77,0.164398120286373,0.0,0.001
2,pytorch_deep_resnet,78,0.15223330803788626,0.0,0.001
2,pytorch_deep_resnet,79,0.16039643665918937,0.0,0.001
2,pytorch_deep_resnet,80,0.16002868946928245,0.0,0.001
2,pytorch_deep_resnet,81,0.13937800477903622,0.0,0.001
2,pytorch_deep_resnet,82,0.1465509827606953,0.0,0.001
2,pytorch_deep_resnet,83,0.16240667609068063,0.0,0.001
2,pytorch_deep_resnet,84,0.14886033420379347,0.0,0.001
2,pytorch_deep_resnet,85,0.14371660810250503,0.0,0.001
2,pytorch_deep_resnet,86,0.14871899497050506,0.0,0.001
2,pytorch_deep_resnet,87,0.12399868781750019,0.0,0.001
2,pytorch_deep_resnet,88,0.12429552424985629,0.0,0.001
2,pytorch_deep_resnet,89,0.12417333802351585,0.0,0.001
2,pytorch_deep_resnet,90,0.12785366034278503,0.0,0.001
2,pytorch_deep_resnet,91,0.13510949050004667,0.0,0.001
2,pytorch_deep_resnet,92,0.13539173998511755,0.0,0.001
2,pytorch_deep_resnet,93,0.1174933987024885,0.0,0.001
2,pytorch_deep_resnet,94,0.13213115099530953,0.0,0.001
2,pytorch_deep_resnet,95,0.11488990356715825,0.0,0.001
2,pytorch_deep_resnet,96,0.13763498658171067,0.0,0.001
2,pytorch_deep_resnet,97,0.11568649929876511,0.0,0.001
2,pytorch_deep_resnet,98,0.11589095168388806,0.0,0.001
2,pytorch_deep_resnet,99,0.1330730293232661,0.0,0.001
2,pytorch_attention_net,0,6.565410485634437,0.0,0.001
2,pytorch_attention_net,1,5.151437805249141,0.0,0.001
2,pytorch_attention_net,2,2.044285687116476,0.0,0.001
2,pytorch_attention_net,3,0.4480801723324336,0.0,0.001
2,pytorch_attention_net,4,0.3452695860312535,0.0,0.001
2,pytorch_attention_net,5,0.34868038904208404,0.0,0.001
2,pytorch_attention_net,6,0.28753333682051074,0.0,0.001
2,pytorch_attention_net,7,0.2919494134302323,0.0,0.001
2,pytorch_attention_net,8,0.2888325762290221,0.0,0.001
2,pytorch_attention_net,9,0.29177120643166393,0.0,0.001
2,pytorch_attention_net,10,0.31166227677693736,0.0,0.001
2,pytorch_attention_net,11,0.2896066101697775,0.0,0.001
2,pytorch_attention_net,12,0.2804026285616251,0.0,0.001
2,pytorch_attention_net,13,0.25743335485458374,0.0,0.001
2,pytorch_attention_net,14,0.28421733471063465,0.0,0.001
2,pytorch_attention_net,15,0.26551542860957295,0.0,0.001
2,pytorch_attention_net,16,0.26931013797338194,0.0,0.001
2,pytorch_attention_net,17,0.2156275324523449,0.0,0.001
2,pytorch_attention_net,18,0.2484996777314406,0.0,0.001
2,pytorch_attention_net,19,0.26548061491205144,0.0,0.001
2,pytorch_attention_net,20,0.24105008720205381,0.0,0.001
2,pytorch_attention_net,21,0.24342202825041917,0.0,0.001
2,pytorch_attention_net,22,0.229515484892405,0.0,0.001
2,pytorch_attention_net,23,0.22792361275507853,0.0,0.001
2,pytorch_attention_net,24,0.24049084948805663,0.0,0.001
2,pytorch_attention_net,25,0.1897597384567444,0.0,0.001
2,pytorch_attention_net,26,0.19084306920950228,0.0,0.001
2,pytorch_attention_net,27,0.19528906391217157,0.0,0.001
2,pytorch_attention_net,28,0.23341303805892283,0.0,0.001
2,pytorch_attention_net,29,0.2134097688473188,0.0,0.001
2,pytorch_attention_net,30,0.19710610491725114,0.0,0.001
2,pytorch_attention_net,31,0.19727031571360734,0.0,0.001
2,pytorch_attention_net,32,0.20980397010078797,0.0,0.001
2,pytorch_attention_net,33,0.19873182131693914,0.0,0.001
2,pytorch_attention_net,34,0.20532654627011374,0.0,0.001
2,pytorch_attention_net,35,0.20578723228894746,0.0,0.001
2,pytorch_attention_net,36,0.1665317201270507,0.0,0.001
2,pytorch_attention_net,37,0.20194439045511758,0.0,0.001
2,pytorch_attention_net,38,0.18434412490863067,0.0,0.001
2,pytorch_attention_net,39,0.1630481733725621,0.0,0.001
2,pytorch_attention_net,40,0.17045027648027128,0.0,0.001
2,pytorch_attention_net,41,0.1736856306401583,0.0,0.001
2,pytorch_attention_net,42,0.18890170781658247,0.0,0.001
2,pytorch_attention_net,43,0.1674192289893444,0.0,0.001
2,pytorch_attention_net,44,0.17127336289447087,0.0,0.001
2,pytorch_attention_net,45,0.16762216202914715,0.0,0.001
2,pytorch_attention_net,46,0.15193892470919168,0.0,0.001
2,pytorch_attention_net,47,0.17235638631077912,0.0,0.001
2,pytorch_attention_net,48,0.1743577400652262,0.0,0.001
2,pytorch_attention_net,49,0.1749620007780882,0.0,0.001
2,pytorch_attention_net,50,0.16804796213713977,0.0,0.001
2,pytorch_attention_net,51,0.15719639968413573,0.0,0.001
2,pytorch_attention_net,52,0.15325843270581502,0.0,0.001
2,pytorch_attention_net,53,0.1531309184546654,0.0,0.001
2,pytorch_attention_net,54,0.1541157691524579,0.0,0.001
2,pytorch_attention_net,55,0.14486548963647622,0.0,0.001
2,pytorch_attention_net,56,0.14591084707241792,0.0,0.001
2,pytorch_attention_net,57,0.1544112445643315,0.0,0.001
2,pytorch_attention_net,58,0.14552315410513145,0.0,0.001
2,pytorch_attention_net,59,0.14272348210215569,0.0,0.001
2,pytorch_attention_net,60,0.13312263041734695,0.0,0.001
2,pytorch_attention_net,61,0.13749413622113374,0.0,0.001
2,pytorch_attention_net,62,0.12400579882355836,0.0,0.001
2,pytorch_attention_net,63,0.15036439895629883,0.0,0.001
2,pytorch_attention_net,64,0.12809810472222474,0.0,0.001
2,pytorch_attention_net,65,0.13465840412447086,0.0,0.001
2,pytorch_attention_net,66,0.14103230447150195,0.0,0.001
2,pytorch_attention_net,67,0.14430724686154953,0.0,0.001
2,pytorch_attention_net,68,0.15106759779155254,0.0,0.001
2,pytorch_attention_net,69,0.14681473259742445,0.0,0.001
2,pytorch_attention_net,70,0.12608137870064148,0.0,0.001
2,pytorch_attention_net,71,0.1356955488713888,0.0,0.001
2,pytorch_attention_net,72,0.12538709190602487,0.0,0.001
2,pytorch_attention_net,73,0.12265619979454921,0.0,0.001
2,pytorch_attention_net,74,0.12550438969181135,0.0,0.001
2,pytorch_attention_net,75,0.12027830114731422,0.0,0.001
2,pytorch_attention_net,76,0.1067492888810543,0.0,0.001
2,pytorch_attention_net,77,0.12936951950765574,0.0,0.001
2,pytorch_attention_net,78,0.11019936834390347,0.0,0.001
2,pytorch_attention_net,79,0.11171934409783436,0.0,0.001
2,pytorch_attention_net,80,0.11790657057785071,0.0,0.001
2,pytorch_attention_net,81,0.11730558052659035,0.0,0.001
2,pytorch_attention_net,82,0.1259797653899743,0.0,0.001
2,pytorch_attention_net,83,0.11317914316000846,0.0,0.001
2,pytorch_attention_net,84,0.10923904151870654,0.0,0.001
2,pytorch_attention_net,85,0.09708385857251975,0.0,0.001
2,pytorch_attention_net,86,0.09733848503002754,0.0,0.001
2,pytorch_attention_net,87,0.11104235898416775,0.0,0.001
2,pytorch_attention_net,88,0.10472809781248753,0.0,0.001
2,pytorch_attention_net,89,0.10059973898415382,0.0,0.001
2,pytorch_attention_net,90,0.09543446064568482,0.0,0.001
2,pytorch_attention_net,91,0.1120589398420774,0.0,0.001
2,pytorch_attention_net,92,0.09476260368067485,0.0,0.001
2,pytorch_attention_net,93,0.11106078169093682,0.0,0.001
2,pytorch_attention_net,94,0.0933933719419516,0.0,0.001
2,pytorch_attention_net,95,0.11656796846252221,0.0,0.001
2,pytorch_attention_net,96,0.10817877346506485,0.0,0.001
2,pytorch_attention_net,97,0.10641053963739139,0.0,0.001
2,pytorch_attention_net,98,0.09612788575199935,0.0,0.001
2,pytorch_attention_net,99,0.09354191717620079,0.0,0.001
2,pytorch_uncertainty_net,0,4.32121664744157,0.0,0.001
2,pytorch_uncertainty_net,1,2.7684898330615115,0.0,0.001
2,pytorch_uncertainty_net,2,1.8184387133671687,0.0,0.001
2,pytorch_uncertainty_net,3,1.3685398652003362,0.0,0.001
2,pytorch_uncertainty_net,4,1.097674466096438,0.0,0.001
2,pytorch_uncertainty_net,5,1.0415847714130695,0.0,0.001
2,pytorch_uncertainty_net,6,0.926747583425962,0.0,0.001
2,pytorch_uncertainty_net,7,1.0002385951005495,0.0,0.001
2,pytorch_uncertainty_net,8,0.9257222620340494,0.0,0.001
2,pytorch_uncertainty_net,9,0.9693865890686328,0.0,0.001
2,pytorch_uncertainty_net,10,0.9551189954464252,0.0,0.001
2,pytorch_uncertainty_net,11,0.8413626849651337,0.0,0.001
2,pytorch_uncertainty_net,12,0.9171701257045453,0.0,0.001
2,pytorch_uncertainty_net,13,0.8778304090866675,0.0,0.001
2,pytorch_uncertainty_net,14,0.7872321215959696,0.0,0.001
2,pytorch_uncertainty_net,15,0.8825288116931915,0.0,0.001
2,pytorch_uncertainty_net,16,0.8277943248932178,0.0,0.001
2,pytorch_uncertainty_net,17,0.9024965556768271,0.0,0.001
2,pytorch_uncertainty_net,18,0.8225554067354935,0.0,0.001
2,pytorch_uncertainty_net,19,0.819730132818222,0.0,0.001
2,pytorch_uncertainty_net,20,0.806574176137264,0.0,0.001
2,pytorch_uncertainty_net,21,0.7635996078069394,0.0,0.001
2,pytorch_uncertainty_net,22,0.8492354315060836,0.0,0.001
2,pytorch_uncertainty_net,23,0.8235929241547217,0.0,0.001
2,pytorch_uncertainty_net,24,0.7868337000791843,0.0,0.001
2,pytorch_uncertainty_net,25,0.8647024906598605,0.0,0.001
2,pytorch_uncertainty_net,26,0.670104653789447,0.0,0.001
2,pytorch_uncertainty_net,27,0.7164184886675614,0.0,0.001
2,pytorch_uncertainty_net,28,0.7645041621648349,0.0,0.001
2,pytorch_uncertainty_net,29,0.8007935468967144,0.0,0.001
2,pytorch_uncertainty_net,30,0.722385884477542,0.0,0.001
2,pytorch_uncertainty_net,31,0.7355041973865949,0.0,0.001
2,pytorch_uncertainty_net,32,0.6332887491354575,0.0,0.001
2,pytorch_uncertainty_net,33,0.7637188984797552,0.0,0.001
2,pytorch_uncertainty_net,34,0.7145545929670334,0.0,0.001
2,pytorch_uncertainty_net,35,0.6429851020757968,0.0,0.001
2,pytorch_uncertainty_net,36,0.7106513369541901,0.0,0.001
2,pytorch_uncertainty_net,37,0.6131586615855877,0.0,0.001
2,pytorch_uncertainty_net,38,0.6389665546325537,0.0,0.001
2,pytorch_uncertainty_net,39,0.6848133825338804,0.0,0.001
2,pytorch_uncertainty_net,40,0.6952245969038743,0.0,0.001
2,pytorch_uncertainty_net,41,0.6002969512572656,0.0,0.001
2,pytorch_uncertainty_net,42,0.6519545717881277,0.0,0.001
2,pytorch_uncertainty_net,43,0.6173438750780545,0.0,0.001
2,pytorch_uncertainty_net,44,0.6354111771170909,0.0,0.001
2,pytorch_uncertainty_net,45,0.5929525689436839,0.0,0.001
2,pytorch_uncertainty_net,46,0.5775297570687074,0.0,0.001
2,pytorch_uncertainty_net,47,0.5768020067077416,0.0,0.001
2,pytorch_uncertainty_net,48,0.5779982541616147,0.0,0.001
2,pytorch_uncertainty_net,49,0.5362023579386564,0.0,0.001
2,pytorch_uncertainty_net,50,0.5682968485813874,0.0,0.001
2,pytorch_uncertainty_net,51,0.5051109567284584,0.0,0.001
2,pytorch_uncertainty_net,52,0.5510481733542222,0.0,0.001
2,pytorch_uncertainty_net,53,0.5433558844603025,0.0,0.001
2,pytorch_uncertainty_net,54,0.591922959456077,0.0,0.001
2,pytorch_uncertainty_net,55,0.533991650893138,0.0,0.001
2,pytorch_uncertainty_net,56,0.4950204703670282,0.0,0.001
2,pytorch_uncertainty_net,57,0.5188568108356916,0.0,0.001
2,pytorch_uncertainty_net,58,0.5759068727493286,0.0,0.001
2,pytorch_uncertainty_net,59,0.5336432405389272,0.0,0.001
2,pytorch_uncertainty_net,60,0.4826037585735321,0.0,0.001
2,pytorch_uncertainty_net,61,0.49361348152160645,0.0,0.001
2,pytorch_uncertainty_net,62,0.42869452559030974,0.0,0.001
2,pytorch_uncertainty_net,63,0.5198748862514129,0.0,0.001
2,pytorch_uncertainty_net,64,0.4828361152456357,0.0,0.001
2,pytorch_uncertainty_net,65,0.5042499733658937,0.0,0.001
2,pytorch_uncertainty_net,66,0.5847708668846351,0.0,0.001
2,pytorch_uncertainty_net,67,0.4871366195953809,0.0,0.001
2,pytorch_uncertainty_net,68,0.4605983209151488,0.0,0.001
2,pytorch_uncertainty_net,69,0.44507458060979843,0.0,0.001
2,pytorch_uncertainty_net,70,0.5350228089552659,0.0,0.001
2,pytorch_uncertainty_net,71,0.49479368271735996,0.0,0.001
2,pytorch_uncertainty_net,72,0.4534172278184157,0.0,0.001
2,pytorch_uncertainty_net,73,0.40501908442148793,0.0,0.001
2,pytorch_uncertainty_net,74,0.5309398982387322,0.0,0.001
2,pytorch_uncertainty_net,75,0.40873208613349843,0.0,0.001
2,pytorch_uncertainty_net,76,0.43628542870283127,0.0,0.001
2,pytorch_uncertainty_net,77,0.4182845869889626,0.0,0.001
2,pytorch_uncertainty_net,78,0.4269294274541048,0.0,0.001
2,pytorch_uncertainty_net,79,0.3373681213706732,0.0,0.001
2,pytorch_uncertainty_net,80,0.370417792063493,0.0,0.001
2,pytorch_uncertainty_net,81,0.4762761994050099,0.0,0.001
2,pytorch_uncertainty_net,82,0.3988917717137016,0.0,0.001
2,pytorch_uncertainty_net,83,0.40519246143790394,0.0,0.001
2,pytorch_uncertainty_net,84,0.34216076508164406,0.0,0.001
2,pytorch_uncertainty_net,85,0.3920196345649086,0.0,0.001
2,pytorch_uncertainty_net,86,0.4150024582273685,0.0,0.001
2,pytorch_uncertainty_net,87,0.35230255212921363,0.0,0.001
2,pytorch_uncertainty_net,88,0.40193108612528217,0.0,0.001
2,pytorch_uncertainty_net,89,0.35149670406602895,0.0,0.001
2,pytorch_uncertainty_net,90,0.3879096790288503,0.0,0.001
2,pytorch_uncertainty_net,91,0.3179419285689409,0.0,0.001
2,pytorch_uncertainty_net,92,0.36344891500014526,0.0,0.001
2,pytorch_uncertainty_net,93,0.38985616341233253,0.0,0.001
2,pytorch_uncertainty_net,94,0.30752523272083354,0.0,0.001
2,pytorch_uncertainty_net,95,0.2701565728594477,0.0,0.001
2,pytorch_uncertainty_net,96,0.3181469735617821,0.0,0.001
2,pytorch_uncertainty_net,97,0.31889451295137405,0.0,0.001
2,pytorch_uncertainty_net,98,0.40353903045447975,0.0,0.001
2,pytorch_uncertainty_net,99,0.3090686437745507,0.0,0.001
3,pytorch_deep_resnet,0,7.06704225906959,0.0,0.001
3,pytorch_deep_resnet,1,1.6456043697320497,0.0,0.001
3,pytorch_deep_resnet,2,0.8846845477819443,0.0,0.001
3,pytorch_deep_resnet,3,0.7473177921313506,0.0,0.001
3,pytorch_deep_resnet,4,0.6857806547329977,0.0,0.001
3,pytorch_deep_resnet,5,0.6577379669134433,0.0,0.001
3,pytorch_deep_resnet,6,0.5769460247113154,0.0,0.001
3,pytorch_deep_resnet,7,0.5749095598092446,0.0,0.001
3,pytorch_deep_resnet,8,0.5651457900038133,0.0,0.001
3,pytorch_deep_resnet,9,0.5226808282045218,0.0,0.001
3,pytorch_deep_resnet,10,0.4523261974637325,0.0,0.001
3,pytorch_deep_resnet,11,0.4757449139769261,0.0,0.001
3,pytorch_deep_resnet,12,0.42596911696287304,0.0,0.001
3,pytorch_deep_resnet,13,0.40558340629706013,0.0,0.001
3,pytorch_deep_resnet,14,0.4252266144523254,0.0,0.001
3,pytorch_deep_resnet,15,0.4284414035769609,0.0,0.001
3,pytorch_deep_resnet,16,0.36990807148126453,0.0,0.001
3,pytorch_deep_resnet,17,0.360612609065496,0.0,0.001
3,pytorch_deep_resnet,18,0.3498253088731032,0.0,0.001
3,pytorch_deep_resnet,19,0.3667490797547194,0.0,0.001
3,pytorch_deep_resnet,20,0.34419843325248134,0.0,0.001
3,pytorch_deep_resnet,21,0.32145577067366016,0.0,0.001
3,pytorch_deep_resnet,22,0.3141794869532952,0.0,0.001
3,pytorch_deep_resnet,23,0.3344591363118245,0.0,0.001
3,pytorch_deep_resnet,24,0.3086154426519687,0.0,0.001
3,pytorch_deep_resnet,25,0.3507972491475252,0.0,0.001
3,pytorch_deep_resnet,26,0.35766734125522465,0.0,0.001
3,pytorch_deep_resnet,27,0.326412045611785,0.0,0.001
3,pytorch_deep_resnet,28,0.3332510298261276,0.0,0.001
3,pytorch_deep_resnet,29,0.3483796692811526,0.0,0.001
3,pytorch_deep_resnet,30,0.324039173240845,0.0,0.001
3,pytorch_deep_resnet,31,0.3135549340110559,0.0,0.001
3,pytorch_deep_resnet,32,0.309621485380026,0.0,0.001
3,pytorch_deep_resnet,33,0.3148909881711006,0.0,0.001
3,pytorch_deep_resnet,34,0.2761299340770795,0.0,0.001
3,pytorch_deep_resnet,35,0.28345884210788286,0.0,0.001
3,pytorch_deep_resnet,36,0.28844574896188885,0.0,0.001
3,pytorch_deep_resnet,37,0.2740239586967688,0.0,0.001
3,pytorch_deep_resnet,38,0.2267098489862222,0.0,0.001
3,pytorch_deep_resnet,39,0.255419062020687,0.0,0.001
3,pytorch_deep_resnet,40,0.24601086085805526,0.0,0.001
3,pytorch_deep_resnet,41,0.24199646768661645,0.0,0.001
3,pytorch_deep_resnet,42,0.2641163021326065,0.0,0.001
3,pytorch_deep_resnet,43,0.26029892838918245,0.0,0.001
3,pytorch_deep_resnet,44,0.22535219215429747,0.0,0.001
3,pytorch_deep_resnet,45,0.2753356293990062,0.0,0.001
3,pytorch_deep_resnet,46,0.2497413783119275,0.0,0.001
3,pytorch_deep_resnet,47,0.27234331231850845,0.0,0.001
3,pytorch_deep_resnet,48,0.24304565099569467,0.0,0.001
3,pytorch_deep_resnet,49,0.23010089735572153,0.0,0.001
3,pytorch_deep_resnet,50,0.23694382034815276,0.0,0.001
3,pytorch_deep_resnet,51,0.2083581559933149,0.0,0.001
3,pytorch_deep_resnet,52,0.23370463888232523,0.0,0.001
3,pytorch_deep_resnet,53,0.1888485155426539,0.0,0.001
3,pytorch_deep_resnet,54,0.20481461372513038,0.0,0.001
3,pytorch_deep_resnet,55,0.2209914644750265,0.0,0.001
3,pytorch_deep_resnet,56,0.23201023844572213,0.0,0.001
3,pytorch_deep_resnet,57,0.20500535718523538,0.0,0.001
3,pytorch_deep_resnet,58,0.1995440601156308,0.0,0.001
3,pytorch_deep_resnet,59,0.19298559369949195,0.0,0.001
3,pytorch_deep_resnet,60,0.2021986455298387,0.0,0.001
3,pytorch_deep_resnet,61,0.2070789632315819,0.0,0.001
3,pytorch_deep_resnet,62,0.20979221509053156,0.0,0.001
3,pytorch_deep_resnet,63,0.2028422218102675,0.0,0.001
3,pytorch_deep_resnet,64,0.20049792556808546,0.0,0.001
3,pytorch_deep_resnet,65,0.1990662394807889,0.0,0.001
3,pytorch_deep_resnet,66,0.19265021297794122,0.0,0.001
3,pytorch_deep_resnet,67,0.19954199057358962,0.0,0.001
3,pytorch_deep_resnet,68,0.1966729132601848,0.0,0.001
3,pytorch_deep_resnet,69,0.1802182366641668,0.0,0.001
3,pytorch_deep_resnet,70,0.16883839695499495,0.0,0.001
3,pytorch_deep_resnet,71,0.16209238280470556,0.0,0.001
3,pytorch_deep_resnet,72,0.17346907836886552,0.0,0.001
3,pytorch_deep_resnet,73,0.16056566255596968,0.0,0.001
3,pytorch_deep_resnet,74,0.1782958759711339,0.0,0.001
3,pytorch_deep_resnet,75,0.17740969302562568,0.0,0.001
3,pytorch_deep_resnet,76,0.15822300888024843,0.0,0.001
3,pytorch_deep_resnet,77,0.16763019303862864,0.0,0.001
3,pytorch_deep_resnet,78,0.1543092429637909,0.0,0.001
3,pytorch_deep_resnet,79,0.16734689130232885,0.0,0.001
3,pytorch_deep_resnet,80,0.14963864133908197,0.0,0.001
3,pytorch_deep_resnet,81,0.1453908272087574,0.0,0.001
3,pytorch_deep_resnet,82,0.15397343326073426,0.0,0.001
3,pytorch_deep_resnet,83,0.14047400252177164,0.0,0.001
3,pytorch_deep_resnet,84,0.14841635740147188,0.0,0.001
3,pytorch_deep_resnet,85,0.13864724696255648,0.0,0.001
3,pytorch_deep_resnet,86,0.15713319483284766,0.0,0.001
3,pytorch_deep_resnet,87,0.14626690917290175,0.0,0.001
3,pytorch_deep_resnet,88,0.1386330617376818,0.0,0.001
3,pytorch_deep_resnet,89,0.16005751175376084,0.0,0.001
3,pytorch_deep_resnet,90,0.15042517735407904,0.0,0.001
3,pytorch_deep_resnet,91,0.14679648440617782,0.0,0.001
3,pytorch_deep_resnet,92,0.12778637973734966,0.0,0.001
3,pytorch_deep_resnet,93,0.1422964629645531,0.0,0.001
3,pytorch_deep_resnet,94,0.1266822312027216,0.0,0.001
3,pytorch_deep_resnet,95,0.13626393733116296,0.0,0.001
3,pytorch_deep_resnet,96,0.13584157924812573,0.0,0.001
3,pytorch_deep_resnet,97,0.13767213832873565,0.0,0.001
3,pytorch_deep_resnet,98,0.13310818202220476,0.0,0.001
3,pytorch_deep_resnet,99,0.10664628360133904,0.0,0.001
3,pytorch_attention_net,0,8.111052091305073,0.0,0.001
3,pytorch_attention_net,1,5.949392933111924,0.0,0.001
3,pytorch_attention_net,2,2.223954427700776,0.0,0.001
3,pytorch_attention_net,3,0.6025833395811228,0.0,0.001
3,pytorch_attention_net,4,0.4945036075436152,0.0,0.001
3,pytorch_attention_net,5,0.5225891356284802,0.0,0.001
3,pytorch_attention_net,6,0.46739328595308155,0.0,0.001
3,pytorch_attention_net,7,0.41374290734529495,0.0,0.001
3,pytorch_attention_net,8,0.42131567230591405,0.0,0.001
3,pytorch_attention_net,9,0.4389787886578303,0.0,0.001
3,pytorch_attention_net,10,0.46138089494063306,0.0,0.001
3,pytorch_attention_net,11,0.4104385358782915,0.0,0.001
3,pytorch_attention_net,12,0.38304900435300976,0.0,0.001
3,pytorch_attention_net,13,0.4057966069533275,0.0,0.001
3,pytorch_attention_net,14,0.30667253067860234,0.0,0.001
3,pytorch_attention_net,15,0.2969165942989863,0.0,0.001
3,pytorch_attention_net,16,0.3053068957076623,0.0,0.001
3,pytorch_attention_net,17,0.3651014801401358,0.0,0.001
3,pytorch_attention_net,18,0.27201491966843605,0.0,0.001
3,pytorch_attention_net,19,0.35464807198597836,0.0,0.001
3,pytorch_attention_net,20,0.3209468802580467,0.0,0.001
3,pytorch_attention_net,21,0.3370581280726653,0.0,0.001
3,pytorch_attention_net,22,0.30951231947311986,0.0,0.001
3,pytorch_attention_net,23,0.33039317337366253,0.0,0.001
3,pytorch_attention_net,24,0.27519218623638153,0.0,0.001
3,pytorch_attention_net,25,0.3136008313068977,0.0,0.001
3,pytorch_attention_net,26,0.295002156152175,0.0,0.001
3,pytorch_attention_net,27,0.27976108571657765,0.0,0.001
3,pytorch_attention_net,28,0.3198416021007758,0.0,0.001
3,pytorch_attention_net,29,0.3066247111329666,0.0,0.001
3,pytorch_attention_net,30,0.27403064330036825,0.0,0.001
3,pytorch_attention_net,31,0.3117314442419089,0.0,0.001
3,pytorch_attention_net,32,0.2623708099126816,0.0,0.001
3,pytorch_attention_net,33,0.2944968549104837,0.0,0.001
3,pytorch_attention_net,34,0.26975784135552555,0.0,0.001
3,pytorch_attention_net,35,0.26128143874498516,0.0,0.001
3,pytorch_attention_net,36,0.29928119480609894,0.0,0.001
3,pytorch_attention_net,37,0.26950029455698454,0.0,0.001
3,pytorch_attention_net,38,0.26719860617931074,0.0,0.001
3,pytorch_attention_net,39,0.2564238590689806,0.0,0.001
3,pytorch_attention_net,40,0.2602706393943383,0.0,0.001
3,pytorch_attention_net,41,0.24582765681239274,0.0,0.001
3,pytorch_attention_net,42,0.3026257257622022,0.0,0.001
3,pytorch_attention_net,43,0.26758965391379136,0.0,0.001
3,pytorch_attention_net,44,0.24291548018272108,0.0,0.001
3,pytorch_attention_net,45,0.23258222438968146,0.0,0.001
3,pytorch_attention_net,46,0.23180175572633743,0.0,0.001
3,pytorch_attention_net,47,0.27960036523067033,0.0,0.001
3,pytorch_attention_net,48,0.20921463118149683,0.0,0.001
3,pytorch_attention_net,49,0.2558848582781278,0.0,0.001
3,pytorch_attention_net,50,0.22904127492354467,0.0,0.001
3,pytorch_attention_net,51,0.22987418220593378,0.0,0.001
3,pytorch_attention_net,52,0.20509472861886024,0.0,0.001
3,pytorch_attention_net,53,0.24439103844074103,0.0,0.001
3,pytorch_attention_net,54,0.193833222756019,0.0,0.001
3,pytorch_attention_net,55,0.20694477254381546,0.0,0.001
3,pytorch_attention_net,56,0.21978334996562737,0.0,0.001
3,pytorch_attention_net,57,0.2058668787089678,0.0,0.001
3,pytorch_attention_net,58,0.1945514575793193,0.0,0.001
3,pytorch_attention_net,59,0.2161511674236793,0.0,0.001
3,pytorch_attention_net,60,0.19943898228498605,0.0,0.001
3,pytorch_attention_net,61,0.1807156643615319,0.0,0.001
3,pytorch_attention_net,62,0.18217913777782366,0.0,0.001
3,pytorch_attention_net,63,0.17966385243030694,0.0,0.001
3,pytorch_attention_net,64,0.1847477639810397,0.0,0.001
3,pytorch_attention_net,65,0.18319712722530732,0.0,0.001
3,pytorch_attention_net,66,0.17487293424514624,0.0,0.001
3,pytorch_attention_net,67,0.1914582412976485,0.0,0.001
3,pytorch_attention_net,68,0.17148353388676277,0.0,0.001
3,pytorch_attention_net,69,0.16253169196156356,0.0,0.001
3,pytorch_attention_net,70,0.15925788077024314,0.0,0.001
3,pytorch_attention_net,71,0.1835130461706565,0.0,0.001
3,pytorch_attention_net,72,0.1720454151240679,0.0,0.001
3,pytorch_attention_net,73,0.14584448775992945,0.0,0.001
3,pytorch_attention_net,74,0.1600841968678511,0.0,0.001
3,pytorch_attention_net,75,0.17824149332367456,0.0,0.001
3,pytorch_attention_net,76,0.1525856310931536,0.0,0.001
3,pytorch_attention_net,77,0.16025937692477152,0.0,0.001
3,pytorch_attention_net,78,0.14830602132357085,0.0,0.001
3,pytorch_attention_net,79,0.1480940067424224,0.0,0.001
3,pytorch_attention_net,80,0.1612348178258309,0.0,0.001
3,pytorch_attention_net,81,0.12873705906363633,0.0,0.001
3,pytorch_attention_net,82,0.14184611262037203,0.0,0.001
3,pytorch_attention_net,83,0.16162831364915922,0.0,0.001
3,pytorch_attention_net,84,0.16485371311696675,0.0,0.001
3,pytorch_attention_net,85,0.12581849198501843,0.0,0.001
3,pytorch_attention_net,86,0.13898489309044984,0.0,0.001
3,pytorch_attention_net,87,0.13966796246285623,0.0,0.001
3,pytorch_attention_net,88,0.1288234578588834,0.0,0.001
3,pytorch_attention_net,89,0.13413666446621603,0.0,0.001
3,pytorch_attention_net,90,0.13067748297292453,0.0,0.001
3,pytorch_attention_net,91,0.14024367584631994,0.0,0.001
3,pytorch_attention_net,92,0.12841584705389464,0.0,0.001
3,pytorch_attention_net,93,0.11358864003649125,0.0,0.001
3,pytorch_attention_net,94,0.13029252393887594,0.0,0.001
3,pytorch_attention_net,95,0.12373274306838329,0.0,0.001
3,pytorch_attention_net,96,0.13535803126601073,0.0,0.001
3,pytorch_attention_net,97,0.11871539600766622,0.0,0.001
3,pytorch_attention_net,98,0.1282293125987053,0.0,0.001
3,pytorch_attention_net,99,0.12351847927157696,0.0,0.001
3,pytorch_uncertainty_net,0,4.457117676734924,0.0,0.001
3,pytorch_uncertainty_net,1,2.931851735481849,0.0,0.001
3,pytorch_uncertainty_net,2,1.9157012746884272,0.0,0.001
3,pytorch_uncertainty_net,3,1.5132195124259362,0.0,0.001
3,pytorch_uncertainty_net,4,1.1785087631298945,0.0,0.001
3,pytorch_uncertainty_net,5,1.002230907862003,0.0,0.001
3,pytorch_uncertainty_net,6,0.9622330505114335,0.0,0.001
3,pytorch_uncertainty_net,7,0.9384673398274642,0.0,0.001
3,pytorch_uncertainty_net,8,0.8800475574456729,0.0,0.001
3,pytorch_uncertainty_net,9,0.82828711775633,0.0,0.001
3,pytorch_uncertainty_net,10,0.8657041604702289,0.0,0.001
3,pytorch_uncertainty_net,11,0.8597216927088224,0.0,0.001
3,pytorch_uncertainty_net,12,0.8492247668596414,0.0,0.001
3,pytorch_uncertainty_net,13,0.7493305641871232,0.0,0.001
3,pytorch_uncertainty_net,14,0.7713376638981012,0.0,0.001
3,pytorch_uncertainty_net,15,0.8183423601664029,0.0,0.001
3,pytorch_uncertainty_net,16,0.8080794352751511,0.0,0.001
3,pytorch_uncertainty_net,17,0.8043609834634341,0.0,0.001
3,pytorch_uncertainty_net,18,0.8048808815387579,0.0,0.001
3,pytorch_uncertainty_net,19,0.7908563843140235,0.0,0.001
3,pytorch_uncertainty_net,20,0.7832453285272305,0.0,0.001
3,pytorch_uncertainty_net,21,0.7883036205401788,0.0,0.001
3,pytorch_uncertainty_net,22,0.7581718277472717,0.0,0.001
3,pytorch_uncertainty_net,23,0.7557074771477625,0.0,0.001
3,pytorch_uncertainty_net,24,0.5960543241638404,0.0,0.001
3,pytorch_uncertainty_net,25,0.7807429238007619,0.0,0.001
3,pytorch_uncertainty_net,26,0.7371057329269556,0.0,0.001
3,pytorch_uncertainty_net,27,0.6968002239098916,0.0,0.001
3,pytorch_uncertainty_net,28,0.6455760174072706,0.0,0.001
3,pytorch_uncertainty_net,29,0.7812402993440628,0.0,0.001
3,pytorch_uncertainty_net,30,0.6986190241116744,0.0,0.001
3,pytorch_uncertainty_net,31,0.6430751996544691,0.0,0.001
3,pytorch_uncertainty_net,32,0.671004539498916,0.0,0.001
3,pytorch_uncertainty_net,33,0.6767499550030782,0.0,0.001
3,pytorch_uncertainty_net,34,0.6657604724168777,0.0,0.001
3,pytorch_uncertainty_net,35,0.5578698538816892,0.0,0.001
3,pytorch_uncertainty_net,36,0.5093576770562392,0.0,0.001
3,pytorch_uncertainty_net,37,0.7147356031032709,0.0,0.001
3,pytorch_uncertainty_net,38,0.6375375401515228,0.0,0.001
3,pytorch_uncertainty_net,39,0.5937731243096865,0.0,0.001
3,pytorch_uncertainty_net,40,0.614787818147586,0.0,0.001
3,pytorch_uncertainty_net,41,0.5777932531558551,0.0,0.001
3,pytorch_uncertainty_net,42,0.5829292501394565,0.0,0.001
3,pytorch_uncertainty_net,43,0.7260678656972371,0.0,0.001
3,pytorch_uncertainty_net,44,0.572081384750513,0.0,0.001
3,pytorch_uncertainty_net,45,0.5491770460055425,0.0,0.001
3,pytorch_uncertainty_net,46,0.6462581891279954,0.0,0.001
3,pytorch_uncertainty_net,47,0.5182320246329675,0.0,0.001
3,pytorch_uncertainty_net,48,0.5661857328735865,0.0,0.001
3,pytorch_uncertainty_net,49,0.5293287485837936,0.0,0.001
3,pytorch_uncertainty_net,50,0.5307866025429505,0.0,0.001
3,pytorch_uncertainty_net,51,0.47301277690208876,0.0,0.001
3,pytorch_uncertainty_net,52,0.5195926439303619,0.0,0.001
3,pytorch_uncertainty_net,53,0.5377820452245382,0.0,0.001
3,pytorch_uncertainty_net,54,0.5067653512725463,0.0,0.001
3,pytorch_uncertainty_net,55,0.48888758655924064,0.0,0.001
3,pytorch_uncertainty_net,56,0.47343771231289095,0.0,0.001
3,pytorch_uncertainty_net,57,0.503873691535913,0.0,0.001
3,pytorch_uncertainty_net,58,0.43861034913704944,0.0,0.001
3,pytorch_uncertainty_net,59,0.4429417627935226,0.0,0.001
3,pytorch_uncertainty_net,60,0.42987492136084116,0.0,0.001
3,pytorch_uncertainty_net,61,0.5216144773249443,0.0,0.001
3,pytorch_uncertainty_net,62,0.3958897963166237,0.0,0.001
3,pytorch_uncertainty_net,63,0.5398588919868836,0.0,0.001
3,pytorch_uncertainty_net,64,0.4623319936486391,0.0,0.001
3,pytorch_uncertainty_net,65,0.48878521529527813,0.0,0.001
3,pytorch_uncertainty_net,66,0.5187791800842836,0.0,0.001
3,pytorch_uncertainty_net,67,0.48826341359661174,0.0,0.001
3,pytorch_uncertainty_net,68,0.4189407332585408,0.0,0.001
3,pytorch_uncertainty_net,69,0.4047323792026593,0.0,0.001
3,pytorch_uncertainty_net,70,0.37243108766583294,0.0,0.001
3,pytorch_uncertainty_net,71,0.6116395778954029,0.0,0.001
3,pytorch_uncertainty_net,72,0.42058899196294636,0.0,0.001
3,pytorch_uncertainty_net,73,0.41245077836972016,0.0,0.001
3,pytorch_uncertainty_net,74,0.324391478815904,0.0,0.001
3,pytorch_uncertainty_net,75,0.3899619716147964,0.0,0.001
3,pytorch_uncertainty_net,76,0.42552753308644664,0.0,0.001
3,pytorch_uncertainty_net,77,0.32981848602111524,0.0,0.001
3,pytorch_uncertainty_net,78,0.5041446116967843,0.0,0.001
3,pytorch_uncertainty_net,79,0.3355121887647189,0.0,0.001
3,pytorch_uncertainty_net,80,0.41464789627263177,0.0,0.001
3,pytorch_uncertainty_net,81,0.3903441010043025,0.0,0.001
3,pytorch_uncertainty_net,82,0.28657083156017155,0.0,0.001
3,pytorch_uncertainty_net,83,0.27929624642890233,0.0,0.001
3,pytorch_uncertainty_net,84,0.3780374363637887,0.0,0.001
3,pytorch_uncertainty_net,85,0.357575960457325,0.0,0.001
3,pytorch_uncertainty_net,86,0.45152614466272867,0.0,0.001
3,pytorch_uncertainty_net,87,0.3662900569347235,0.0,0.001
3,pytorch_uncertainty_net,88,0.30554871117839444,0.0,0.001
3,pytorch_uncertainty_net,89,0.3353000386403157,0.0,0.001
3,pytorch_uncertainty_net,90,0.26885858779916394,0.0,0.001
3,pytorch_uncertainty_net,91,0.33167342913265413,0.0,0.001
3,pytorch_uncertainty_net,92,0.3351332966524821,0.0,0.001
3,pytorch_uncertainty_net,93,0.31636467203497887,0.0,0.001
3,pytorch_uncertainty_net,94,0.2839083313368834,0.0,0.001
3,pytorch_uncertainty_net,95,0.2861550379401216,0.0,0.001
3,pytorch_uncertainty_net,96,0.22386191599071026,0.0,0.001
3,pytorch_uncertainty_net,97,0.23634531671324602,0.0,0.001
3,pytorch_uncertainty_net,98,0.3082123024818989,0.0,0.001
3,pytorch_uncertainty_net,99,0.2331140979837913,0.0,0.001
4,pytorch_deep_resnet,0,4.440046796431909,0.0,0.001
4,pytorch_deep_resnet,1,0.9044512773935611,0.0,0.001
4,pytorch_deep_resnet,2,0.6045029415534093,0.0,0.001
4,pytorch_deep_resnet,3,0.5508792641071173,0.0,0.001
4,pytorch_deep_resnet,4,0.4746408961140193,0.0,0.001
4,pytorch_deep_resnet,5,0.43597482717954195,0.0,0.001
4,pytorch_deep_resnet,6,0.38363244757056236,0.0,0.001
4,pytorch_deep_resnet,7,0.3807479154605132,0.0,0.001
4,pytorch_deep_resnet,8,0.36433515640405506,0.0,0.001
4,pytorch_deep_resnet,9,0.3705658929852339,0.0,0.001
4,pytorch_deep_resnet,10,0.296809920324729,0.0,0.001
4,pytorch_deep_resnet,11,0.3290413784293028,0.0,0.001
4,pytorch_deep_resnet,12,0.330043983574097,0.0,0.001
4,pytorch_deep_resnet,13,0.3423754263382692,0.0,0.001
4,pytorch_deep_resnet,14,0.311103397837052,0.0,0.001
4,pytorch_deep_resnet,15,0.2840149299456523,0.0,0.001
4,pytorch_deep_resnet,16,0.28203979764993375,0.0,0.001
4,pytorch_deep_resnet,17,0.2756447061323203,0.0,0.001
4,pytorch_deep_resnet,18,0.29034729244617313,0.0,0.001
4,pytorch_deep_resnet,19,0.2567052331108313,0.0,0.001
4,pytorch_deep_resnet,20,0.2786033912920035,0.0,0.001
4,pytorch_deep_resnet,21,0.266679995908187,0.0,0.001
4,pytorch_deep_resnet,22,0.25995417999533504,0.0,0.001
4,pytorch_deep_resnet,23,0.2653278149664402,0.0,0.001
4,pytorch_deep_resnet,24,0.25737145055945104,0.0,0.001
4,pytorch_deep_resnet,25,0.22564668953418732,0.0,0.001
4,pytorch_deep_resnet,26,0.25568393904429215,0.0,0.001
4,pytorch_deep_resnet,27,0.22577330441429064,0.0,0.001
4,pytorch_deep_resnet,28,0.20546433558830848,0.0,0.001
4,pytorch_deep_resnet,29,0.2481205202639103,0.0,0.001
4,pytorch_deep_resnet,30,0.20297299268153998,0.0,0.001
4,pytorch_deep_resnet,31,0.23419364054615682,0.0,0.001
4,pytorch_deep_resnet,32,0.24474963173270226,0.0,0.001
4,pytorch_deep_resnet,33,0.22422150751719108,0.0,0.001
4,pytorch_deep_resnet,34,0.23026547093804067,0.0,0.001
4,pytorch_deep_resnet,35,0.2404452238518458,0.0,0.001
4,pytorch_deep_resnet,36,0.20709343455158746,0.0,0.001
4,pytorch_deep_resnet,37,0.18975815635461074,0.0,0.001
4,pytorch_deep_resnet,38,0.17083611167394197,0.0,0.001
4,pytorch_deep_resnet,39,0.20089682908012316,0.0,0.001
4,pytorch_deep_resnet,40,0.20817023716293848,0.0,0.001
4,pytorch_deep_resnet,41,0.1887775441774955,0.0,0.001
4,pytorch_deep_resnet,42,0.2042831411728492,0.0,0.001
4,pytorch_deep_resnet,43,0.18263836606190756,0.0,0.001
4,pytorch_deep_resnet,44,0.16919544167243517,0.0,0.001
4,pytorch_deep_resnet,45,0.19607696768182975,0.0,0.001
4,pytorch_deep_resnet,46,0.1697307757746715,0.0,0.001
4,pytorch_deep_resnet,47,0.16070474712894514,0.0,0.001
4,pytorch_deep_resnet,48,0.1906174639096627,0.0,0.001
4,pytorch_deep_resnet,49,0.18657350884034082,0.0,0.001
4,pytorch_deep_resnet,50,0.1645850742665621,0.0,0.001
4,pytorch_deep_resnet,51,0.1587620060890913,0.0,0.001
4,pytorch_deep_resnet,52,0.1839132230155743,0.0,0.001
4,pytorch_deep_resnet,53,0.1663693320006132,0.0,0.001
4,pytorch_deep_resnet,54,0.1522829306240265,0.0,0.001
4,pytorch_deep_resnet,55,0.18968141279541528,0.0,0.001
4,pytorch_deep_resnet,56,0.15220503637997004,0.0,0.001
4,pytorch_deep_resnet,57,0.14526126333154166,0.0,0.001
4,pytorch_deep_resnet,58,0.14793869781379515,0.0,0.001
4,pytorch_deep_resnet,59,0.16173175378487661,0.0,0.001
4,pytorch_deep_resnet,60,0.1540862533908624,0.0,0.001
4,pytorch_deep_resnet,61,0.16087999653357726,0.0,0.001
4,pytorch_deep_resnet,62,0.15640032663941383,0.0,0.001
4,pytorch_deep_resnet,63,0.1653185269007316,0.0,0.001
4,pytorch_deep_resnet,64,0.1269746312441734,0.0,0.001
4,pytorch_deep_resnet,65,0.134077119282805,0.0,0.001
4,pytorch_deep_resnet,66,0.1391949812666728,0.0,0.001
4,pytorch_deep_resnet,67,0.12958632280620244,0.0,0.001
4,pytorch_deep_resnet,68,0.14264495240954253,0.0,0.001
4,pytorch_deep_resnet,69,0.1201051172728722,0.0,0.001
4,pytorch_deep_resnet,70,0.12500017852737352,0.0,0.001
4,pytorch_deep_resnet,71,0.1444496370565433,0.0,0.001
4,pytorch_deep_resnet,72,0.12825177036798918,0.0,0.001
4,pytorch_deep_resnet,73,0.12196411034808709,0.0,0.001
4,pytorch_deep_resnet,74,0.11419740555664668,0.0,0.001
4,pytorch_deep_resnet,75,0.13970479526771948,0.0,0.001
4,pytorch_deep_resnet,76,0.12215780610075364,0.0,0.001
4,pytorch_deep_resnet,77,0.13048859914908043,0.0,0.001
4,pytorch_deep_resnet,78,0.11925803010280316,0.0,0.001
4,pytorch_deep_resnet,79,0.11507345105593021,0.0,0.001
4,pytorch_deep_resnet,80,0.12039506578674683,0.0,0.001
4,pytorch_deep_resnet,81,0.106555165293125,0.0,0.001
4,pytorch_deep_resnet,82,0.10835746403496999,0.0,0.001
4,pytorch_deep_resnet,83,0.11871597400078407,0.0,0.001
4,pytorch_deep_resnet,84,0.10802246572879645,0.0,0.001
4,pytorch_deep_resnet,85,0.10300239089589852,0.0,0.001
4,pytorch_deep_resnet,86,0.11379982287494037,0.0,0.001
4,pytorch_deep_resnet,87,0.11380146200267169,0.0,0.001
4,pytorch_deep_resnet,88,0.11276167774429688,0.0,0.001
4,pytorch_deep_resnet,89,0.10350505764094683,0.0,0.001
4,pytorch_deep_resnet,90,0.10479954658792569,0.0,0.001
4,pytorch_deep_resnet,91,0.09353837270576221,0.0,0.001
4,pytorch_deep_resnet,92,0.10162290708663371,0.0,0.001
4,pytorch_deep_resnet,93,0.10027428515828572,0.0,0.001
4,pytorch_deep_resnet,94,0.0961484143940302,0.0,0.001
4,pytorch_deep_resnet,95,0.10297891626564357,0.0,0.001
4,pytorch_deep_resnet,96,0.08841368025885178,0.0,0.001
4,pytorch_deep_resnet,97,0.09781385284776871,0.0,0.001
4,pytorch_deep_resnet,98,0.09679767274512695,0.0,0.001
4,pytorch_deep_resnet,99,0.09284076305965965,0.0,0.001
4,pytorch_attention_net,0,7.781789798002976,0.0,0.001
4,pytorch_attention_net,1,5.706402393487783,0.0,0.001
4,pytorch_attention_net,2,2.0192609200110803,0.0,0.001
4,pytorch_attention_net,3,0.626866510281196,0.0,0.001
4,pytorch_attention_net,4,0.47388285914292705,0.0,0.001
4,pytorch_attention_net,5,0.467588460789277,0.0,0.001
4,pytorch_attention_net,6,0.4213498613009086,0.0,0.001
4,pytorch_attention_net,7,0.38290905952453613,0.0,0.001
4,pytorch_attention_net,8,0.3342732751312164,0.0,0.001
4,pytorch_attention_net,9,0.3570480919801272,0.0,0.001
4,pytorch_attention_net,10,0.35607196333316654,0.0,0.001
4,pytorch_attention_net,11,0.3243645908167729,0.0,0.001
4,pytorch_attention_net,12,0.35896094143390656,0.0,0.001
4,pytorch_attention_net,13,0.304224387384378,0.0,0.001
4,pytorch_attention_net,14,0.3401747758571918,0.0,0.001
4,pytorch_attention_net,15,0.31319134682416916,0.0,0.001
4,pytorch_attention_net,16,0.3007571462255258,0.0,0.001
4,pytorch_attention_net,17,0.3267791041961083,0.0,0.001
4,pytorch_attention_net,18,0.2879804321206533,0.0,0.001
4,pytorch_attention_net,19,0.2630988442553924,0.0,0.001
4,pytorch_attention_net,20,0.3091102603536386,0.0,0.001
4,pytorch_attention_net,21,0.2650899809713547,0.0,0.001
4,pytorch_attention_net,22,0.267216141980428,0.0,0.001
4,pytorch_attention_net,23,0.23776893632916304,0.0,0.001
4,pytorch_attention_net,24,0.27138967238939726,0.0,0.001
4,pytorch_attention_net,25,0.25779106926459533,0.0,0.001
4,pytorch_attention_net,26,0.22808720228763726,0.0,0.001
4,pytorch_attention_net,27,0.20440012044631517,0.0,0.001
4,pytorch_attention_net,28,0.2275220170043982,0.0,0.001
4,pytorch_attention_net,29,0.2376326611981942,0.0,0.001
4,pytorch_attention_net,30,0.25858531032617277,0.0,0.001
4,pytorch_attention_net,31,0.22747794137551233,0.0,0.001
4,pytorch_attention_net,32,0.26594641833351207,0.0,0.001
4,pytorch_attention_net,33,0.22920027203284776,0.0,0.001
4,pytorch_attention_net,34,0.21720062769376314,0.0,0.001
4,pytorch_attention_net,35,0.21796018716234428,0.0,0.001
4,pytorch_attention_net,36,0.19503845102511919,0.0,0.001
4,pytorch_attention_net,37,0.20847847427313143,0.0,0.001
4,pytorch_attention_net,38,0.20858670541873345,0.0,0.001
4,pytorch_attention_net,39,0.19896765483113435,0.0,0.001
4,pytorch_attention_net,40,0.18523374629708436,0.0,0.001
4,pytorch_attention_net,41,0.22117618643320525,0.0,0.001
4,pytorch_attention_net,42,0.20266937120602682,0.0,0.001
4,pytorch_attention_net,43,0.19963442276303583,0.0,0.001
4,pytorch_attention_net,44,0.20940173388673708,0.0,0.001
4,pytorch_attention_net,45,0.19985531571392828,0.0,0.001
4,pytorch_attention_net,46,0.20881197716181094,0.0,0.001
4,pytorch_attention_net,47,0.18464309722185135,0.0,0.001
4,pytorch_attention_net,48,0.20452911922564873,0.0,0.001
4,pytorch_attention_net,49,0.1732274004473136,0.0,0.001
4,pytorch_attention_net,50,0.18339040130376816,0.0,0.001
4,pytorch_attention_net,51,0.17382857805261245,0.0,0.001
4,pytorch_attention_net,52,0.1889755018055439,0.0,0.001
4,pytorch_attention_net,53,0.1789113224412386,0.0,0.001
4,pytorch_attention_net,54,0.16874422161624983,0.0,0.001
4,pytorch_attention_net,55,0.16876574577047274,0.0,0.001
4,pytorch_attention_net,56,0.1981689760891291,0.0,0.001
4,pytorch_attention_net,57,0.17541911395696494,0.0,0.001
4,pytorch_attention_net,58,0.17010650497216445,0.0,0.001
4,pytorch_attention_net,59,0.1592905865265773,0.0,0.001
4,pytorch_attention_net,60,0.1753815934062004,0.0,0.001
4,pytorch_attention_net,61,0.17073355213953897,0.0,0.001
4,pytorch_attention_net,62,0.16124537544181713,0.0,0.001
4,pytorch_attention_net,63,0.18324086958399186,0.0,0.001
4,pytorch_attention_net,64,0.15486955399123523,0.0,0.001
4,pytorch_attention_net,65,0.15603782752385506,0.0,0.001
4,pytorch_attention_net,66,0.15960923209786415,0.0,0.001
4,pytorch_attention_net,67,0.1544949091397799,0.0,0.001
4,pytorch_attention_net,68,0.15119900009953058,0.0,0.001
4,pytorch_attention_net,69,0.16997416088214287,0.0,0.001
4,pytorch_attention_net,70,0.13863660309177178,0.0,0.001
4,pytorch_attention_net,71,0.15176259668973777,0.0,0.001
4,pytorch_attention_net,72,0.1539609208703041,0.0,0.001
4,pytorch_attention_net,73,0.15190385353679842,0.0,0.001
4,pytorch_attention_net,74,0.13146359831667864,0.0,0.001
4,pytorch_attention_net,75,0.14507299604324195,0.0,0.001
4,pytorch_attention_net,76,0.12626703542012435,0.0,0.001
4,pytorch_attention_net,77,0.13611332427423734,0.0,0.001
4,pytorch_attention_net,78,0.1397573770238803,0.0,0.001
4,pytorch_attention_net,79,0.12143902810147175,0.0,0.001
4,pytorch_attention_net,80,0.1257411164159958,0.0,0.001
4,pytorch_attention_net,81,0.12387523685510342,0.0,0.001
4,pytorch_attention_net,82,0.12260459177196026,0.0,0.001
4,pytorch_attention_net,83,0.1345663731201337,0.0,0.001
4,pytorch_attention_net,84,0.13418946930995354,0.0,0.001
4,pytorch_attention_net,85,0.12699509784579277,0.0,0.001
4,pytorch_attention_net,86,0.11592351659559287,0.0,0.001
4,pytorch_attention_net,87,0.13275589306767172,0.0,0.001
4,pytorch_attention_net,88,0.12497451385626426,0.0,0.001
4,pytorch_attention_net,89,0.14199957595421717,0.0,0.001
4,pytorch_attention_net,90,0.13520369607095534,0.0,0.001
4,pytorch_attention_net,91,0.12296331616548392,0.0,0.001
4,pytorch_attention_net,92,0.1070832213243613,0.0,0.001
4,pytorch_attention_net,93,0.12444615944360311,0.0,0.001
4,pytorch_attention_net,94,0.13181885245900887,0.0,0.001
4,pytorch_attention_net,95,0.1069544801631799,0.0,0.001
4,pytorch_attention_net,96,0.11749955252386056,0.0,0.001
4,pytorch_attention_net,97,0.1024738703496181,0.0,0.001
4,pytorch_attention_net,98,0.09408492723909709,0.0,0.001
4,pytorch_attention_net,99,0.11531858490063594,0.0,0.001
4,pytorch_uncertainty_net,0,4.58961938894712,0.0,0.001
4,pytorch_uncertainty_net,1,3.094077935585609,0.0,0.001
4,pytorch_uncertainty_net,2,1.7364727075283344,0.0,0.001
4,pytorch_uncertainty_net,3,1.2044421847050006,0.0,0.001
4,pytorch_uncertainty_net,4,1.0209788634226873,0.0,0.001
4,pytorch_uncertainty_net,5,0.9810581642847794,0.0,0.001
4,pytorch_uncertainty_net,6,0.9281603143765376,0.0,0.001
4,pytorch_uncertainty_net,7,0.9134739064253293,0.0,0.001
4,pytorch_uncertainty_net,8,0.88128295311561,0.0,0.001
4,pytorch_uncertainty_net,9,0.8550318685861734,0.0,0.001
4,pytorch_uncertainty_net,10,0.846622489965879,0.0,0.001
4,pytorch_uncertainty_net,11,0.8041083514690399,0.0,0.001
4,pytorch_uncertainty_net,12,0.8769088135315821,0.0,0.001
4,pytorch_uncertainty_net,13,0.8349466495789014,0.0,0.001
4,pytorch_uncertainty_net,14,0.7994973888764014,0.0,0.001
4,pytorch_uncertainty_net,15,0.8140212205740122,0.0,0.001
4,pytorch_uncertainty_net,16,0.7888258317342172,0.0,0.001
4,pytorch_uncertainty_net,17,0.7940280242608144,0.0,0.001
4,pytorch_uncertainty_net,18,0.6769447739307697,0.0,0.001
4,pytorch_uncertainty_net,19,0.8354926934609046,0.0,0.001
4,pytorch_uncertainty_net,20,0.7572747629422408,0.0,0.001
4,pytorch_uncertainty_net,21,0.7355417013168335,0.0,0.001
4,pytorch_uncertainty_net,22,0.6824962794780731,0.0,0.001
4,pytorch_uncertainty_net,23,0.7388568130823282,0.0,0.001
4,pytorch_uncertainty_net,24,0.6086212396621704,0.0,0.001
4,pytorch_uncertainty_net,25,0.6678992234743558,0.0,0.001
4,pytorch_uncertainty_net,26,0.6751328592117016,0.0,0.001
4,pytorch_uncertainty_net,27,0.6846711177092332,0.0,0.001
4,pytorch_uncertainty_net,28,0.7284434884786606,0.0,0.001
4,pytorch_uncertainty_net,29,0.6528710550986804,0.0,0.001
4,pytorch_uncertainty_net,30,0.7345444582975827,0.0,0.001
4,pytorch_uncertainty_net,31,0.6872049638858209,0.0,0.001
4,pytorch_uncertainty_net,32,0.6822565816915952,0.0,0.001
4,pytorch_uncertainty_net,33,0.6608621627092361,0.0,0.001
4,pytorch_uncertainty_net,34,0.6802757852352582,0.0,0.001
4,pytorch_uncertainty_net,35,0.6775138355218447,0.0,0.001
4,pytorch_uncertainty_net,36,0.671912832902028,0.0,0.001
4,pytorch_uncertainty_net,37,0.5662631931213232,0.0,0.001
4,pytorch_uncertainty_net,38,0.6106812925292895,0.0,0.001
4,pytorch_uncertainty_net,39,0.5789768306108621,0.0,0.001
4,pytorch_uncertainty_net,40,0.6153941005468369,0.0,0.001
4,pytorch_uncertainty_net,41,0.5568476674648432,0.0,0.001
4,pytorch_uncertainty_net,42,0.5795674782532912,0.0,0.001
4,pytorch_uncertainty_net,43,0.5858022026144541,0.0,0.001
4,pytorch_uncertainty_net,44,0.6325867714790198,0.0,0.001
4,pytorch_uncertainty_net,45,0.5201743967258013,0.0,0.001
4,pytorch_uncertainty_net,46,0.5566142316047962,0.0,0.001
4,pytorch_uncertainty_net,47,0.5981426537036896,0.0,0.001
4,pytorch_uncertainty_net,48,0.5635599717497826,0.0,0.001
4,pytorch_uncertainty_net,49,0.5418304491501588,0.0,0.001
4,pytorch_uncertainty_net,50,0.5348678151002297,0.0,0.001
4,pytorch_uncertainty_net,51,0.5330173444862549,0.0,0.001
4,pytorch_uncertainty_net,52,0.4939798056506194,0.0,0.001
4,pytorch_uncertainty_net,53,0.5285009747514358,0.0,0.001
4,pytorch_uncertainty_net,54,0.5459312750742986,0.0,0.001
4,pytorch_uncertainty_net,55,0.5338713383445373,0.0,0.001
4,pytorch_uncertainty_net,56,0.5812362019832318,0.0,0.001
4,pytorch_uncertainty_net,57,0.48943070666148114,0.0,0.001
4,pytorch_uncertainty_net,58,0.471272862301423,0.0,0.001
4,pytorch_uncertainty_net,59,0.46661366121127057,0.0,0.001
4,pytorch_uncertainty_net,60,0.5876403256104543,0.0,0.001
4,pytorch_uncertainty_net,61,0.506166788821037,0.0,0.001
4,pytorch_uncertainty_net,62,0.501598807481619,0.0,0.001
4,pytorch_uncertainty_net,63,0.5087453533823674,0.0,0.001
4,pytorch_uncertainty_net,64,0.4759404676464888,0.0,0.001
4,pytorch_uncertainty_net,65,0.45287263794587207,0.0,0.001
4,pytorch_uncertainty_net,66,0.4800227399055774,0.0,0.001
4,pytorch_uncertainty_net,67,0.46938373091129154,0.0,0.001
4,pytorch_uncertainty_net,68,0.48223324521229816,0.0,0.001
4,pytorch_uncertainty_net,69,0.4576048320875718,0.0,0.001
4,pytorch_uncertainty_net,70,0.4638764846783418,0.0,0.001
4,pytorch_uncertainty_net,71,0.43520616023586345,0.0,0.001
4,pytorch_uncertainty_net,72,0.4533621554191296,0.0,0.001
4,pytorch_uncertainty_net,73,0.46762543515517163,0.0,0.001
4,pytorch_uncertainty_net,74,0.40274000941560817,0.0,0.001
4,pytorch_uncertainty_net,75,0.500288513990549,0.0,0.001
4,pytorch_uncertainty_net,76,0.43127308126825553,0.0,0.001
4,pytorch_uncertainty_net,77,0.48033475703918016,0.0,0.001
4,pytorch_uncertainty_net,78,0.31156316141669566,0.0,0.001
4,pytorch_uncertainty_net,79,0.3847983033181383,0.0,0.001
4,pytorch_uncertainty_net,80,0.3942310162461721,0.0,0.001
4,pytorch_uncertainty_net,81,0.34763402190919107,0.0,0.001
4,pytorch_uncertainty_net,82,0.3461440303004705,0.0,0.001
4,pytorch_uncertainty_net,83,0.4060049532697751,0.0,0.001
4,pytorch_uncertainty_net,84,0.3126113810218297,0.0,0.001
4,pytorch_uncertainty_net,85,0.3518239109275433,0.0,0.001
4,pytorch_uncertainty_net,86,0.2612395816697524,0.0,0.001
4,pytorch_uncertainty_net,87,0.3289365671001948,0.0,0.001
4,pytorch_uncertainty_net,88,0.2597270601500685,0.0,0.001
4,pytorch_uncertainty_net,89,0.3375625659783299,0.0,0.001
4,pytorch_uncertainty_net,90,0.3490497196236482,0.0,0.001
4,pytorch_uncertainty_net,91,0.33287960563141566,0.0,0.001
4,pytorch_uncertainty_net,92,0.3162293668406514,0.0,0.001
4,pytorch_uncertainty_net,93,0.3484029322862625,0.0,0.001
4,pytorch_uncertainty_net,94,0.36697059898422313,0.0,0.001
4,pytorch_uncertainty_net,95,0.28626698592247873,0.0,0.001
4,pytorch_uncertainty_net,96,0.2675894391364776,0.0,0.001
4,pytorch_uncertainty_net,97,0.2900969098107173,0.0,0.001
4,pytorch_uncertainty_net,98,0.28243059736604875,0.0,0.001
4,pytorch_uncertainty_net,99,0.3546932849746484,0.0,0.001
5,pytorch_deep_resnet,0,6.596865800710825,0.0,0.001
5,pytorch_deep_resnet,1,1.3730605061237628,0.0,0.001
5,pytorch_deep_resnet,2,0.799278893149816,0.0,0.001
5,pytorch_deep_resnet,3,0.610220689039964,0.0,0.001
5,pytorch_deep_resnet,4,0.5420754769673715,0.0,0.001
5,pytorch_deep_resnet,5,0.4606103914288374,0.0,0.001
5,pytorch_deep_resnet,6,0.49573780538944096,0.0,0.001
5,pytorch_deep_resnet,7,0.4323635897957362,0.0,0.001
5,pytorch_deep_resnet,8,0.47600627346680713,0.0,0.001
5,pytorch_deep_resnet,9,0.4059927755823502,0.0,0.001
5,pytorch_deep_resnet,10,0.39927690820052075,0.0,0.001
5,pytorch_deep_resnet,11,0.39222996624616474,0.0,0.001
5,pytorch_deep_resnet,12,0.3719689737145717,0.0,0.001
5,pytorch_deep_resnet,13,0.3720680566934439,0.0,0.001
5,pytorch_deep_resnet,14,0.37072206976322025,0.0,0.001
5,pytorch_deep_resnet,15,0.315968533548025,0.0,0.001
5,pytorch_deep_resnet,16,0.3311629398511006,0.0,0.001
5,pytorch_deep_resnet,17,0.30052054959994096,0.0,0.001
5,pytorch_deep_resnet,18,0.32011335601027197,0.0,0.001
5,pytorch_deep_resnet,19,0.3121969527923144,0.0,0.001
5,pytorch_deep_resnet,20,0.3223526007854022,0.0,0.001
5,pytorch_deep_resnet,21,0.2750992987018365,0.0,0.001
5,pytorch_deep_resnet,22,0.2712305440352513,0.0,0.001
5,pytorch_deep_resnet,23,0.32040849041480285,0.0,0.001
5,pytorch_deep_resnet,24,0.2685421481728554,0.0,0.001
5,pytorch_deep_resnet,25,0.29380264706336534,0.0,0.001
5,pytorch_deep_resnet,26,0.25531230523036075,0.0,0.001
5,pytorch_deep_resnet,27,0.2859021769120143,0.0,0.001
5,pytorch_deep_resnet,28,0.2926848903298378,0.0,0.001
5,pytorch_deep_resnet,29,0.26615774029722583,0.0,0.001
5,pytorch_deep_resnet,30,0.2609322079672263,0.0,0.001
5,pytorch_deep_resnet,31,0.2190146790100978,0.0,0.001
5,pytorch_deep_resnet,32,0.25033334585336536,0.0,0.001
5,pytorch_deep_resnet,33,0.23413606446522933,0.0,0.001
5,pytorch_deep_resnet,34,0.22383557145412153,0.0,0.001
5,pytorch_deep_resnet,35,0.24175894317718652,0.0,0.001
5,pytorch_deep_resnet,36,0.25042617091765773,0.0,0.001
5,pytorch_deep_resnet,37,0.21723369265405032,0.0,0.001
5,pytorch_deep_resnet,38,0.23994515205805117,0.0,0.001
5,pytorch_deep_resnet,39,0.23809825399747261,0.0,0.001
5,pytorch_deep_resnet,40,0.2029994743374678,0.0,0.001
5,pytorch_deep_resnet,41,0.23192394123627588,0.0,0.001
5,pytorch_deep_resnet,42,0.22423011265121973,0.0,0.001
5,pytorch_deep_resnet,43,0.22744284340968499,0.0,0.001
5,pytorch_deep_resnet,44,0.24991930534060186,0.0,0.001
5,pytorch_deep_resnet,45,0.20579624347961867,0.0,0.001
5,pytorch_deep_resnet,46,0.20242166003355613,0.0,0.001
5,pytorch_deep_resnet,47,0.1800535607796449,0.0,0.001
5,pytorch_deep_resnet,48,0.20117120530742866,0.0,0.001
5,pytorch_deep_resnet,49,0.1935706568452028,0.0,0.001
5,pytorch_deep_resnet,50,0.1738324543604484,0.0,0.001
5,pytorch_deep_resnet,51,0.18790884487904036,0.0,0.001
5,pytorch_deep_resnet,52,0.1960608555147281,0.0,0.001
5,pytorch_deep_resnet,53,0.20088832252300703,0.0,0.001
5,pytorch_deep_resnet,54,0.18113643074264893,0.0,0.001
5,pytorch_deep_resnet,55,0.20808513691792122,0.0,0.001
5,pytorch_deep_resnet,56,0.17827956922925436,0.0,0.001
5,pytorch_deep_resnet,57,0.19267164485958907,0.0,0.001
5,pytorch_deep_resnet,58,0.19929206571899927,0.0,0.001
5,pytorch_deep_resnet,59,0.17709092222727263,0.0,0.001
5,pytorch_deep_resnet,60,0.16919193015648767,0.0,0.001
5,pytorch_deep_resnet,61,0.16388756710176283,0.0,0.001
5,pytorch_deep_resnet,62,0.17505515080231887,0.0,0.001
5,pytorch_deep_resnet,63,0.17596332299021575,0.0,0.001
5,pytorch_deep_resnet,64,0.17057460374557054,0.0,0.001
5,pytorch_deep_resnet,65,0.1635069468846688,0.0,0.001
5,pytorch_deep_resnet,66,0.16277259287352747,0.0,0.001
5,pytorch_deep_resnet,67,0.15790003022322288,0.0,0.001
5,pytorch_deep_resnet,68,0.15442613139748573,0.0,0.001
5,pytorch_deep_resnet,69,0.14074287047752967,0.0,0.001
5,pytorch_deep_resnet,70,0.1544293649494648,0.0,0.001
5,pytorch_deep_resnet,71,0.15347020614605683,0.0,0.001
5,pytorch_deep_resnet,72,0.16248870469056642,0.0,0.001
5,pytorch_deep_resnet,73,0.15335230758556953,0.0,0.001
5,pytorch_deep_resnet,74,0.14995817138025394,0.0,0.001
5,pytorch_deep_resnet,75,0.14083032252696845,0.0,0.001
5,pytorch_deep_resnet,76,0.16471298239552057,0.0,0.001
5,pytorch_deep_resnet,77,0.14893592664828667,0.0,0.001
5,pytorch_deep_resnet,78,0.14880879767812216,0.0,0.001
5,pytorch_deep_resnet,79,0.141528251939095,0.0,0.001
5,pytorch_deep_resnet,80,0.15182516824167508,0.0,0.001
5,pytorch_deep_resnet,81,0.14011403101568037,0.0,0.001
5,pytorch_deep_resnet,82,0.14219170679839757,0.0,0.001
5,pytorch_deep_resnet,83,0.1411370328412606,0.0,0.001
5,pytorch_deep_resnet,84,0.13345825184996313,0.0,0.001
5,pytorch_deep_resnet,85,0.13145126259097686,0.0,0.001
5,pytorch_deep_resnet,86,0.14264888459673294,0.0,0.001
5,pytorch_deep_resnet,87,0.12604963621841028,0.0,0.001
5,pytorch_deep_resnet,88,0.14161989837884903,0.0,0.001
5,pytorch_deep_resnet,89,0.11854512215806888,0.0,0.001
5,pytorch_deep_resnet,90,0.1269405141759377,0.0,0.001
5,pytorch_deep_resnet,91,0.11874567330456696,0.0,0.001
5,pytorch_deep_resnet,92,0.11733449006882998,0.0,0.001
5,pytorch_deep_resnet,93,0.13150246126147416,0.0,0.001
5,pytorch_deep_resnet,94,0.11516922569045654,0.0,0.001
5,pytorch_deep_resnet,95,0.11409243726386474,0.0,0.001
5,pytorch_deep_resnet,96,0.12193791654247504,0.0,0.001
5,pytorch_deep_resnet,97,0.1239037811756134,0.0,0.001
5,pytorch_deep_resnet,98,0.10356756815543541,0.0,0.001
5,pytorch_deep_resnet,99,0.11679302829389389,0.0,0.001
5,pytorch_attention_net,0,6.459334538533137,0.0,0.001
5,pytorch_attention_net,1,4.581668266883264,0.0,0.001
5,pytorch_attention_net,2,1.555220602796628,0.0,0.001
5,pytorch_attention_net,3,0.4252695022867276,0.0,0.001
5,pytorch_attention_net,4,0.34274478084765947,0.0,0.001
5,pytorch_attention_net,5,0.35170355496498257,0.0,0.001
5,pytorch_attention_net,6,0.31328757107257843,0.0,0.001
5,pytorch_attention_net,7,0.335629440844059,0.0,0.001
5,pytorch_attention_net,8,0.2714782918875034,0.0,0.001
5,pytorch_attention_net,9,0.30767310897891337,0.0,0.001
5,pytorch_attention_net,10,0.28963902019537413,0.0,0.001
5,pytorch_attention_net,11,0.29569516674830365,0.0,0.001
5,pytorch_attention_net,12,0.2586154164030002,0.0,0.001
5,pytorch_attention_net,13,0.22845568078068587,0.0,0.001
5,pytorch_attention_net,14,0.2686243469898517,0.0,0.001
5,pytorch_attention_net,15,0.30494756480822194,0.0,0.001
5,pytorch_attention_net,16,0.2573730412584085,0.0,0.001
5,pytorch_attention_net,17,0.2653382340302834,0.0,0.001
5,pytorch_attention_net,18,0.23190392639774543,0.0,0.001
5,pytorch_attention_net,19,0.27247585126986873,0.0,0.001
5,pytorch_attention_net,20,0.2586200148440324,0.0,0.001
5,pytorch_attention_net,21,0.27013712290387887,0.0,0.001
5,pytorch_attention_net,22,0.23545225337147713,0.0,0.001
5,pytorch_attention_net,23,0.23614272503898695,0.0,0.001
5,pytorch_attention_net,24,0.224015907312815,0.0,0.001
5,pytorch_attention_net,25,0.2437577138726528,0.0,0.001
5,pytorch_attention_net,26,0.22976792001953492,0.0,0.001
5,pytorch_attention_net,27,0.22502218616696504,0.0,0.001
5,pytorch_attention_net,28,0.21252704726961943,0.0,0.001
5,pytorch_attention_net,29,0.23685534814229378,0.0,0.001
5,pytorch_attention_net,30,0.22564655599685815,0.0,0.001
5,pytorch_attention_net,31,0.207693508038154,0.0,0.001
5,pytorch_attention_net,32,0.20075060111972,0.0,0.001
5,pytorch_attention_net,33,0.19119239799105203,0.0,0.001
5,pytorch_attention_net,34,0.20977987750218466,0.0,0.001
5,pytorch_attention_net,35,0.21906378721961609,0.0,0.001
5,pytorch_attention_net,36,0.20175217579190546,0.0,0.001
5,pytorch_attention_net,37,0.19915704773022577,0.0,0.001
5,pytorch_attention_net,38,0.19739190087868616,0.0,0.001
5,pytorch_attention_net,39,0.17174473777413368,0.0,0.001
5,pytorch_attention_net,40,0.19375856421314752,0.0,0.001
5,pytorch_attention_net,41,0.2130379291394582,0.0,0.001
5,pytorch_attention_net,42,0.2148868441581726,0.0,0.001
5,pytorch_attention_net,43,0.17184905478587517,0.0,0.001
5,pytorch_attention_net,44,0.18096350505948067,0.0,0.001
5,pytorch_attention_net,45,0.1727210614257134,0.0,0.001
5,pytorch_attention_net,46,0.182567563194495,0.0,0.001
5,pytorch_attention_net,47,0.16781321311226258,0.0,0.001
5,pytorch_attention_net,48,0.17079031410125586,0.0,0.001
5,pytorch_attention_net,49,0.15059386910154268,0.0,0.001
5,pytorch_attention_net,50,0.1765158210809414,0.0,0.001
5,pytorch_attention_net,51,0.16351901610883382,0.0,0.001
5,pytorch_attention_net,52,0.16434467899111602,0.0,0.001
5,pytorch_attention_net,53,0.16662069438741758,0.0,0.001
5,pytorch_attention_net,54,0.1608751920553354,0.0,0.001
5,pytorch_attention_net,55,0.1447252192749427,0.0,0.001
5,pytorch_attention_net,56,0.13694978362092605,0.0,0.001
5,pytorch_attention_net,57,0.15031852243611446,0.0,0.001
5,pytorch_attention_net,58,0.1480641754773947,0.0,0.001
5,pytorch_attention_net,59,0.14966785463576132,0.0,0.001
5,pytorch_attention_net,60,0.13133338580910975,0.0,0.001
5,pytorch_attention_net,61,0.14738156574849898,0.0,0.001
5,pytorch_attention_net,62,0.16607491500102556,0.0,0.001
5,pytorch_attention_net,63,0.1426100000165976,0.0,0.001
5,pytorch_attention_net,64,0.1479545206977771,0.0,0.001
5,pytorch_attention_net,65,0.13765238884549874,0.0,0.001
5,pytorch_attention_net,66,0.13883612433878276,0.0,0.001
5,pytorch_attention_net,67,0.13061307141414055,0.0,0.001
5,pytorch_attention_net,68,0.13556804006489423,0.0,0.001
5,pytorch_attention_net,69,0.1402747482061386,0.0,0.001
5,pytorch_attention_net,70,0.11638794710429815,0.0,0.001
5,pytorch_attention_net,71,0.13146736931342345,0.0,0.001
5,pytorch_attention_net,72,0.11774311157373282,0.0,0.001
5,pytorch_attention_net,73,0.12952413123387557,0.0,0.001
5,pytorch_attention_net,74,0.11981113441288471,0.0,0.001
5,pytorch_attention_net,75,0.12201666788986096,0.0,0.001
5,pytorch_attention_net,76,0.09986657763902958,0.0,0.001
5,pytorch_attention_net,77,0.12145578703628136,0.0,0.001
5,pytorch_attention_net,78,0.12456903449044777,0.0,0.001
5,pytorch_attention_net,79,0.12467290733296138,0.0,0.001
5,pytorch_attention_net,80,0.12417314144281241,0.0,0.001
5,pytorch_attention_net,81,0.1298693667810697,0.0,0.001
5,pytorch_attention_net,82,0.1034435278807695,0.0,0.001
5,pytorch_attention_net,83,0.11449401825666428,0.0,0.001
5,pytorch_attention_net,84,0.11210125527129723,0.0,0.001
5,pytorch_attention_net,85,0.11879419793303196,0.0,0.001
5,pytorch_attention_net,86,0.1079635160187116,0.0,0.001
5,pytorch_attention_net,87,0.09467606633328475,0.0,0.001
5,pytorch_attention_net,88,0.10579759183411415,0.0,0.001
5,pytorch_attention_net,89,0.11504579593355839,0.0,0.001
5,pytorch_attention_net,90,0.11864456333793126,0.0,0.001
5,pytorch_attention_net,91,0.12145545519888401,0.0,0.001
5,pytorch_attention_net,92,0.10194304929329799,0.0,0.001
5,pytorch_attention_net,93,0.09823796145904523,0.0,0.001
5,pytorch_attention_net,94,0.11407959174651366,0.0,0.001
5,pytorch_attention_net,95,0.09945723228156567,0.0,0.001
5,pytorch_attention_net,96,0.11400724632235673,0.0,0.001
5,pytorch_attention_net,97,0.10108411885224856,0.0,0.001
5,pytorch_attention_net,98,0.11303412412794736,0.0,0.001
5,pytorch_attention_net,99,0.08921884258206074,0.0,0.001
5,pytorch_uncertainty_net,0,3.8837113838929396,0.0,0.001
5,pytorch_uncertainty_net,1,2.435039125956022,0.0,0.001
5,pytorch_uncertainty_net,2,1.7172396366412823,0.0,0.001
5,pytorch_uncertainty_net,3,1.3202975346491888,0.0,0.001
5,pytorch_uncertainty_net,4,1.0230731070041656,0.0,0.001
5,pytorch_uncertainty_net,5,1.0018165799287648,0.0,0.001
5,pytorch_uncertainty_net,6,0.8881091452561892,0.0,0.001
5,pytorch_uncertainty_net,7,0.8790655159033262,0.0,0.001
5,pytorch_uncertainty_net,8,0.8850113474405729,0.0,0.001
5,pytorch_uncertainty_net,9,0.8496843874454498,0.0,0.001
5,pytorch_uncertainty_net,10,0.8592707285514245,0.0,0.001
5,pytorch_uncertainty_net,11,0.8172475007864145,0.0,0.001
5,pytorch_uncertainty_net,12,0.8174289338863813,0.0,0.001
5,pytorch_uncertainty_net,13,0.7996175621564572,0.0,0.001
5,pytorch_uncertainty_net,14,0.7265038616382159,0.0,0.001
5,pytorch_uncertainty_net,15,0.8465865644124838,0.0,0.001
5,pytorch_uncertainty_net,16,0.8298016912662066,0.0,0.001
5,pytorch_uncertainty_net,17,0.73591515651116,0.0,0.001
5,pytorch_uncertainty_net,18,0.730656426686507,0.0,0.001
5,pytorch_uncertainty_net,19,0.6992691365572122,0.0,0.001
5,pytorch_uncertainty_net,20,0.7755036056041718,0.0,0.001
5,pytorch_uncertainty_net,21,0.6886251098834552,0.0,0.001
5,pytorch_uncertainty_net,22,0.6964461488219408,0.0,0.001
5,pytorch_uncertainty_net,23,0.7017403955642993,0.0,0.001
5,pytorch_uncertainty_net,24,0.6498732601220791,0.0,0.001
5,pytorch_uncertainty_net,25,0.7515637484880594,0.0,0.001
5,pytorch_uncertainty_net,26,0.7083271604317886,0.0,0.001
5,pytorch_uncertainty_net,27,0.6873699415188569,0.0,0.001
5,pytorch_uncertainty_net,28,0.7155380111474258,0.0,0.001
5,pytorch_uncertainty_net,29,0.6844461915584711,0.0,0.001
5,pytorch_uncertainty_net,30,0.6552465489277473,0.0,0.001
5,pytorch_uncertainty_net,31,0.6053115295676085,0.0,0.001
5,pytorch_uncertainty_net,32,0.6104658555526,0.0,0.001
5,pytorch_uncertainty_net,33,0.6061326334109673,0.0,0.001
5,pytorch_uncertainty_net,34,0.6524160160468175,0.0,0.001
5,pytorch_uncertainty_net,35,0.5933238944182029,0.0,0.001
5,pytorch_uncertainty_net,36,0.5791243681540856,0.0,0.001
5,pytorch_uncertainty_net,37,0.5697193965315819,0.0,0.001
5,pytorch_uncertainty_net,38,0.5839732908285581,0.0,0.001
5,pytorch_uncertainty_net,39,0.645027647797878,0.0,0.001
5,pytorch_uncertainty_net,40,0.5695913411103762,0.0,0.001
5,pytorch_uncertainty_net,41,0.5068036684623132,0.0,0.001
5,pytorch_uncertainty_net,42,0.5997815980361059,0.0,0.001
5,pytorch_uncertainty_net,43,0.49719796960170454,0.0,0.001
5,pytorch_uncertainty_net,44,0.5087351122727761,0.0,0.001
5,pytorch_uncertainty_net,45,0.5162948186580951,0.0,0.001
5,pytorch_uncertainty_net,46,0.568428405202352,0.0,0.001
5,pytorch_uncertainty_net,47,0.5365005063895996,0.0,0.001
5,pytorch_uncertainty_net,48,0.49279411280384433,0.0,0.001
5,pytorch_uncertainty_net,49,0.5156082533873044,0.0,0.001
5,pytorch_uncertainty_net,50,0.5409441968569388,0.0,0.001
5,pytorch_uncertainty_net,51,0.47291142436174244,0.0,0.001
5,pytorch_uncertainty_net,52,0.48446050916726774,0.0,0.001
5,pytorch_uncertainty_net,53,0.5624051214410708,0.0,0.001
5,pytorch_uncertainty_net,54,0.4698031773933998,0.0,0.001
5,pytorch_uncertainty_net,55,0.5087666213512421,0.0,0.001
5,pytorch_uncertainty_net,56,0.5099849047569128,0.0,0.001
5,pytorch_uncertainty_net,57,0.4571180985524104,0.0,0.001
5,pytorch_uncertainty_net,58,0.4854217744790591,0.0,0.001
5,pytorch_uncertainty_net,59,0.4264060780405998,0.0,0.001
5,pytorch_uncertainty_net,60,0.4499620124697685,0.0,0.001
5,pytorch_uncertainty_net,61,0.4291729130423986,0.0,0.001
5,pytorch_uncertainty_net,62,0.3827959406547822,0.0,0.001
5,pytorch_uncertainty_net,63,0.4483825913988627,0.0,0.001
5,pytorch_uncertainty_net,64,0.492868255967131,0.0,0.001
5,pytorch_uncertainty_net,65,0.4058999258738298,0.0,0.001
5,pytorch_uncertainty_net,66,0.503528129022855,0.0,0.001
5,pytorch_uncertainty_net,67,0.42022007875717604,0.0,0.001
5,pytorch_uncertainty_net,68,0.41481900444397557,0.0,0.001
5,pytorch_uncertainty_net,69,0.38895445617918784,0.0,0.001
5,pytorch_uncertainty_net,70,0.4437652410796055,0.0,0.001
5,pytorch_uncertainty_net,71,0.42100152301673704,0.0,0.001
5,pytorch_uncertainty_net,72,0.36406707756507856,0.0,0.001
5,pytorch_uncertainty_net,73,0.4565423692648227,0.0,0.001
5,pytorch_uncertainty_net,74,0.3982855017798451,0.0,0.001
5,pytorch_uncertainty_net,75,0.3676685905084014,0.0,0.001
5,pytorch_uncertainty_net,76,0.3615158793444817,0.0,0.001
5,pytorch_uncertainty_net,77,0.3573279524078736,0.0,0.001
5,pytorch_uncertainty_net,78,0.39101239322469783,0.0,0.001
5,pytorch_uncertainty_net,79,0.4345885045253314,0.0,0.001
5,pytorch_uncertainty_net,80,0.4396599716005417,0.0,0.001
5,pytorch_uncertainty_net,81,0.39671841292427135,0.0,0.001
5,pytorch_uncertainty_net,82,0.43425659763698393,0.0,0.001
5,pytorch_uncertainty_net,83,0.34391893088244474,0.0,0.001
5,pytorch_uncertainty_net,84,0.3541197508143691,0.0,0.001
5,pytorch_uncertainty_net,85,0.3031522353681234,0.0,0.001
5,pytorch_uncertainty_net,86,0.27198189210433227,0.0,0.001
5,pytorch_uncertainty_net,87,0.31329450698999256,0.0,0.001
5,pytorch_uncertainty_net,88,0.2878454766021325,0.0,0.001
5,pytorch_uncertainty_net,89,0.36540452992686856,0.0,0.001
5,pytorch_uncertainty_net,90,0.3427974351037007,0.0,0.001
5,pytorch_uncertainty_net,91,0.31174748426733107,0.0,0.001
5,pytorch_uncertainty_net,92,0.36420779381520474,0.0,0.001
5,pytorch_uncertainty_net,93,0.3645880319034824,0.0,0.001
5,pytorch_uncertainty_net,94,0.2602975433692336,0.0,0.001
5,pytorch_uncertainty_net,95,0.2632022745047624,0.0,0.001
5,pytorch_uncertainty_net,96,0.45918679162143516,0.0,0.001
5,pytorch_uncertainty_net,97,0.27635560342325616,0.0,0.001
5,pytorch_uncertainty_net,98,0.31113556328301245,0.0,0.001
5,pytorch_uncertainty_net,99,0.2624183598046119,0.0,0.001
