season_test,model,epoch,train_loss,train_acc,val_loss,val_acc,lr
1,pytorch_advanced_mlp,0,0.6555520504019982,0.6793141189346954,0.0,0.0,0.0009755527298894294
1,pytorch_advanced_mlp,1,0.5558318953181423,0.8059102517329442,0.0,0.0,0.0009046039886902864
1,pytorch_advanced_mlp,2,0.48158562599226484,0.8467712513681138,0.0,0.0,0.0007940987335200904
1,pytorch_advanced_mlp,3,0.43284646854844205,0.8679314118934696,0.0,0.0,0.0006548539886902864
1,pytorch_advanced_mlp,4,0.40991224036660306,0.8803356439255746,0.0,0.0,0.0005005000000000001
1,pytorch_advanced_mlp,5,0.3994468235692313,0.8869025902955125,0.0,0.0,0.0003461460113097139
1,pytorch_advanced_mlp,6,0.3970296798750412,0.8814301349872309,0.0,0.0,0.00020690126647990973
1,pytorch_advanced_mlp,7,0.39455063606417456,0.8847136081721999,0.0,0.0,9.639601130971382e-05
1,pytorch_advanced_mlp,8,0.3946693539619446,0.883983947464429,0.0,0.0,2.5447270110570814e-05
1,pytorch_advanced_mlp,9,0.38831147066382476,0.8847136081721999,0.0,0.0,0.001
1,pytorch_advanced_mlp,10,0.39487329402635263,0.8825246260488873,0.0,0.0,0.0009938503261272714
1,pytorch_advanced_mlp,11,0.39811246478280354,0.8850784385260854,0.0,0.0,0.0009755527298894294
1,pytorch_advanced_mlp,12,0.38998443304106245,0.8876322510032835,0.0,0.0,0.0009455577588320898
1,pytorch_advanced_mlp,13,0.39360216675802717,0.8854432688799708,0.0,0.0,0.0009046039886902864
1,pytorch_advanced_mlp,14,0.38520827473596086,0.887267420649398,0.0,0.0,0.0008536998372026805
1,pytorch_advanced_mlp,15,0.3852260549401128,0.8901860634804816,0.0,0.0,0.0007940987335200904
1,pytorch_advanced_mlp,16,0.37959075043367785,0.891280554542138,0.0,0.0,0.0007272682546199037
1,pytorch_advanced_mlp,17,0.3793698195801225,0.890550893834367,0.0,0.0,0.0006548539886902864
1,pytorch_advanced_mlp,18,0.37938161436901535,0.8879970813571689,0.0,0.0,0.0005786390152875954
1,pytorch_advanced_mlp,19,0.3775134308393611,0.8945640277271069,0.0,0.0,0.0005005000000000001
1,pytorch_advanced_mlp,20,0.37407568859499557,0.8949288580809923,0.0,0.0,0.00042236098471240487
1,pytorch_advanced_mlp,21,0.3706144981606062,0.8934695366654506,0.0,0.0,0.0003461460113097139
1,pytorch_advanced_mlp,22,0.37576893110607945,0.8876322510032835,0.0,0.0,0.00027373174538009644
1,pytorch_advanced_mlp,23,0.3712785070718721,0.8952936884348778,0.0,0.0,0.00020690126647990973
1,pytorch_advanced_mlp,24,0.36964739408603936,0.8931047063115651,0.0,0.0,0.00014730016279731955
1,pytorch_advanced_mlp,25,0.37100121309590894,0.8931047063115651,0.0,0.0,9.639601130971382e-05
1,pytorch_advanced_mlp,26,0.36931307094041693,0.8956585187887632,0.0,0.0,5.544224116791029e-05
1,pytorch_advanced_mlp,27,0.3651312728260839,0.8978475009120759,0.0,0.0,2.5447270110570814e-05
1,pytorch_advanced_mlp,28,0.3690525986427485,0.8941991973732214,0.0,0.0,7.149673872728739e-06
1,pytorch_advanced_mlp,29,0.36896778192631036,0.8941991973732214,0.0,0.0,0.001
1,pytorch_advanced_mlp,30,0.3759065013985301,0.8894564027727107,0.0,0.0,0.0009984602081996976
1,pytorch_advanced_mlp,31,0.38079971560212067,0.8931047063115651,0.0,0.0,0.0009938503261272714
1,pytorch_advanced_mlp,32,0.37726467917131823,0.8916453848960233,0.0,0.0,0.0009861987752386395
1,pytorch_advanced_mlp,33,0.37361994870873383,0.8952936884348778,0.0,0.0,0.0009755527298894294
1,pytorch_advanced_mlp,34,0.37081396718357884,0.8956585187887632,0.0,0.0,0.0009619778264893878
1,pytorch_advanced_mlp,35,0.3724441847135854,0.8934695366654506,0.0,0.0,0.0009455577588320898
1,pytorch_advanced_mlp,36,0.37219405867332633,0.8916453848960233,0.0,0.0,0.0009263937620948692
1,pytorch_advanced_mlp,37,0.36819730664408484,0.8963881794965342,0.0,0.0,0.0009046039886902864
1,pytorch_advanced_mlp,38,0.37238063437994134,0.8945640277271069,0.0,0.0,0.0008803227798172156
1,pytorch_advanced_mlp,39,0.3713395872781443,0.8934695366654506,0.0,0.0,0.0008536998372026805
1,pytorch_advanced_mlp,40,0.3712993056275124,0.8927398759576797,0.0,0.0,0.000824899300140927
1,pytorch_advanced_mlp,41,0.36720506604327713,0.893834367019336,0.0,0.0,0.0007940987335200904
1,pytorch_advanced_mlp,42,0.368629724480385,0.8960233491426487,0.0,0.0,0.0007614880330756165
1,pytorch_advanced_mlp,43,0.3684129943681318,0.8949288580809923,0.0,0.0,0.0007272682546199037
1,pytorch_advanced_mlp,44,0.36748244734697566,0.8985771616198468,0.0,0.0,0.0006916503744663625
1,pytorch_advanced_mlp,45,0.35991261102432426,0.8978475009120759,0.0,0.0,0.0006548539886902864
1,pytorch_advanced_mlp,46,0.364888435879419,0.8967530098504195,0.0,0.0,0.0006171059592460249
1,pytorch_advanced_mlp,47,0.3632504454878874,0.8927398759576797,0.0,0.0,0.0005786390152875954
1,pytorch_advanced_mlp,48,0.3626537142797958,0.8945640277271069,0.0,0.0,0.0005396903183160586
1,pytorch_advanced_mlp,49,0.36280171746431394,0.8985771616198468,0.0,0.0,0.0005005000000000001
1,pytorch_advanced_mlp,50,0.3621493030426114,0.900401313389274,0.0,0.0,0.0004613096816839416
1,pytorch_advanced_mlp,51,0.36145833827728446,0.8985771616198468,0.0,0.0,0.00042236098471240487
1,pytorch_advanced_mlp,52,0.3606746044269828,0.8996716526815031,0.0,0.0,0.00038389404075397536
1,pytorch_advanced_mlp,53,0.35973687296689943,0.9033199562203575,0.0,0.0,0.0003461460113097139
1,pytorch_advanced_mlp,54,0.3606271487335826,0.9011309740970449,0.0,0.0,0.00030934962553363774
1,pytorch_advanced_mlp,55,0.3547879831735478,0.9040496169281285,0.0,0.0,0.00027373174538009644
1,pytorch_advanced_mlp,56,0.350068878988887,0.9014958044509304,0.0,0.0,0.0002395119669243836
1,pytorch_advanced_mlp,57,0.3598244564477788,0.8982123312659613,0.0,0.0,0.00020690126647990973
1,pytorch_advanced_mlp,58,0.3539804649907489,0.9033199562203575,0.0,0.0,0.00017610069985907333
1,pytorch_advanced_mlp,59,0.3556421523870424,0.9000364830353885,0.0,0.0,0.00014730016279731955
1,pytorch_advanced_mlp,60,0.3539654765018197,0.8996716526815031,0.0,0.0,0.00012067722018278456
1,pytorch_advanced_mlp,61,0.351128172042758,0.9076979204669828,0.0,0.0,9.639601130971382e-05
1,pytorch_advanced_mlp,62,0.3496396749518638,0.903684786574243,0.0,0.0,7.460623790513096e-05
1,pytorch_advanced_mlp,63,0.3479822700799898,0.9029551258664721,0.0,0.0,5.544224116791029e-05
1,pytorch_advanced_mlp,64,0.3499710712321969,0.903684786574243,0.0,0.0,3.902217351061228e-05
1,pytorch_advanced_mlp,65,0.3483081383760585,0.9055089383436702,0.0,0.0,2.5447270110570814e-05
1,pytorch_advanced_mlp,66,0.35037505072216657,0.9055089383436702,0.0,0.0,1.4801224761360563e-05
1,pytorch_advanced_mlp,67,0.35117988253748694,0.903684786574243,0.0,0.0,7.149673872728739e-06
1,pytorch_advanced_mlp,68,0.3522168335526489,0.9044144472820138,0.0,0.0,2.539791800302582e-06
1,pytorch_advanced_mlp,69,0.3499317099881727,0.9029551258664721,0.0,0.0,0.001
1,pytorch_advanced_mlp,70,0.3628215928410375,0.8920102152499088,0.0,0.0,0.0009996149036022412
1,pytorch_advanced_mlp,71,0.3620766727037208,0.9014958044509304,0.0,0.0,0.0009984602081996976
1,pytorch_advanced_mlp,72,0.3628442571606747,0.8956585187887632,0.0,0.0,0.0009965376942489858
1,pytorch_advanced_mlp,73,0.3599321717439696,0.8985771616198468,0.0,0.0,0.0009938503261272714
1,pytorch_advanced_mlp,74,0.3587131701236547,0.8982123312659613,0.0,0.0,0.0009904022475614137
1,pytorch_advanced_mlp,75,0.36041182764740876,0.8989419919737323,0.0,0.0,0.0009861987752386395
1,pytorch_advanced_mlp,76,0.3567360438579737,0.8985771616198468,0.0,0.0,0.0009812463906085968
1,pytorch_advanced_mlp,77,0.3571643933307293,0.8982123312659613,0.0,0.0,0.0009755527298894294
1,pytorch_advanced_mlp,78,0.3598471124504888,0.8931047063115651,0.0,0.0,0.000969126572293281
1,pytorch_advanced_mlp,79,0.3582440836485042,0.8960233491426487,0.0,0.0,0.0009619778264893878
1,pytorch_advanced_mlp,80,0.359038008506908,0.897117840204305,0.0,0.0,0.0009541175153256283
1,pytorch_advanced_mlp,81,0.3565519361994987,0.8978475009120759,0.0,0.0,0.0009455577588320898
1,pytorch_advanced_mlp,82,0.3607470864473387,0.8967530098504195,0.0,0.0,0.0009363117555328623
1,pytorch_advanced_mlp,83,0.35606662478557854,0.8978475009120759,0.0,0.0,0.0009263937620948692
1,pytorch_advanced_mlp,84,0.3517839007599409,0.9066034294053266,0.0,0.0,0.0009158190713451216
1,pytorch_advanced_mlp,85,0.35352692354557125,0.8982123312659613,0.0,0.0,0.0009046039886902864
1,pytorch_advanced_mlp,86,0.3553587170534356,0.8985771616198468,0.0,0.0,0.0008927658069749322
1,pytorch_advanced_mlp,87,0.3554540061673453,0.9007661437431594,0.0,0.0,0.0008803227798172156
1,pytorch_advanced_mlp,88,0.3524777487266895,0.8978475009120759,0.0,0.0,0.000867294093463125
1,pytorch_advanced_mlp,89,0.3517901225145473,0.903684786574243,0.0,0.0,0.0008536998372026805
1,pytorch_advanced_mlp,90,0.3485737699408864,0.9055089383436702,0.0,0.0,0.0008395609723937046
1,pytorch_advanced_mlp,91,0.34725368715995963,0.9047792776358993,0.0,0.0,0.000824899300140927
1,pytorch_advanced_mlp,92,0.3461547992950262,0.9069682597592119,0.0,0.0,0.0008097374276802621
1,pytorch_advanced_mlp,93,0.3468670470770015,0.9058737686975556,0.0,0.0,0.0007940987335200904
1,pytorch_advanced_mlp,94,0.3444008002447527,0.9058737686975556,0.0,0.0,0.0007780073313932914
1,pytorch_advanced_mlp,95,0.34702402491902196,0.9066034294053266,0.0,0.0,0.0007614880330756165
1,pytorch_advanced_mlp,96,0.3494056567203167,0.903684786574243,0.0,0.0,0.0007445663101277292
1,pytorch_advanced_mlp,97,0.3441871966040412,0.9076979204669828,0.0,0.0,0.0007272682546199037
1,pytorch_advanced_mlp,98,0.3488403856754303,0.9047792776358993,0.0,0.0,0.0007096205388999455
1,pytorch_advanced_mlp,99,0.34482498016468316,0.9080627508208683,0.0,0.0,0.0006916503744663625
1,pytorch_tab_transformer,0,0.4397697199222653,0.8624589565851879,0.0,0.0,0.0009755527298894294
1,pytorch_tab_transformer,1,0.387231157962666,0.8898212331265961,0.0,0.0,0.0009046039886902864
1,pytorch_tab_transformer,2,0.38582922968753547,0.8909157241882525,0.0,0.0,0.0007940987335200904
1,pytorch_tab_transformer,3,0.3832108960595242,0.8927398759576797,0.0,0.0,0.0006548539886902864
1,pytorch_tab_transformer,4,0.37696991964828136,0.8920102152499088,0.0,0.0,0.0005005000000000001
1,pytorch_tab_transformer,5,0.3749554711718892,0.8920102152499088,0.0,0.0,0.0003461460113097139
1,pytorch_tab_transformer,6,0.3735133776831072,0.8952936884348778,0.0,0.0,0.00020690126647990973
1,pytorch_tab_transformer,7,0.36888409631196845,0.8956585187887632,0.0,0.0,9.639601130971382e-05
1,pytorch_tab_transformer,8,0.36597636342048645,0.8963881794965342,0.0,0.0,2.5447270110570814e-05
1,pytorch_tab_transformer,9,0.36424346857292705,0.8963881794965342,0.0,0.0,0.001
1,pytorch_tab_transformer,10,0.37247649736182636,0.893834367019336,0.0,0.0,0.0009938503261272714
1,pytorch_tab_transformer,11,0.3795107034749763,0.8890915724188252,0.0,0.0,0.0009755527298894294
1,pytorch_tab_transformer,12,0.37929274522980977,0.8901860634804816,0.0,0.0,0.0009455577588320898
1,pytorch_tab_transformer,13,0.3781801815642867,0.893834367019336,0.0,0.0,0.0009046039886902864
1,pytorch_tab_transformer,14,0.3727192358915196,0.8916453848960233,0.0,0.0,0.0008536998372026805
1,pytorch_tab_transformer,15,0.3714229284330856,0.8898212331265961,0.0,0.0,0.0007940987335200904
1,pytorch_tab_transformer,16,0.36786866049433864,0.8960233491426487,0.0,0.0,0.0007272682546199037
1,pytorch_tab_transformer,17,0.3658731808496076,0.893834367019336,0.0,0.0,0.0006548539886902864
1,pytorch_tab_transformer,18,0.36572038226349407,0.8967530098504195,0.0,0.0,0.0005786390152875954
1,pytorch_tab_transformer,19,0.3638525071532227,0.8985771616198468,0.0,0.0,0.0005005000000000001
1,pytorch_tab_transformer,20,0.3656390274679938,0.9000364830353885,0.0,0.0,0.00042236098471240487
1,pytorch_tab_transformer,21,0.3618717339149741,0.9022254651587012,0.0,0.0,0.0003461460113097139
1,pytorch_tab_transformer,22,0.35866004713746,0.8996716526815031,0.0,0.0,0.00027373174538009644
1,pytorch_tab_transformer,23,0.355087993449943,0.9033199562203575,0.0,0.0,0.00020690126647990973
1,pytorch_tab_transformer,24,0.35581554507100305,0.9055089383436702,0.0,0.0,0.00014730016279731955
1,pytorch_tab_transformer,25,0.3500641674496407,0.9098869025902955,0.0,0.0,9.639601130971382e-05
1,pytorch_tab_transformer,26,0.3552222494469133,0.9033199562203575,0.0,0.0,5.544224116791029e-05
1,pytorch_tab_transformer,27,0.3497099398180496,0.9062385990514411,0.0,0.0,2.5447270110570814e-05
1,pytorch_tab_transformer,28,0.3532582112523012,0.9029551258664721,0.0,0.0,7.149673872728739e-06
1,pytorch_tab_transformer,29,0.3493963750295861,0.9029551258664721,0.0,0.0,0.001
1,pytorch_tab_transformer,30,0.3679731571397116,0.8923750456037942,0.0,0.0,0.0009984602081996976
1,pytorch_tab_transformer,31,0.36890582428422086,0.8927398759576797,0.0,0.0,0.0009938503261272714
1,pytorch_tab_transformer,32,0.3676140703434168,0.8956585187887632,0.0,0.0,0.0009861987752386395
1,pytorch_tab_transformer,33,0.3676850754161214,0.893834367019336,0.0,0.0,0.0009755527298894294
1,pytorch_tab_transformer,34,0.3643777051637339,0.8956585187887632,0.0,0.0,0.0009619778264893878
1,pytorch_tab_transformer,35,0.36524859625239703,0.897117840204305,0.0,0.0,0.0009455577588320898
1,pytorch_tab_transformer,36,0.36022109001181846,0.8960233491426487,0.0,0.0,0.0009263937620948692
1,pytorch_tab_transformer,37,0.36345578626144764,0.8989419919737323,0.0,0.0,0.0009046039886902864
1,pytorch_tab_transformer,38,0.35745739867520887,0.8993068223276176,0.0,0.0,0.0008803227798172156
1,pytorch_tab_transformer,39,0.3579671452211779,0.900401313389274,0.0,0.0,0.0008536998372026805
1,pytorch_tab_transformer,40,0.3617709625598996,0.8989419919737323,0.0,0.0,0.000824899300140927
1,pytorch_tab_transformer,41,0.35622984725375506,0.9014958044509304,0.0,0.0,0.0007940987335200904
1,pytorch_tab_transformer,42,0.35343057055806004,0.9062385990514411,0.0,0.0,0.0007614880330756165
1,pytorch_tab_transformer,43,0.35171827881835227,0.9044144472820138,0.0,0.0,0.0007272682546199037
1,pytorch_tab_transformer,44,0.34951470619024233,0.9051441079897847,0.0,0.0,0.0006916503744663625
1,pytorch_tab_transformer,45,0.34822574119235195,0.9018606348048157,0.0,0.0,0.0006548539886902864
1,pytorch_tab_transformer,46,0.3513077753920888,0.9066034294053266,0.0,0.0,0.0006171059592460249
1,pytorch_tab_transformer,47,0.34566275879394176,0.9058737686975556,0.0,0.0,0.0005786390152875954
1,pytorch_tab_transformer,48,0.3475506395794625,0.9014958044509304,0.0,0.0,0.0005396903183160586
1,pytorch_tab_transformer,49,0.34125417124393376,0.9087924115286392,0.0,0.0,0.0005005000000000001
1,pytorch_tab_transformer,50,0.33459325897139175,0.91353520612915,0.0,0.0,0.0004613096816839416
1,pytorch_tab_transformer,51,0.33942213862441306,0.9076979204669828,0.0,0.0,0.00042236098471240487
1,pytorch_tab_transformer,52,0.33857191579286444,0.912805545421379,0.0,0.0,0.00038389404075397536
1,pytorch_tab_transformer,53,0.334040749211644,0.9131703757752645,0.0,0.0,0.0003461460113097139
1,pytorch_tab_transformer,54,0.3331521541573281,0.9109813936519519,0.0,0.0,0.00030934962553363774
1,pytorch_tab_transformer,55,0.33741448577060257,0.9149945275446917,0.0,0.0,0.00027373174538009644
1,pytorch_tab_transformer,56,0.3295657620873562,0.9164538489602335,0.0,0.0,0.0002395119669243836
1,pytorch_tab_transformer,57,0.33196596558703934,0.9113462240058373,0.0,0.0,0.00020690126647990973
1,pytorch_tab_transformer,58,0.32493728329969007,0.9139000364830354,0.0,0.0,0.00017610069985907333
1,pytorch_tab_transformer,59,0.32874792190485225,0.9175483400218898,0.0,0.0,0.00014730016279731955
1,pytorch_tab_transformer,60,0.32298567960428637,0.9197373221452024,0.0,0.0,0.00012067722018278456
1,pytorch_tab_transformer,61,0.32079506128333335,0.9182780007296607,0.0,0.0,9.639601130971382e-05
1,pytorch_tab_transformer,62,0.32447974626408066,0.9201021524990879,0.0,0.0,7.460623790513096e-05
1,pytorch_tab_transformer,63,0.319242661429006,0.9193724917913171,0.0,0.0,5.544224116791029e-05
1,pytorch_tab_transformer,64,0.318545225747796,0.925939438161255,0.0,0.0,3.902217351061228e-05
1,pytorch_tab_transformer,65,0.31988787928292917,0.9211966435607443,0.0,0.0,2.5447270110570814e-05
1,pytorch_tab_transformer,66,0.319535608901534,0.9230207953301715,0.0,0.0,1.4801224761360563e-05
1,pytorch_tab_transformer,67,0.3165074573006741,0.9237504560379424,0.0,0.0,7.149673872728739e-06
1,pytorch_tab_transformer,68,0.3137420921824699,0.9233856256840569,0.0,0.0,2.539791800302582e-06
1,pytorch_tab_transformer,69,0.3235519036304119,0.9182780007296607,0.0,0.0,0.001
1,pytorch_tab_transformer,70,0.34062946951666545,0.9076979204669828,0.0,0.0,0.0009996149036022412
1,pytorch_tab_transformer,71,0.34959608940191045,0.9018606348048157,0.0,0.0,0.0009984602081996976
1,pytorch_tab_transformer,72,0.34266872392144315,0.9120758847136081,0.0,0.0,0.0009965376942489858
1,pytorch_tab_transformer,73,0.3418522047442059,0.9124407150674936,0.0,0.0,0.0009938503261272714
1,pytorch_tab_transformer,74,0.3403791216916816,0.9076979204669828,0.0,0.0,0.0009904022475614137
1,pytorch_tab_transformer,75,0.3398468445899875,0.9066034294053266,0.0,0.0,0.0009861987752386395
1,pytorch_tab_transformer,76,0.3423317227252694,0.9117110543597228,0.0,0.0,0.0009812463906085968
1,pytorch_tab_transformer,77,0.33880484312079673,0.90952207223641,0.0,0.0,0.0009755527298894294
1,pytorch_tab_transformer,78,0.34329892937527146,0.90952207223641,0.0,0.0,0.000969126572293281
1,pytorch_tab_transformer,79,0.337121095768241,0.91353520612915,0.0,0.0,0.0009619778264893878
1,pytorch_tab_transformer,80,0.3353910314482312,0.9139000364830354,0.0,0.0,0.0009541175153256283
1,pytorch_tab_transformer,81,0.33810328952101776,0.9047792776358993,0.0,0.0,0.0009455577588320898
1,pytorch_tab_transformer,82,0.3302990059519923,0.9149945275446917,0.0,0.0,0.0009363117555328623
1,pytorch_tab_transformer,83,0.33514721310415935,0.9109813936519519,0.0,0.0,0.0009263937620948692
1,pytorch_tab_transformer,84,0.326477523113406,0.9179131703757752,0.0,0.0,0.0009158190713451216
1,pytorch_tab_transformer,85,0.3262272109819013,0.9171835096680043,0.0,0.0,0.0009046039886902864
1,pytorch_tab_transformer,86,0.3324297777442045,0.9142648668369209,0.0,0.0,0.0008927658069749322
1,pytorch_tab_transformer,87,0.33024127122967745,0.9139000364830354,0.0,0.0,0.0008803227798172156
1,pytorch_tab_transformer,88,0.3242324195628942,0.9190076614374316,0.0,0.0,0.000867294093463125
1,pytorch_tab_transformer,89,0.33065555920434553,0.9160890186063481,0.0,0.0,0.0008536998372026805
1,pytorch_tab_transformer,90,0.3240114547485529,0.9171835096680043,0.0,0.0,0.0008395609723937046
1,pytorch_tab_transformer,91,0.32429068656854854,0.9197373221452024,0.0,0.0,0.000824899300140927
1,pytorch_tab_transformer,92,0.3219598462415296,0.9186428310835462,0.0,0.0,0.0008097374276802621
1,pytorch_tab_transformer,93,0.32478784128677013,0.9142648668369209,0.0,0.0,0.0007940987335200904
1,pytorch_tab_transformer,94,0.32160652030346004,0.9233856256840569,0.0,0.0,0.0007780073313932914
1,pytorch_tab_transformer,95,0.31327011349589323,0.9314118934695367,0.0,0.0,0.0007614880330756165
1,pytorch_tab_transformer,96,0.3110508904900662,0.9241152863918278,0.0,0.0,0.0007445663101277292
1,pytorch_tab_transformer,97,0.3112825113673543,0.9284932506384531,0.0,0.0,0.0007272682546199037
1,pytorch_tab_transformer,98,0.3077229940614035,0.9281284202845677,0.0,0.0,0.0007096205388999455
1,pytorch_tab_transformer,99,0.30384982186694476,0.9295877417001095,0.0,0.0,0.0006916503744663625
2,pytorch_advanced_mlp,0,0.6464349766110264,0.6747697974217312,0.0,0.0,0.0009755527298894294
2,pytorch_advanced_mlp,1,0.5386357598526533,0.8095764272559852,0.0,0.0,0.0009046039886902864
2,pytorch_advanced_mlp,2,0.4659271240234375,0.8548802946593002,0.0,0.0,0.0007940987335200904
2,pytorch_advanced_mlp,3,0.4298543715199759,0.8699815837937385,0.0,0.0,0.0006548539886902864
2,pytorch_advanced_mlp,4,0.4091506025125814,0.8784530386740331,0.0,0.0,0.0005005000000000001
2,pytorch_advanced_mlp,5,0.4020376025244247,0.8843462246777164,0.0,0.0,0.0003461460113097139
2,pytorch_advanced_mlp,6,0.3954968923746153,0.8843462246777164,0.0,0.0,0.00020690126647990973
2,pytorch_advanced_mlp,7,0.3917402375576108,0.8906077348066298,0.0,0.0,9.639601130971382e-05
2,pytorch_advanced_mlp,8,0.3907378544641096,0.889134438305709,0.0,0.0,2.5447270110570814e-05
2,pytorch_advanced_mlp,9,0.38643418980199234,0.8942909760589318,0.0,0.0,0.001
2,pytorch_advanced_mlp,10,0.4002360264922297,0.8810313075506445,0.0,0.0,0.0009938503261272714
2,pytorch_advanced_mlp,11,0.3963127843169279,0.89097605893186,0.0,0.0,0.0009755527298894294
2,pytorch_advanced_mlp,12,0.39028928168984345,0.8858195211786372,0.0,0.0,0.0009455577588320898
2,pytorch_advanced_mlp,13,0.3856874739014825,0.8895027624309392,0.0,0.0,0.0009046039886902864
2,pytorch_advanced_mlp,14,0.3920960966930833,0.887292817679558,0.0,0.0,0.0008536998372026805
2,pytorch_advanced_mlp,15,0.38207314250081087,0.8917127071823204,0.0,0.0,0.0007940987335200904
2,pytorch_advanced_mlp,16,0.37762934108113133,0.8935543278084714,0.0,0.0,0.0007272682546199037
2,pytorch_advanced_mlp,17,0.3750446764535682,0.8924493554327808,0.0,0.0,0.0006548539886902864
2,pytorch_advanced_mlp,18,0.38051458014998324,0.8902394106813997,0.0,0.0,0.0005786390152875954
2,pytorch_advanced_mlp,19,0.3742638777854831,0.8942909760589318,0.0,0.0,0.0005005000000000001
2,pytorch_advanced_mlp,20,0.37501466620800106,0.8935543278084714,0.0,0.0,0.00042236098471240487
2,pytorch_advanced_mlp,21,0.3751215622868649,0.8935543278084714,0.0,0.0,0.0003461460113097139
2,pytorch_advanced_mlp,22,0.3676389892433965,0.8953959484346224,0.0,0.0,0.00027373174538009644
2,pytorch_advanced_mlp,23,0.371911391269329,0.8902394106813997,0.0,0.0,0.00020690126647990973
2,pytorch_advanced_mlp,24,0.3720433739728706,0.8965009208103131,0.0,0.0,0.00014730016279731955
2,pytorch_advanced_mlp,25,0.3714204194933869,0.8931860036832413,0.0,0.0,9.639601130971382e-05
2,pytorch_advanced_mlp,26,0.3677096789659456,0.8994475138121547,0.0,0.0,5.544224116791029e-05
2,pytorch_advanced_mlp,27,0.369888105364733,0.8979742173112338,0.0,0.0,2.5447270110570814e-05
2,pytorch_advanced_mlp,28,0.37041343367376994,0.8924493554327808,0.0,0.0,7.149673872728739e-06
2,pytorch_advanced_mlp,29,0.3687191210513891,0.8976058931860037,0.0,0.0,0.001
2,pytorch_advanced_mlp,30,0.37528401613235474,0.8968692449355433,0.0,0.0,0.0009984602081996976
2,pytorch_advanced_mlp,31,0.3765217038088067,0.8939226519337017,0.0,0.0,0.0009938503261272714
2,pytorch_advanced_mlp,32,0.3799632732258287,0.8920810313075507,0.0,0.0,0.0009861987752386395
2,pytorch_advanced_mlp,33,0.3738757919433505,0.8917127071823204,0.0,0.0,0.0009755527298894294
2,pytorch_advanced_mlp,34,0.37559633476789606,0.8906077348066298,0.0,0.0,0.0009619778264893878
2,pytorch_advanced_mlp,35,0.3751187490862469,0.8917127071823204,0.0,0.0,0.0009455577588320898
2,pytorch_advanced_mlp,36,0.3691015493038089,0.8953959484346224,0.0,0.0,0.0009263937620948692
2,pytorch_advanced_mlp,37,0.3692873723285143,0.8939226519337017,0.0,0.0,0.0009046039886902864
2,pytorch_advanced_mlp,38,0.3688501348329145,0.8935543278084714,0.0,0.0,0.0008803227798172156
2,pytorch_advanced_mlp,39,0.3681548078392827,0.8972375690607735,0.0,0.0,0.0008536998372026805
2,pytorch_advanced_mlp,40,0.3712338576483172,0.8965009208103131,0.0,0.0,0.000824899300140927
2,pytorch_advanced_mlp,41,0.36711288607397746,0.8935543278084714,0.0,0.0,0.0007940987335200904
2,pytorch_advanced_mlp,42,0.36333574735841084,0.8979742173112338,0.0,0.0,0.0007614880330756165
2,pytorch_advanced_mlp,43,0.36787892358247626,0.8976058931860037,0.0,0.0,0.0007272682546199037
2,pytorch_advanced_mlp,44,0.36515192583549855,0.8998158379373848,0.0,0.0,0.0006916503744663625
2,pytorch_advanced_mlp,45,0.36428921513779217,0.8965009208103131,0.0,0.0,0.0006548539886902864
2,pytorch_advanced_mlp,46,0.3648113407367884,0.8983425414364641,0.0,0.0,0.0006171059592460249
2,pytorch_advanced_mlp,47,0.3590593240981878,0.8968692449355433,0.0,0.0,0.0005786390152875954
2,pytorch_advanced_mlp,48,0.3619155107542526,0.8924493554327808,0.0,0.0,0.0005396903183160586
2,pytorch_advanced_mlp,49,0.3634843008462773,0.9031307550644567,0.0,0.0,0.0005005000000000001
2,pytorch_advanced_mlp,50,0.357993098885514,0.9001841620626151,0.0,0.0,0.0004613096816839416
2,pytorch_advanced_mlp,51,0.3600574676380601,0.9038674033149171,0.0,0.0,0.00042236098471240487
2,pytorch_advanced_mlp,52,0.3577767582826836,0.9020257826887661,0.0,0.0,0.00038389404075397536
2,pytorch_advanced_mlp,53,0.35343725320904756,0.9064456721915285,0.0,0.0,0.0003461460113097139
2,pytorch_advanced_mlp,54,0.3497320073981618,0.9038674033149171,0.0,0.0,0.00030934962553363774
2,pytorch_advanced_mlp,55,0.3563707131286,0.9020257826887661,0.0,0.0,0.00027373174538009644
2,pytorch_advanced_mlp,56,0.3566322416760201,0.9031307550644567,0.0,0.0,0.0002395119669243836
2,pytorch_advanced_mlp,57,0.3529569832391517,0.903499079189687,0.0,0.0,0.00020690126647990973
2,pytorch_advanced_mlp,58,0.35118093185646587,0.903499079189687,0.0,0.0,0.00017610069985907333
2,pytorch_advanced_mlp,59,0.3486793637275696,0.9068139963167587,0.0,0.0,0.00014730016279731955
2,pytorch_advanced_mlp,60,0.3527301168719003,0.9031307550644567,0.0,0.0,0.00012067722018278456
2,pytorch_advanced_mlp,61,0.3501144086205682,0.9064456721915285,0.0,0.0,9.639601130971382e-05
2,pytorch_advanced_mlp,62,0.34901046960852866,0.9060773480662984,0.0,0.0,7.460623790513096e-05
2,pytorch_advanced_mlp,63,0.3513767317283985,0.9049723756906077,0.0,0.0,5.544224116791029e-05
2,pytorch_advanced_mlp,64,0.34618666560150857,0.9082872928176795,0.0,0.0,3.902217351061228e-05
2,pytorch_advanced_mlp,65,0.34805616944335227,0.9027624309392265,0.0,0.0,2.5447270110570814e-05
2,pytorch_advanced_mlp,66,0.3431553265383077,0.9060773480662984,0.0,0.0,1.4801224761360563e-05
2,pytorch_advanced_mlp,67,0.33939829260803933,0.9093922651933701,0.0,0.0,7.149673872728739e-06
2,pytorch_advanced_mlp,68,0.3481327711149704,0.9046040515653775,0.0,0.0,2.539791800302582e-06
2,pytorch_advanced_mlp,69,0.34915354570677115,0.9057090239410681,0.0,0.0,0.001
2,pytorch_advanced_mlp,70,0.3548265307448631,0.901657458563536,0.0,0.0,0.0009996149036022412
2,pytorch_advanced_mlp,71,0.3626257694044778,0.8983425414364641,0.0,0.0,0.0009984602081996976
2,pytorch_advanced_mlp,72,0.35875089778456576,0.9023941068139963,0.0,0.0,0.0009965376942489858
2,pytorch_advanced_mlp,73,0.3570746557657109,0.8976058931860037,0.0,0.0,0.0009938503261272714
2,pytorch_advanced_mlp,74,0.36193203718163247,0.8935543278084714,0.0,0.0,0.0009904022475614137
2,pytorch_advanced_mlp,75,0.36360703720602877,0.8965009208103131,0.0,0.0,0.0009861987752386395
2,pytorch_advanced_mlp,76,0.36033138009004817,0.9005524861878453,0.0,0.0,0.0009812463906085968
2,pytorch_advanced_mlp,77,0.3596413184043973,0.9009208103130755,0.0,0.0,0.0009755527298894294
2,pytorch_advanced_mlp,78,0.3564746012521345,0.8998158379373848,0.0,0.0,0.000969126572293281
2,pytorch_advanced_mlp,79,0.3541615113269451,0.9082872928176795,0.0,0.0,0.0009619778264893878
2,pytorch_advanced_mlp,80,0.3567961994991746,0.8972375690607735,0.0,0.0,0.0009541175153256283
2,pytorch_advanced_mlp,81,0.3552444695040237,0.8976058931860037,0.0,0.0,0.0009455577588320898
2,pytorch_advanced_mlp,82,0.35300939374191814,0.8998158379373848,0.0,0.0,0.0009363117555328623
2,pytorch_advanced_mlp,83,0.35831046450969783,0.9060773480662984,0.0,0.0,0.0009263937620948692
2,pytorch_advanced_mlp,84,0.3569108427957047,0.9042357274401474,0.0,0.0,0.0009158190713451216
2,pytorch_advanced_mlp,85,0.35004424217135405,0.9020257826887661,0.0,0.0,0.0009046039886902864
2,pytorch_advanced_mlp,86,0.35008206547692766,0.9060773480662984,0.0,0.0,0.0008927658069749322
2,pytorch_advanced_mlp,87,0.3516176668710487,0.8976058931860037,0.0,0.0,0.0008803227798172156
2,pytorch_advanced_mlp,88,0.349263085182323,0.9009208103130755,0.0,0.0,0.000867294093463125
2,pytorch_advanced_mlp,89,0.34630717856939447,0.9046040515653775,0.0,0.0,0.0008536998372026805
2,pytorch_advanced_mlp,90,0.34612939732019293,0.9057090239410681,0.0,0.0,0.0008395609723937046
2,pytorch_advanced_mlp,91,0.3450806127038113,0.9049723756906077,0.0,0.0,0.000824899300140927
2,pytorch_advanced_mlp,92,0.3444211184978485,0.9101289134438306,0.0,0.0,0.0008097374276802621
2,pytorch_advanced_mlp,93,0.34730446685192196,0.9101289134438306,0.0,0.0,0.0007940987335200904
2,pytorch_advanced_mlp,94,0.34867416148961977,0.9057090239410681,0.0,0.0,0.0007780073313932914
2,pytorch_advanced_mlp,95,0.3485932578874189,0.9046040515653775,0.0,0.0,0.0007614880330756165
2,pytorch_advanced_mlp,96,0.34041874838429825,0.910865561694291,0.0,0.0,0.0007445663101277292
2,pytorch_advanced_mlp,97,0.3406771962032762,0.912707182320442,0.0,0.0,0.0007272682546199037
2,pytorch_advanced_mlp,98,0.338403525047524,0.9160220994475138,0.0,0.0,0.0007096205388999455
2,pytorch_advanced_mlp,99,0.3442800218282744,0.9057090239410681,0.0,0.0,0.0006916503744663625
2,pytorch_tab_transformer,0,0.4436979300754015,0.8515653775322284,0.0,0.0,0.0009755527298894294
2,pytorch_tab_transformer,1,0.39176097304322,0.8931860036832413,0.0,0.0,0.0009046039886902864
2,pytorch_tab_transformer,2,0.387788453767466,0.8924493554327808,0.0,0.0,0.0007940987335200904
2,pytorch_tab_transformer,3,0.3857004843478979,0.8931860036832413,0.0,0.0,0.0006548539886902864
2,pytorch_tab_transformer,4,0.38684083902558614,0.8906077348066298,0.0,0.0,0.0005005000000000001
2,pytorch_tab_transformer,5,0.37308249362679413,0.8928176795580111,0.0,0.0,0.0003461460113097139
2,pytorch_tab_transformer,6,0.3766502765722053,0.8920810313075507,0.0,0.0,0.00020690126647990973
2,pytorch_tab_transformer,7,0.37315096550209575,0.8950276243093923,0.0,0.0,9.639601130971382e-05
2,pytorch_tab_transformer,8,0.36658369732457535,0.8957642725598527,0.0,0.0,2.5447270110570814e-05
2,pytorch_tab_transformer,9,0.36712339589762133,0.8942909760589318,0.0,0.0,0.001
2,pytorch_tab_transformer,10,0.37705355813336927,0.89097605893186,0.0,0.0,0.0009938503261272714
2,pytorch_tab_transformer,11,0.38625081403310907,0.8913443830570903,0.0,0.0,0.0009755527298894294
2,pytorch_tab_transformer,12,0.3775778489057408,0.8920810313075507,0.0,0.0,0.0009455577588320898
2,pytorch_tab_transformer,13,0.37633634445279146,0.889134438305709,0.0,0.0,0.0009046039886902864
2,pytorch_tab_transformer,14,0.3774820808754411,0.89097605893186,0.0,0.0,0.0008536998372026805
2,pytorch_tab_transformer,15,0.3712992501813312,0.8931860036832413,0.0,0.0,0.0007940987335200904
2,pytorch_tab_transformer,16,0.3747125857098158,0.8917127071823204,0.0,0.0,0.0007272682546199037
2,pytorch_tab_transformer,17,0.37125872456750203,0.8942909760589318,0.0,0.0,0.0006548539886902864
2,pytorch_tab_transformer,18,0.36992370389228646,0.8906077348066298,0.0,0.0,0.0005786390152875954
2,pytorch_tab_transformer,19,0.3689352433348811,0.8917127071823204,0.0,0.0,0.0005005000000000001
2,pytorch_tab_transformer,20,0.36658031857290935,0.8928176795580111,0.0,0.0,0.00042236098471240487
2,pytorch_tab_transformer,21,0.3626318248205407,0.8961325966850828,0.0,0.0,0.0003461460113097139
2,pytorch_tab_transformer,22,0.36450091142987096,0.8976058931860037,0.0,0.0,0.00027373174538009644
2,pytorch_tab_transformer,23,0.3588950245879417,0.8942909760589318,0.0,0.0,0.00020690126647990973
2,pytorch_tab_transformer,24,0.3561613739922989,0.8968692449355433,0.0,0.0,0.00014730016279731955
2,pytorch_tab_transformer,25,0.3586267870525981,0.8965009208103131,0.0,0.0,9.639601130971382e-05
2,pytorch_tab_transformer,26,0.3555877125540445,0.8961325966850828,0.0,0.0,5.544224116791029e-05
2,pytorch_tab_transformer,27,0.3554274315057799,0.8987108655616943,0.0,0.0,2.5447270110570814e-05
2,pytorch_tab_transformer,28,0.3566060426623322,0.8979742173112338,0.0,0.0,7.149673872728739e-06
2,pytorch_tab_transformer,29,0.3601618970549384,0.8957642725598527,0.0,0.0,0.001
2,pytorch_tab_transformer,30,0.36555157289948575,0.8976058931860037,0.0,0.0,0.0009984602081996976
2,pytorch_tab_transformer,31,0.37334044797475946,0.8972375690607735,0.0,0.0,0.0009938503261272714
2,pytorch_tab_transformer,32,0.36752625884011736,0.8924493554327808,0.0,0.0,0.0009861987752386395
2,pytorch_tab_transformer,33,0.37370960379755774,0.8928176795580111,0.0,0.0,0.0009755527298894294
2,pytorch_tab_transformer,34,0.3673757085966509,0.8953959484346224,0.0,0.0,0.0009619778264893878
2,pytorch_tab_transformer,35,0.36467922704164374,0.8961325966850828,0.0,0.0,0.0009455577588320898
2,pytorch_tab_transformer,36,0.3650844159514405,0.8987108655616943,0.0,0.0,0.0009263937620948692
2,pytorch_tab_transformer,37,0.36461888496265854,0.8998158379373848,0.0,0.0,0.0009046039886902864
2,pytorch_tab_transformer,38,0.3656424665173819,0.8946593001841621,0.0,0.0,0.0008803227798172156
2,pytorch_tab_transformer,39,0.36611283310624054,0.8946593001841621,0.0,0.0,0.0008536998372026805
2,pytorch_tab_transformer,40,0.3611620754696602,0.8990791896869245,0.0,0.0,0.000824899300140927
2,pytorch_tab_transformer,41,0.3617230487424274,0.8983425414364641,0.0,0.0,0.0007940987335200904
2,pytorch_tab_transformer,42,0.3582473064577857,0.9001841620626151,0.0,0.0,0.0007614880330756165
2,pytorch_tab_transformer,43,0.3591178523939709,0.8983425414364641,0.0,0.0,0.0007272682546199037
2,pytorch_tab_transformer,44,0.3559012419955675,0.8998158379373848,0.0,0.0,0.0006916503744663625
2,pytorch_tab_transformer,45,0.3567470374495484,0.8968692449355433,0.0,0.0,0.0006548539886902864
2,pytorch_tab_transformer,46,0.35539084534312404,0.8990791896869245,0.0,0.0,0.0006171059592460249
2,pytorch_tab_transformer,47,0.35616042309029156,0.9012891344383057,0.0,0.0,0.0005786390152875954
2,pytorch_tab_transformer,48,0.35209006140398424,0.9031307550644567,0.0,0.0,0.0005396903183160586
2,pytorch_tab_transformer,49,0.3501346852890281,0.9060773480662984,0.0,0.0,0.0005005000000000001
2,pytorch_tab_transformer,50,0.3470445642637652,0.9064456721915285,0.0,0.0,0.0004613096816839416
2,pytorch_tab_transformer,51,0.3469911134520242,0.9020257826887661,0.0,0.0,0.00042236098471240487
2,pytorch_tab_transformer,52,0.34943995434184405,0.905340699815838,0.0,0.0,0.00038389404075397536
2,pytorch_tab_transformer,53,0.3444596986437953,0.9079189686924494,0.0,0.0,0.0003461460113097139
2,pytorch_tab_transformer,54,0.3455378191415654,0.9082872928176795,0.0,0.0,0.00030934962553363774
2,pytorch_tab_transformer,55,0.3416107899920885,0.910865561694291,0.0,0.0,0.00027373174538009644
2,pytorch_tab_transformer,56,0.3421012585939363,0.9060773480662984,0.0,0.0,0.0002395119669243836
2,pytorch_tab_transformer,57,0.3377819511779519,0.9119705340699816,0.0,0.0,0.00020690126647990973
2,pytorch_tab_transformer,58,0.33623379884764204,0.9116022099447514,0.0,0.0,0.00017610069985907333
2,pytorch_tab_transformer,59,0.3352994849515516,0.9141804788213628,0.0,0.0,0.00014730016279731955
2,pytorch_tab_transformer,60,0.33896234007768855,0.9097605893186004,0.0,0.0,0.00012067722018278456
2,pytorch_tab_transformer,61,0.33075618882511937,0.9149171270718232,0.0,0.0,9.639601130971382e-05
2,pytorch_tab_transformer,62,0.33793535274128583,0.9123388581952118,0.0,0.0,7.460623790513096e-05
2,pytorch_tab_transformer,63,0.33235471262488253,0.9116022099447514,0.0,0.0,5.544224116791029e-05
2,pytorch_tab_transformer,64,0.3313290968883869,0.9193370165745857,0.0,0.0,3.902217351061228e-05
2,pytorch_tab_transformer,65,0.32935960694800975,0.9149171270718232,0.0,0.0,2.5447270110570814e-05
2,pytorch_tab_transformer,66,0.3335044723610545,0.916390423572744,0.0,0.0,1.4801224761360563e-05
2,pytorch_tab_transformer,67,0.32825054089690364,0.9149171270718232,0.0,0.0,7.149673872728739e-06
2,pytorch_tab_transformer,68,0.32872656680816825,0.914548802946593,0.0,0.0,2.539791800302582e-06
2,pytorch_tab_transformer,69,0.32747363004573554,0.9160220994475138,0.0,0.0,0.001
2,pytorch_tab_transformer,70,0.3462765230688938,0.9038674033149171,0.0,0.0,0.0009996149036022412
2,pytorch_tab_transformer,71,0.3524184247782064,0.905340699815838,0.0,0.0,0.0009984602081996976
2,pytorch_tab_transformer,72,0.35715090396792387,0.9042357274401474,0.0,0.0,0.0009965376942489858
2,pytorch_tab_transformer,73,0.3468793505846068,0.9075506445672191,0.0,0.0,0.0009938503261272714
2,pytorch_tab_transformer,74,0.34581471875656483,0.9101289134438306,0.0,0.0,0.0009904022475614137
2,pytorch_tab_transformer,75,0.35048146996387214,0.9060773480662984,0.0,0.0,0.0009861987752386395
2,pytorch_tab_transformer,76,0.3468201992123626,0.9086556169429097,0.0,0.0,0.0009812463906085968
2,pytorch_tab_transformer,77,0.34995568976845853,0.903499079189687,0.0,0.0,0.0009755527298894294
2,pytorch_tab_transformer,78,0.34733994686326314,0.9075506445672191,0.0,0.0,0.000969126572293281
2,pytorch_tab_transformer,79,0.34726543274036675,0.9097605893186004,0.0,0.0,0.0009619778264893878
2,pytorch_tab_transformer,80,0.34763472094092257,0.9093922651933701,0.0,0.0,0.0009541175153256283
2,pytorch_tab_transformer,81,0.342926611733991,0.9086556169429097,0.0,0.0,0.0009455577588320898
2,pytorch_tab_transformer,82,0.34413735325946365,0.9046040515653775,0.0,0.0,0.0009363117555328623
2,pytorch_tab_transformer,83,0.33834188483482186,0.9152854511970534,0.0,0.0,0.0009263937620948692
2,pytorch_tab_transformer,84,0.345329005357831,0.9116022099447514,0.0,0.0,0.0009158190713451216
2,pytorch_tab_transformer,85,0.34903712536013404,0.8983425414364641,0.0,0.0,0.0009046039886902864
2,pytorch_tab_transformer,86,0.33859641468802165,0.9075506445672191,0.0,0.0,0.0008927658069749322
2,pytorch_tab_transformer,87,0.34016282198040987,0.9119705340699816,0.0,0.0,0.0008803227798172156
2,pytorch_tab_transformer,88,0.3437316452347955,0.903499079189687,0.0,0.0,0.000867294093463125
2,pytorch_tab_transformer,89,0.3361815345841785,0.9149171270718232,0.0,0.0,0.0008536998372026805
2,pytorch_tab_transformer,90,0.33211051239523776,0.9186003683241253,0.0,0.0,0.0008395609723937046
2,pytorch_tab_transformer,91,0.3315655013849569,0.9152854511970534,0.0,0.0,0.000824899300140927
2,pytorch_tab_transformer,92,0.33162790328957314,0.9138121546961326,0.0,0.0,0.0008097374276802621
2,pytorch_tab_transformer,93,0.3318140451298204,0.9134438305709024,0.0,0.0,0.0007940987335200904
2,pytorch_tab_transformer,94,0.3274731268716413,0.9193370165745857,0.0,0.0,0.0007780073313932914
2,pytorch_tab_transformer,95,0.3345843352550684,0.910865561694291,0.0,0.0,0.0007614880330756165
2,pytorch_tab_transformer,96,0.3312650884306708,0.9178637200736648,0.0,0.0,0.0007445663101277292
2,pytorch_tab_transformer,97,0.3265171751033428,0.921915285451197,0.0,0.0,0.0007272682546199037
2,pytorch_tab_transformer,98,0.3270776108946911,0.9193370165745857,0.0,0.0,0.0007096205388999455
2,pytorch_tab_transformer,99,0.32470125860946125,0.9233885819521178,0.0,0.0,0.0006916503744663625
3,pytorch_advanced_mlp,0,0.6306236913037855,0.6882396449704142,0.0,0.0,0.0009755527298894294
3,pytorch_advanced_mlp,1,0.5259902657464494,0.8187869822485208,0.0,0.0,0.0009046039886902864
3,pytorch_advanced_mlp,2,0.47118997296621634,0.8483727810650887,0.0,0.0,0.0007940987335200904
3,pytorch_advanced_mlp,3,0.419914573431015,0.8779585798816568,0.0,0.0,0.0006548539886902864
3,pytorch_advanced_mlp,4,0.4042104447996894,0.878698224852071,0.0,0.0,0.0005005000000000001
3,pytorch_advanced_mlp,5,0.39455281995063607,0.886094674556213,0.0,0.0,0.0003461460113097139
3,pytorch_advanced_mlp,6,0.3936665321505347,0.889792899408284,0.0,0.0,0.00020690126647990973
3,pytorch_advanced_mlp,7,0.39526974461799447,0.8868343195266272,0.0,0.0,9.639601130971382e-05
3,pytorch_advanced_mlp,8,0.3849152589953223,0.8842455621301775,0.0,0.0,2.5447270110570814e-05
3,pytorch_advanced_mlp,9,0.3894922712514567,0.8864644970414202,0.0,0.0,0.001
3,pytorch_advanced_mlp,10,0.39980970981509184,0.8890532544378699,0.0,0.0,0.0009938503261272714
3,pytorch_advanced_mlp,11,0.396879528151002,0.8798076923076923,0.0,0.0,0.0009755527298894294
3,pytorch_advanced_mlp,12,0.39161584127781,0.8894230769230769,0.0,0.0,0.0009455577588320898
3,pytorch_advanced_mlp,13,0.3845739530962567,0.8886834319526628,0.0,0.0,0.0009046039886902864
3,pytorch_advanced_mlp,14,0.3835343884867291,0.8894230769230769,0.0,0.0,0.0008536998372026805
3,pytorch_advanced_mlp,15,0.38440968893295113,0.8853550295857988,0.0,0.0,0.0007940987335200904
3,pytorch_advanced_mlp,16,0.38483597788699836,0.8909023668639053,0.0,0.0,0.0007272682546199037
3,pytorch_advanced_mlp,17,0.3803533890912699,0.8909023668639053,0.0,0.0,0.0006548539886902864
3,pytorch_advanced_mlp,18,0.3764898825523465,0.8964497041420119,0.0,0.0,0.0005786390152875954
3,pytorch_advanced_mlp,19,0.38110079113827194,0.8875739644970414,0.0,0.0,0.0005005000000000001
3,pytorch_advanced_mlp,20,0.3730875378431276,0.893491124260355,0.0,0.0,0.00042236098471240487
3,pytorch_advanced_mlp,21,0.37591291097707524,0.8923816568047337,0.0,0.0,0.0003461460113097139
3,pytorch_advanced_mlp,22,0.37311246575311174,0.8957100591715976,0.0,0.0,0.00027373174538009644
3,pytorch_advanced_mlp,23,0.37345704990763995,0.8938609467455622,0.0,0.0,0.00020690126647990973
3,pytorch_advanced_mlp,24,0.37030321983403935,0.8964497041420119,0.0,0.0,0.00014730016279731955
3,pytorch_advanced_mlp,25,0.3666332371013109,0.8938609467455622,0.0,0.0,9.639601130971382e-05
3,pytorch_advanced_mlp,26,0.36092238509377766,0.9027366863905325,0.0,0.0,5.544224116791029e-05
3,pytorch_advanced_mlp,27,0.36849366717560345,0.8957100591715976,0.0,0.0,2.5447270110570814e-05
3,pytorch_advanced_mlp,28,0.36469343997711356,0.8949704142011834,0.0,0.0,7.149673872728739e-06
3,pytorch_advanced_mlp,29,0.36736755731493925,0.8960798816568047,0.0,0.0,0.001
3,pytorch_advanced_mlp,30,0.37603191095729205,0.8912721893491125,0.0,0.0,0.0009984602081996976
3,pytorch_advanced_mlp,31,0.3821056124775909,0.8886834319526628,0.0,0.0,0.0009938503261272714
3,pytorch_advanced_mlp,32,0.37876890772996946,0.8886834319526628,0.0,0.0,0.0009861987752386395
3,pytorch_advanced_mlp,33,0.37133349651514097,0.8946005917159763,0.0,0.0,0.0009755527298894294
3,pytorch_advanced_mlp,34,0.37064589178839397,0.8931213017751479,0.0,0.0,0.0009619778264893878
3,pytorch_advanced_mlp,35,0.37316315881041595,0.8975591715976331,0.0,0.0,0.0009455577588320898
3,pytorch_advanced_mlp,36,0.3740982551907384,0.8923816568047337,0.0,0.0,0.0009263937620948692
3,pytorch_advanced_mlp,37,0.372952364904936,0.8920118343195266,0.0,0.0,0.0009046039886902864
3,pytorch_advanced_mlp,38,0.37191632251406825,0.8912721893491125,0.0,0.0,0.0008803227798172156
3,pytorch_advanced_mlp,39,0.3691026249597239,0.8953402366863905,0.0,0.0,0.0008536998372026805
3,pytorch_advanced_mlp,40,0.3702555846336276,0.8927514792899408,0.0,0.0,0.000824899300140927
3,pytorch_advanced_mlp,41,0.36598000762074495,0.8953402366863905,0.0,0.0,0.0007940987335200904
3,pytorch_advanced_mlp,42,0.37022683578868243,0.8960798816568047,0.0,0.0,0.0007614880330756165
3,pytorch_advanced_mlp,43,0.36446402863014576,0.896819526627219,0.0,0.0,0.0007272682546199037
3,pytorch_advanced_mlp,44,0.3634870530560959,0.9012573964497042,0.0,0.0,0.0006916503744663625
3,pytorch_advanced_mlp,45,0.3668994238210279,0.896819526627219,0.0,0.0,0.0006548539886902864
3,pytorch_advanced_mlp,46,0.3633260692274848,0.8957100591715976,0.0,0.0,0.0006171059592460249
3,pytorch_advanced_mlp,47,0.3614434911761173,0.897189349112426,0.0,0.0,0.0005786390152875954
3,pytorch_advanced_mlp,48,0.36091947347618814,0.8960798816568047,0.0,0.0,0.0005396903183160586
3,pytorch_advanced_mlp,49,0.35940112554749776,0.8964497041420119,0.0,0.0,0.0005005000000000001
3,pytorch_advanced_mlp,50,0.3598199292670849,0.8986686390532544,0.0,0.0,0.0004613096816839416
3,pytorch_advanced_mlp,51,0.360515181408372,0.893491124260355,0.0,0.0,0.00042236098471240487
3,pytorch_advanced_mlp,52,0.3573110436284265,0.896819526627219,0.0,0.0,0.00038389404075397536
3,pytorch_advanced_mlp,53,0.35704186489415723,0.9034763313609467,0.0,0.0,0.0003461460113097139
3,pytorch_advanced_mlp,54,0.36090224426846174,0.8994082840236687,0.0,0.0,0.00030934962553363774
3,pytorch_advanced_mlp,55,0.35645578351131707,0.8990384615384616,0.0,0.0,0.00027373174538009644
3,pytorch_advanced_mlp,56,0.3568123017632684,0.8986686390532544,0.0,0.0,0.0002395119669243836
3,pytorch_advanced_mlp,57,0.3615138870339061,0.9027366863905325,0.0,0.0,0.00020690126647990973
3,pytorch_advanced_mlp,58,0.3517208210257597,0.9027366863905325,0.0,0.0,0.00017610069985907333
3,pytorch_advanced_mlp,59,0.35436849954516386,0.900887573964497,0.0,0.0,0.00014730016279731955
3,pytorch_advanced_mlp,60,0.3500578708426897,0.9053254437869822,0.0,0.0,0.00012067722018278456
3,pytorch_advanced_mlp,61,0.35802577332008717,0.8986686390532544,0.0,0.0,9.639601130971382e-05
3,pytorch_advanced_mlp,62,0.34615688129912975,0.9071745562130178,0.0,0.0,7.460623790513096e-05
3,pytorch_advanced_mlp,63,0.34924288336620773,0.9019970414201184,0.0,0.0,5.544224116791029e-05
3,pytorch_advanced_mlp,64,0.3594172742477683,0.9019970414201184,0.0,0.0,3.902217351061228e-05
3,pytorch_advanced_mlp,65,0.34548467605613,0.908284023668639,0.0,0.0,2.5447270110570814e-05
3,pytorch_advanced_mlp,66,0.34473669702230497,0.9027366863905325,0.0,0.0,1.4801224761360563e-05
3,pytorch_advanced_mlp,67,0.35219957731490914,0.8994082840236687,0.0,0.0,7.149673872728739e-06
3,pytorch_advanced_mlp,68,0.3439809943354407,0.9027366863905325,0.0,0.0,2.539791800302582e-06
3,pytorch_advanced_mlp,69,0.34158733417821485,0.9053254437869822,0.0,0.0,0.001
3,pytorch_advanced_mlp,70,0.3624538571335549,0.8986686390532544,0.0,0.0,0.0009996149036022412
3,pytorch_advanced_mlp,71,0.3626922105633935,0.8949704142011834,0.0,0.0,0.0009984602081996976
3,pytorch_advanced_mlp,72,0.3624113340710485,0.8949704142011834,0.0,0.0,0.0009965376942489858
3,pytorch_advanced_mlp,73,0.36017961973367735,0.8975591715976331,0.0,0.0,0.0009938503261272714
3,pytorch_advanced_mlp,74,0.3641252261261607,0.8946005917159763,0.0,0.0,0.0009904022475614137
3,pytorch_advanced_mlp,75,0.359887127959451,0.8982988165680473,0.0,0.0,0.0009861987752386395
3,pytorch_advanced_mlp,76,0.3539866001106972,0.900887573964497,0.0,0.0,0.0009812463906085968
3,pytorch_advanced_mlp,77,0.35974104113357014,0.8990384615384616,0.0,0.0,0.0009755527298894294
3,pytorch_advanced_mlp,78,0.36587593236634897,0.9016272189349113,0.0,0.0,0.000969126572293281
3,pytorch_advanced_mlp,79,0.35752780700838843,0.900887573964497,0.0,0.0,0.0009619778264893878
3,pytorch_advanced_mlp,80,0.35947276201359063,0.8997781065088757,0.0,0.0,0.0009541175153256283
3,pytorch_advanced_mlp,81,0.35586085153180497,0.8979289940828402,0.0,0.0,0.0009455577588320898
3,pytorch_advanced_mlp,82,0.3499885748985202,0.9012573964497042,0.0,0.0,0.0009363117555328623
3,pytorch_advanced_mlp,83,0.35277895386828934,0.9019970414201184,0.0,0.0,0.0009263937620948692
3,pytorch_advanced_mlp,84,0.3561433338841727,0.9038461538461539,0.0,0.0,0.0009158190713451216
3,pytorch_advanced_mlp,85,0.3549318050229272,0.904215976331361,0.0,0.0,0.0009046039886902864
3,pytorch_advanced_mlp,86,0.3526597965595334,0.8986686390532544,0.0,0.0,0.0008927658069749322
3,pytorch_advanced_mlp,87,0.35060587525367737,0.904215976331361,0.0,0.0,0.0008803227798172156
3,pytorch_advanced_mlp,88,0.3524781139784081,0.9027366863905325,0.0,0.0,0.000867294093463125
3,pytorch_advanced_mlp,89,0.34728741507197536,0.9068047337278107,0.0,0.0,0.0008536998372026805
3,pytorch_advanced_mlp,90,0.3492738708507183,0.9038461538461539,0.0,0.0,0.0008395609723937046
3,pytorch_advanced_mlp,91,0.351414083741432,0.9034763313609467,0.0,0.0,0.000824899300140927
3,pytorch_advanced_mlp,92,0.34997992044271425,0.9056952662721893,0.0,0.0,0.0008097374276802621
3,pytorch_advanced_mlp,93,0.34955803530160773,0.9031065088757396,0.0,0.0,0.0007940987335200904
3,pytorch_advanced_mlp,94,0.3458102581112884,0.9064349112426036,0.0,0.0,0.0007780073313932914
3,pytorch_advanced_mlp,95,0.34980385178743406,0.9045857988165681,0.0,0.0,0.0007614880330756165
3,pytorch_advanced_mlp,96,0.3468999315139859,0.900887573964497,0.0,0.0,0.0007445663101277292
3,pytorch_advanced_mlp,97,0.3437716621299123,0.9112426035502958,0.0,0.0,0.0007272682546199037
3,pytorch_advanced_mlp,98,0.3451851654884427,0.9079142011834319,0.0,0.0,0.0007096205388999455
3,pytorch_advanced_mlp,99,0.3460832314435826,0.9023668639053254,0.0,0.0,0.0006916503744663625
3,pytorch_tab_transformer,0,0.44764064148414967,0.8483727810650887,0.0,0.0,0.0009755527298894294
3,pytorch_tab_transformer,1,0.3934335431387258,0.8883136094674556,0.0,0.0,0.0009046039886902864
3,pytorch_tab_transformer,2,0.38709419480589935,0.8886834319526628,0.0,0.0,0.0007940987335200904
3,pytorch_tab_transformer,3,0.38136797866155936,0.8905325443786982,0.0,0.0,0.0006548539886902864
3,pytorch_tab_transformer,4,0.38373837845270026,0.8912721893491125,0.0,0.0,0.0005005000000000001
3,pytorch_tab_transformer,5,0.3816380812678226,0.893491124260355,0.0,0.0,0.0003461460113097139
3,pytorch_tab_transformer,6,0.3767205497553182,0.8964497041420119,0.0,0.0,0.00020690126647990973
3,pytorch_tab_transformer,7,0.37367749560710994,0.8905325443786982,0.0,0.0,9.639601130971382e-05
3,pytorch_tab_transformer,8,0.3692316239656404,0.8931213017751479,0.0,0.0,2.5447270110570814e-05
3,pytorch_tab_transformer,9,0.3688104422979577,0.8920118343195266,0.0,0.0,0.001
3,pytorch_tab_transformer,10,0.3780992800413176,0.8912721893491125,0.0,0.0,0.0009938503261272714
3,pytorch_tab_transformer,11,0.38069506093513134,0.8927514792899408,0.0,0.0,0.0009755527298894294
3,pytorch_tab_transformer,12,0.38639549460521966,0.8901627218934911,0.0,0.0,0.0009455577588320898
3,pytorch_tab_transformer,13,0.38553275133288184,0.8953402366863905,0.0,0.0,0.0009046039886902864
3,pytorch_tab_transformer,14,0.37826598522274996,0.8920118343195266,0.0,0.0,0.0008536998372026805
3,pytorch_tab_transformer,15,0.37761235583660213,0.8905325443786982,0.0,0.0,0.0007940987335200904
3,pytorch_tab_transformer,16,0.3793887613817703,0.8920118343195266,0.0,0.0,0.0007272682546199037
3,pytorch_tab_transformer,17,0.3768023702987405,0.8931213017751479,0.0,0.0,0.0006548539886902864
3,pytorch_tab_transformer,18,0.3804110323273858,0.8946005917159763,0.0,0.0,0.0005786390152875954
3,pytorch_tab_transformer,19,0.3747672674267791,0.8923816568047337,0.0,0.0,0.0005005000000000001
3,pytorch_tab_transformer,20,0.37309388088625534,0.8938609467455622,0.0,0.0,0.00042236098471240487
3,pytorch_tab_transformer,21,0.3704860820326694,0.8916420118343196,0.0,0.0,0.0003461460113097139
3,pytorch_tab_transformer,22,0.3682015399600184,0.8964497041420119,0.0,0.0,0.00027373174538009644
3,pytorch_tab_transformer,23,0.3641704910023268,0.8949704142011834,0.0,0.0,0.00020690126647990973
3,pytorch_tab_transformer,24,0.3641448499158371,0.8960798816568047,0.0,0.0,0.00014730016279731955
3,pytorch_tab_transformer,25,0.3620105316472608,0.897189349112426,0.0,0.0,9.639601130971382e-05
3,pytorch_tab_transformer,26,0.3694461681122004,0.8982988165680473,0.0,0.0,5.544224116791029e-05
3,pytorch_tab_transformer,27,0.36077438329541406,0.8986686390532544,0.0,0.0,2.5447270110570814e-05
3,pytorch_tab_transformer,28,0.36356380581855774,0.8953402366863905,0.0,0.0,7.149673872728739e-06
3,pytorch_tab_transformer,29,0.36002986375675644,0.8957100591715976,0.0,0.0,0.001
3,pytorch_tab_transformer,30,0.37117191733315935,0.8942307692307693,0.0,0.0,0.0009984602081996976
3,pytorch_tab_transformer,31,0.37147747084151866,0.893491124260355,0.0,0.0,0.0009938503261272714
3,pytorch_tab_transformer,32,0.3742299939310828,0.8957100591715976,0.0,0.0,0.0009861987752386395
3,pytorch_tab_transformer,33,0.3738811029944309,0.8938609467455622,0.0,0.0,0.0009755527298894294
3,pytorch_tab_transformer,34,0.36958269878875377,0.8953402366863905,0.0,0.0,0.0009619778264893878
3,pytorch_tab_transformer,35,0.37037577324135357,0.8912721893491125,0.0,0.0,0.0009455577588320898
3,pytorch_tab_transformer,36,0.3683397035266078,0.8905325443786982,0.0,0.0,0.0009263937620948692
3,pytorch_tab_transformer,37,0.36580735237099404,0.897189349112426,0.0,0.0,0.0009046039886902864
3,pytorch_tab_transformer,38,0.36582254809002546,0.8960798816568047,0.0,0.0,0.0008803227798172156
3,pytorch_tab_transformer,39,0.369970265516015,0.8942307692307693,0.0,0.0,0.0008536998372026805
3,pytorch_tab_transformer,40,0.3671177646448446,0.8997781065088757,0.0,0.0,0.000824899300140927
3,pytorch_tab_transformer,41,0.36301508476567823,0.8979289940828402,0.0,0.0,0.0007940987335200904
3,pytorch_tab_transformer,42,0.36464624695999676,0.9005177514792899,0.0,0.0,0.0007614880330756165
3,pytorch_tab_transformer,43,0.36461316846137826,0.8949704142011834,0.0,0.0,0.0007272682546199037
3,pytorch_tab_transformer,44,0.359988130802332,0.8960798816568047,0.0,0.0,0.0006916503744663625
3,pytorch_tab_transformer,45,0.3556833107804143,0.8964497041420119,0.0,0.0,0.0006548539886902864
3,pytorch_tab_transformer,46,0.35831702240677765,0.8946005917159763,0.0,0.0,0.0006171059592460249
3,pytorch_tab_transformer,47,0.3587062587571699,0.900887573964497,0.0,0.0,0.0005786390152875954
3,pytorch_tab_transformer,48,0.3603915884051212,0.9001479289940828,0.0,0.0,0.0005396903183160586
3,pytorch_tab_transformer,49,0.35228909586751184,0.9005177514792899,0.0,0.0,0.0005005000000000001
3,pytorch_tab_transformer,50,0.3490903689417728,0.9060650887573964,0.0,0.0,0.0004613096816839416
3,pytorch_tab_transformer,51,0.352949530579323,0.9016272189349113,0.0,0.0,0.00042236098471240487
3,pytorch_tab_transformer,52,0.3463053654792697,0.9093934911242604,0.0,0.0,0.00038389404075397536
3,pytorch_tab_transformer,53,0.3544086023818615,0.8979289940828402,0.0,0.0,0.0003461460113097139
3,pytorch_tab_transformer,54,0.3496334504249484,0.9023668639053254,0.0,0.0,0.00030934962553363774
3,pytorch_tab_transformer,55,0.34642388792925105,0.9038461538461539,0.0,0.0,0.00027373174538009644
3,pytorch_tab_transformer,56,0.348937593227209,0.9038461538461539,0.0,0.0,0.0002395119669243836
3,pytorch_tab_transformer,57,0.3471523454022962,0.8994082840236687,0.0,0.0,0.00020690126647990973
3,pytorch_tab_transformer,58,0.3433558663656545,0.9034763313609467,0.0,0.0,0.00017610069985907333
3,pytorch_tab_transformer,59,0.3408115388349045,0.9090236686390533,0.0,0.0,0.00014730016279731955
3,pytorch_tab_transformer,60,0.338652373746384,0.9101331360946746,0.0,0.0,0.00012067722018278456
3,pytorch_tab_transformer,61,0.33373927376991097,0.9123520710059172,0.0,0.0,9.639601130971382e-05
3,pytorch_tab_transformer,62,0.3367998807929283,0.9112426035502958,0.0,0.0,7.460623790513096e-05
3,pytorch_tab_transformer,63,0.3361404593600783,0.9127218934911243,0.0,0.0,5.544224116791029e-05
3,pytorch_tab_transformer,64,0.33280543532482415,0.915310650887574,0.0,0.0,3.902217351061228e-05
3,pytorch_tab_transformer,65,0.33281945489173714,0.9149408284023669,0.0,0.0,2.5447270110570814e-05
3,pytorch_tab_transformer,66,0.33345635616502095,0.9112426035502958,0.0,0.0,1.4801224761360563e-05
3,pytorch_tab_transformer,67,0.3321640560793322,0.9178994082840237,0.0,0.0,7.149673872728739e-06
3,pytorch_tab_transformer,68,0.33416106049404587,0.9086538461538461,0.0,0.0,2.539791800302582e-06
3,pytorch_tab_transformer,69,0.3310151245704917,0.9175295857988166,0.0,0.0,0.001
3,pytorch_tab_transformer,70,0.3614712946636732,0.8964497041420119,0.0,0.0,0.0009996149036022412
3,pytorch_tab_transformer,71,0.3556182848852734,0.9034763313609467,0.0,0.0,0.0009984602081996976
3,pytorch_tab_transformer,72,0.35767897755600686,0.9064349112426036,0.0,0.0,0.0009965376942489858
3,pytorch_tab_transformer,73,0.35416480552318486,0.9045857988165681,0.0,0.0,0.0009938503261272714
3,pytorch_tab_transformer,74,0.35362777876299484,0.8990384615384616,0.0,0.0,0.0009904022475614137
3,pytorch_tab_transformer,75,0.3570044047610704,0.8986686390532544,0.0,0.0,0.0009861987752386395
3,pytorch_tab_transformer,76,0.34796887012415156,0.9034763313609467,0.0,0.0,0.0009812463906085968
3,pytorch_tab_transformer,77,0.34951312042946037,0.9001479289940828,0.0,0.0,0.0009755527298894294
3,pytorch_tab_transformer,78,0.34627023685810177,0.9016272189349113,0.0,0.0,0.000969126572293281
3,pytorch_tab_transformer,79,0.3516301547372064,0.9053254437869822,0.0,0.0,0.0009619778264893878
3,pytorch_tab_transformer,80,0.34884123746738877,0.9045857988165681,0.0,0.0,0.0009541175153256283
3,pytorch_tab_transformer,81,0.34862192148386045,0.908284023668639,0.0,0.0,0.0009455577588320898
3,pytorch_tab_transformer,82,0.34940018418223356,0.9075443786982249,0.0,0.0,0.0009363117555328623
3,pytorch_tab_transformer,83,0.3560421653958254,0.8997781065088757,0.0,0.0,0.0009263937620948692
3,pytorch_tab_transformer,84,0.34961525853290115,0.9064349112426036,0.0,0.0,0.0009158190713451216
3,pytorch_tab_transformer,85,0.3458397319150526,0.9056952662721893,0.0,0.0,0.0009046039886902864
3,pytorch_tab_transformer,86,0.34213246093239896,0.9105029585798816,0.0,0.0,0.0008927658069749322
3,pytorch_tab_transformer,87,0.34020680258440417,0.9105029585798816,0.0,0.0,0.0008803227798172156
3,pytorch_tab_transformer,88,0.3424188439236131,0.9071745562130178,0.0,0.0,0.000867294093463125
3,pytorch_tab_transformer,89,0.34171981312507804,0.9071745562130178,0.0,0.0,0.0008536998372026805
3,pytorch_tab_transformer,90,0.34483553087988567,0.9045857988165681,0.0,0.0,0.0008395609723937046
3,pytorch_tab_transformer,91,0.34262641155442525,0.9149408284023669,0.0,0.0,0.000824899300140927
3,pytorch_tab_transformer,92,0.33311926348264825,0.9138313609467456,0.0,0.0,0.0008097374276802621
3,pytorch_tab_transformer,93,0.32949780794077144,0.9175295857988166,0.0,0.0,0.0007940987335200904
3,pytorch_tab_transformer,94,0.3342370737430661,0.9127218934911243,0.0,0.0,0.0007780073313932914
3,pytorch_tab_transformer,95,0.333015218723652,0.9127218934911243,0.0,0.0,0.0007614880330756165
3,pytorch_tab_transformer,96,0.3347835859587026,0.9138313609467456,0.0,0.0,0.0007445663101277292
3,pytorch_tab_transformer,97,0.3266456598459288,0.9149408284023669,0.0,0.0,0.0007272682546199037
3,pytorch_tab_transformer,98,0.3293537684651308,0.919008875739645,0.0,0.0,0.0007096205388999455
3,pytorch_tab_transformer,99,0.32971209322297296,0.9178994082840237,0.0,0.0,0.0006916503744663625
4,pytorch_advanced_mlp,0,0.6397523699804794,0.6929075380616413,0.0,0.0,0.0009755527298894294
4,pytorch_advanced_mlp,1,0.5442691279012103,0.8017081321945785,0.0,0.0,0.0009046039886902864
4,pytorch_advanced_mlp,2,0.47418265010035315,0.8462681024879317,0.0,0.0,0.0007940987335200904
4,pytorch_advanced_mlp,3,0.4380784408990727,0.8622354251763832,0.0,0.0,0.0006548539886902864
4,pytorch_advanced_mlp,4,0.4075944617737171,0.8841440772372818,0.0,0.0,0.0005005000000000001
4,pytorch_advanced_mlp,5,0.40650661047114883,0.8804307463795024,0.0,0.0,0.0003461460113097139
4,pytorch_advanced_mlp,6,0.39541698264521224,0.8811734125510583,0.0,0.0,0.00020690126647990973
4,pytorch_advanced_mlp,7,0.3929069818452347,0.8848867434088378,0.0,0.0,9.639601130971382e-05
4,pytorch_advanced_mlp,8,0.3894542940827303,0.8837727441515039,0.0,0.0,2.5447270110570814e-05
4,pytorch_advanced_mlp,9,0.3964157305484594,0.8886000742666171,0.0,0.0,0.001
4,pytorch_advanced_mlp,10,0.39950765080230183,0.8845154103230598,0.0,0.0,0.0009938503261272714
4,pytorch_advanced_mlp,11,0.3940491156522618,0.8822874118083921,0.0,0.0,0.0009755527298894294
4,pytorch_advanced_mlp,12,0.39148670816144276,0.8811734125510583,0.0,0.0,0.0009455577588320898
4,pytorch_advanced_mlp,13,0.3891622098379357,0.8860007426661716,0.0,0.0,0.0009046039886902864
4,pytorch_advanced_mlp,14,0.38172856319782345,0.8897140735239509,0.0,0.0,0.0008536998372026805
4,pytorch_advanced_mlp,15,0.3933113071807595,0.8897140735239509,0.0,0.0,0.0007940987335200904
4,pytorch_advanced_mlp,16,0.3830341343269792,0.8915707389528407,0.0,0.0,0.0007272682546199037
4,pytorch_advanced_mlp,17,0.38351057989652765,0.8897140735239509,0.0,0.0,0.0006548539886902864
4,pytorch_advanced_mlp,18,0.37928312254506485,0.8878574080950613,0.0,0.0,0.0005786390152875954
4,pytorch_advanced_mlp,19,0.3783718018337738,0.8893427404381731,0.0,0.0,0.0005005000000000001
4,pytorch_advanced_mlp,20,0.37169887090838233,0.8919420720386186,0.0,0.0,0.00042236098471240487
4,pytorch_advanced_mlp,21,0.38436335602471994,0.8941700705532863,0.0,0.0,0.0003461460113097139
4,pytorch_advanced_mlp,22,0.3762638998586078,0.8900854066097289,0.0,0.0,0.00027373174538009644
4,pytorch_advanced_mlp,23,0.3747460551040117,0.8923134051243966,0.0,0.0,0.00020690126647990973
4,pytorch_advanced_mlp,24,0.37473530686178874,0.8874860750092833,0.0,0.0,0.00014730016279731955
4,pytorch_advanced_mlp,25,0.3706391141858212,0.8926847382101746,0.0,0.0,9.639601130971382e-05
4,pytorch_advanced_mlp,26,0.3708094774290573,0.8941700705532863,0.0,0.0,5.544224116791029e-05
4,pytorch_advanced_mlp,27,0.37208420038223267,0.8934274043817304,0.0,0.0,2.5447270110570814e-05
4,pytorch_advanced_mlp,28,0.3697379799776299,0.8923134051243966,0.0,0.0,7.149673872728739e-06
4,pytorch_advanced_mlp,29,0.3707466402719187,0.8923134051243966,0.0,0.0,0.001
4,pytorch_advanced_mlp,30,0.3891679949538652,0.8897140735239509,0.0,0.0,0.0009984602081996976
4,pytorch_advanced_mlp,31,0.38113031622975374,0.8871147419235054,0.0,0.0,0.0009938503261272714
4,pytorch_advanced_mlp,32,0.3881139685941297,0.8923134051243966,0.0,0.0,0.0009861987752386395
4,pytorch_advanced_mlp,33,0.3744086262791656,0.8930560712959524,0.0,0.0,0.0009755527298894294
4,pytorch_advanced_mlp,34,0.3765352513901023,0.8915707389528407,0.0,0.0,0.0009619778264893878
4,pytorch_advanced_mlp,35,0.3715809576733168,0.8919420720386186,0.0,0.0,0.0009455577588320898
4,pytorch_advanced_mlp,36,0.36944507097089013,0.8926847382101746,0.0,0.0,0.0009263937620948692
4,pytorch_advanced_mlp,37,0.37171209759490437,0.8911994058670628,0.0,0.0,0.0009046039886902864
4,pytorch_advanced_mlp,38,0.36978484516920046,0.8952840698106201,0.0,0.0,0.0008803227798172156
4,pytorch_advanced_mlp,39,0.36692945000737215,0.8989974006683995,0.0,0.0,0.0008536998372026805
4,pytorch_advanced_mlp,40,0.36886989377265755,0.8945414036390642,0.0,0.0,0.000824899300140927
4,pytorch_advanced_mlp,41,0.38002162062844563,0.8893427404381731,0.0,0.0,0.0007940987335200904
4,pytorch_advanced_mlp,42,0.3689926959747492,0.8963980690679539,0.0,0.0,0.0007614880330756165
4,pytorch_advanced_mlp,43,0.36400068637936617,0.8952840698106201,0.0,0.0,0.0007272682546199037
4,pytorch_advanced_mlp,44,0.37703421088152156,0.8934274043817304,0.0,0.0,0.0006916503744663625
4,pytorch_advanced_mlp,45,0.3637417097424352,0.8919420720386186,0.0,0.0,0.0006548539886902864
4,pytorch_advanced_mlp,46,0.37616674359454666,0.8915707389528407,0.0,0.0,0.0006171059592460249
4,pytorch_advanced_mlp,47,0.36845279017160104,0.8937987374675084,0.0,0.0,0.0005786390152875954
4,pytorch_advanced_mlp,48,0.36225905182749724,0.8949127367248422,0.0,0.0,0.0005396903183160586
4,pytorch_advanced_mlp,49,0.3629286344661269,0.8934274043817304,0.0,0.0,0.0005005000000000001
4,pytorch_advanced_mlp,50,0.36154184299846026,0.8963980690679539,0.0,0.0,0.0004613096816839416
4,pytorch_advanced_mlp,51,0.3559074921663417,0.8982547344968437,0.0,0.0,0.00042236098471240487
4,pytorch_advanced_mlp,52,0.35901332040165745,0.8952840698106201,0.0,0.0,0.00038389404075397536
4,pytorch_advanced_mlp,53,0.3578960049984067,0.8971407352395099,0.0,0.0,0.0003461460113097139
4,pytorch_advanced_mlp,54,0.3698311434235684,0.9019680653546231,0.0,0.0,0.00030934962553363774
4,pytorch_advanced_mlp,55,0.35552205942397896,0.8967694021537319,0.0,0.0,0.00027373174538009644
4,pytorch_advanced_mlp,56,0.3565354014551917,0.9008540660972892,0.0,0.0,0.0002395119669243836
4,pytorch_advanced_mlp,57,0.3603310321652612,0.9008540660972892,0.0,0.0,0.00020690126647990973
4,pytorch_advanced_mlp,58,0.3484547380791154,0.8978834014110657,0.0,0.0,0.00017610069985907333
4,pytorch_advanced_mlp,59,0.35295950846616614,0.9015967322688452,0.0,0.0,0.00014730016279731955
4,pytorch_advanced_mlp,60,0.36140877493592194,0.9053100631266245,0.0,0.0,0.00012067722018278456
4,pytorch_advanced_mlp,61,0.35366763763649517,0.9001113999257334,0.0,0.0,9.639601130971382e-05
4,pytorch_advanced_mlp,62,0.3490287800167882,0.903082064611957,0.0,0.0,7.460623790513096e-05
4,pytorch_advanced_mlp,63,0.35195336092350094,0.9019680653546231,0.0,0.0,5.544224116791029e-05
4,pytorch_advanced_mlp,64,0.3514473251132078,0.9001113999257334,0.0,0.0,3.902217351061228e-05
4,pytorch_advanced_mlp,65,0.35334853585376297,0.9012253991830672,0.0,0.0,2.5447270110570814e-05
4,pytorch_advanced_mlp,66,0.3562697518703549,0.9015967322688452,0.0,0.0,1.4801224761360563e-05
4,pytorch_advanced_mlp,67,0.3484609598337218,0.9004827330115113,0.0,0.0,7.149673872728739e-06
4,pytorch_advanced_mlp,68,0.36222163605135543,0.902339398440401,0.0,0.0,2.539791800302582e-06
4,pytorch_advanced_mlp,69,0.35262866907341534,0.9038247307835128,0.0,0.0,0.001
4,pytorch_advanced_mlp,70,0.36704743255016414,0.8975120683252877,0.0,0.0,0.0009996149036022412
4,pytorch_advanced_mlp,71,0.36429503005604413,0.8993687337541775,0.0,0.0,0.0009984602081996976
4,pytorch_advanced_mlp,72,0.36116116615228877,0.8941700705532863,0.0,0.0,0.0009965376942489858
4,pytorch_advanced_mlp,73,0.37305514895638753,0.8989974006683995,0.0,0.0,0.0009938503261272714
4,pytorch_advanced_mlp,74,0.3594032546808553,0.8971407352395099,0.0,0.0,0.0009904022475614137
4,pytorch_advanced_mlp,75,0.363568585279376,0.8915707389528407,0.0,0.0,0.0009861987752386395
4,pytorch_advanced_mlp,76,0.35984278626220173,0.8982547344968437,0.0,0.0,0.0009812463906085968
4,pytorch_advanced_mlp,77,0.3573868323204129,0.902339398440401,0.0,0.0,0.0009755527298894294
4,pytorch_advanced_mlp,78,0.36120564646499104,0.9012253991830672,0.0,0.0,0.000969126572293281
4,pytorch_advanced_mlp,79,0.3638824515564497,0.8923134051243966,0.0,0.0,0.0009619778264893878
4,pytorch_advanced_mlp,80,0.36387202351592307,0.8967694021537319,0.0,0.0,0.0009541175153256283
4,pytorch_advanced_mlp,81,0.3572972188162249,0.8993687337541775,0.0,0.0,0.0009455577588320898
4,pytorch_advanced_mlp,82,0.3606957890266596,0.8975120683252877,0.0,0.0,0.0009363117555328623
4,pytorch_advanced_mlp,83,0.3610310041627219,0.8993687337541775,0.0,0.0,0.0009263937620948692
4,pytorch_advanced_mlp,84,0.35372410610664723,0.8941700705532863,0.0,0.0,0.0009158190713451216
4,pytorch_advanced_mlp,85,0.3679068525170171,0.8975120683252877,0.0,0.0,0.0009046039886902864
4,pytorch_advanced_mlp,86,0.3509444213190744,0.8989974006683995,0.0,0.0,0.0008927658069749322
4,pytorch_advanced_mlp,87,0.35608839295631234,0.8952840698106201,0.0,0.0,0.0008803227798172156
4,pytorch_advanced_mlp,88,0.35234480333882706,0.8989974006683995,0.0,0.0,0.000867294093463125
4,pytorch_advanced_mlp,89,0.35092611299004667,0.9019680653546231,0.0,0.0,0.0008536998372026805
4,pytorch_advanced_mlp,90,0.34666438643322434,0.9019680653546231,0.0,0.0,0.0008395609723937046
4,pytorch_advanced_mlp,91,0.35291102667187535,0.8993687337541775,0.0,0.0,0.000824899300140927
4,pytorch_advanced_mlp,92,0.34545073675554855,0.902710731526179,0.0,0.0,0.0008097374276802621
4,pytorch_advanced_mlp,93,0.3479399986045305,0.9012253991830672,0.0,0.0,0.0007940987335200904
4,pytorch_advanced_mlp,94,0.34752168696980146,0.9041960638692907,0.0,0.0,0.0007780073313932914
4,pytorch_advanced_mlp,95,0.3478135424990987,0.9019680653546231,0.0,0.0,0.0007614880330756165
4,pytorch_advanced_mlp,96,0.3484403387058613,0.9064240623839585,0.0,0.0,0.0007445663101277292
4,pytorch_advanced_mlp,97,0.34233185995456783,0.903082064611957,0.0,0.0,0.0007272682546199037
4,pytorch_advanced_mlp,98,0.34535536031390346,0.9041960638692907,0.0,0.0,0.0007096205388999455
4,pytorch_advanced_mlp,99,0.353109035381051,0.9097660601559598,0.0,0.0,0.0006916503744663625
4,pytorch_tab_transformer,0,0.4342254344807115,0.870404753063498,0.0,0.0,0.0009755527298894294
4,pytorch_tab_transformer,1,0.3866183189458625,0.8893427404381731,0.0,0.0,0.0009046039886902864
4,pytorch_tab_transformer,2,0.38958846829658333,0.8893427404381731,0.0,0.0,0.0007940987335200904
4,pytorch_tab_transformer,3,0.38559932625570964,0.8915707389528407,0.0,0.0,0.0006548539886902864
4,pytorch_tab_transformer,4,0.37925142777520554,0.8911994058670628,0.0,0.0,0.0005005000000000001
4,pytorch_tab_transformer,5,0.37533518741297167,0.8934274043817304,0.0,0.0,0.0003461460113097139
4,pytorch_tab_transformer,6,0.3807656702607177,0.8923134051243966,0.0,0.0,0.00020690126647990973
4,pytorch_tab_transformer,7,0.3763247853101686,0.8941700705532863,0.0,0.0,9.639601130971382e-05
4,pytorch_tab_transformer,8,0.3726260863071264,0.8952840698106201,0.0,0.0,2.5447270110570814e-05
4,pytorch_tab_transformer,9,0.3713588492814885,0.8926847382101746,0.0,0.0,0.001
4,pytorch_tab_transformer,10,0.3773718483226244,0.8915707389528407,0.0,0.0,0.0009938503261272714
4,pytorch_tab_transformer,11,0.38399832955626556,0.8900854066097289,0.0,0.0,0.0009755527298894294
4,pytorch_tab_transformer,12,0.38314410073812616,0.8919420720386186,0.0,0.0,0.0009455577588320898
4,pytorch_tab_transformer,13,0.3804060588049334,0.8900854066097289,0.0,0.0,0.0009046039886902864
4,pytorch_tab_transformer,14,0.37765833874081456,0.8908280727812848,0.0,0.0,0.0008536998372026805
4,pytorch_tab_transformer,15,0.37318171941956807,0.8923134051243966,0.0,0.0,0.0007940987335200904
4,pytorch_tab_transformer,16,0.37281363578729854,0.8934274043817304,0.0,0.0,0.0007272682546199037
4,pytorch_tab_transformer,17,0.3845687349175298,0.8934274043817304,0.0,0.0,0.0006548539886902864
4,pytorch_tab_transformer,18,0.37164198797802594,0.8934274043817304,0.0,0.0,0.0005786390152875954
4,pytorch_tab_transformer,19,0.37011867830919665,0.8952840698106201,0.0,0.0,0.0005005000000000001
4,pytorch_tab_transformer,20,0.3667578794235407,0.8978834014110657,0.0,0.0,0.00042236098471240487
4,pytorch_tab_transformer,21,0.3732876687548881,0.8975120683252877,0.0,0.0,0.0003461460113097139
4,pytorch_tab_transformer,22,0.36029508086137996,0.8967694021537319,0.0,0.0,0.00027373174538009644
4,pytorch_tab_transformer,23,0.3574999882731327,0.8982547344968437,0.0,0.0,0.00020690126647990973
4,pytorch_tab_transformer,24,0.3572553548701974,0.9015967322688452,0.0,0.0,0.00014730016279731955
4,pytorch_tab_transformer,25,0.365611171999643,0.9012253991830672,0.0,0.0,9.639601130971382e-05
4,pytorch_tab_transformer,26,0.3528445910575778,0.9012253991830672,0.0,0.0,5.544224116791029e-05
4,pytorch_tab_transformer,27,0.35147540721782417,0.902710731526179,0.0,0.0,2.5447270110570814e-05
4,pytorch_tab_transformer,28,0.3579207797383153,0.9004827330115113,0.0,0.0,7.149673872728739e-06
4,pytorch_tab_transformer,29,0.35320542371550273,0.9008540660972892,0.0,0.0,0.001
4,pytorch_tab_transformer,30,0.3653606245684069,0.8975120683252877,0.0,0.0,0.0009984602081996976
4,pytorch_tab_transformer,31,0.3727290179840354,0.8937987374675084,0.0,0.0,0.0009938503261272714
4,pytorch_tab_transformer,32,0.36885791947675306,0.896026735982176,0.0,0.0,0.0009861987752386395
4,pytorch_tab_transformer,33,0.3859366622082023,0.8934274043817304,0.0,0.0,0.0009755527298894294
4,pytorch_tab_transformer,34,0.37354991602343185,0.8952840698106201,0.0,0.0,0.0009619778264893878
4,pytorch_tab_transformer,35,0.3707364776799845,0.8941700705532863,0.0,0.0,0.0009455577588320898
4,pytorch_tab_transformer,36,0.3636109052702438,0.8956554028963981,0.0,0.0,0.0009263937620948692
4,pytorch_tab_transformer,37,0.3639266872128775,0.8986260675826216,0.0,0.0,0.0009046039886902864
4,pytorch_tab_transformer,38,0.3721288553504057,0.8982547344968437,0.0,0.0,0.0008803227798172156
4,pytorch_tab_transformer,39,0.36460919019787813,0.8945414036390642,0.0,0.0,0.0008536998372026805
4,pytorch_tab_transformer,40,0.361852977164956,0.8975120683252877,0.0,0.0,0.000824899300140927
4,pytorch_tab_transformer,41,0.3530784665152084,0.9019680653546231,0.0,0.0,0.0007940987335200904
4,pytorch_tab_transformer,42,0.37282048339067503,0.8982547344968437,0.0,0.0,0.0007614880330756165
4,pytorch_tab_transformer,43,0.35612650458202805,0.9004827330115113,0.0,0.0,0.0007272682546199037
4,pytorch_tab_transformer,44,0.35759643482607467,0.9012253991830672,0.0,0.0,0.0006916503744663625
4,pytorch_tab_transformer,45,0.3518407857695291,0.9049387300408467,0.0,0.0,0.0006548539886902864
4,pytorch_tab_transformer,46,0.3525601812573366,0.9001113999257334,0.0,0.0,0.0006171059592460249
4,pytorch_tab_transformer,47,0.34920844331730244,0.9056813962124025,0.0,0.0,0.0005786390152875954
4,pytorch_tab_transformer,48,0.3476837485335594,0.903082064611957,0.0,0.0,0.0005396903183160586
4,pytorch_tab_transformer,49,0.3562533883161323,0.902710731526179,0.0,0.0,0.0005005000000000001
4,pytorch_tab_transformer,50,0.34446678397267366,0.9041960638692907,0.0,0.0,0.0004613096816839416
4,pytorch_tab_transformer,51,0.34720979319062345,0.9071667285555143,0.0,0.0,0.00042236098471240487
4,pytorch_tab_transformer,52,0.34521171519922655,0.9105087263275158,0.0,0.0,0.00038389404075397536
4,pytorch_tab_transformer,53,0.34770787386007085,0.9119940586706275,0.0,0.0,0.0003461460113097139
4,pytorch_tab_transformer,54,0.3404123193995897,0.9108800594132938,0.0,0.0,0.00030934962553363774
4,pytorch_tab_transformer,55,0.34175190398859423,0.9075380616412922,0.0,0.0,0.00027373174538009644
4,pytorch_tab_transformer,56,0.3411040299160536,0.9101373932417378,0.0,0.0,0.0002395119669243836
4,pytorch_tab_transformer,57,0.3339333984740945,0.9142220571852953,0.0,0.0,0.00020690126647990973
4,pytorch_tab_transformer,58,0.34450472648753677,0.9164500556999629,0.0,0.0,0.00017610069985907333
4,pytorch_tab_transformer,59,0.3354499693526778,0.9123653917564055,0.0,0.0,0.00014730016279731955
4,pytorch_tab_transformer,60,0.3321718760701113,0.9168213887857408,0.0,0.0,0.00012067722018278456
4,pytorch_tab_transformer,61,0.3308438506237296,0.915336056442629,0.0,0.0,9.639601130971382e-05
4,pytorch_tab_transformer,62,0.3289642902307732,0.9179353880430746,0.0,0.0,7.460623790513096e-05
4,pytorch_tab_transformer,63,0.3380591869354248,0.9138507240995173,0.0,0.0,5.544224116791029e-05
4,pytorch_tab_transformer,64,0.3325466180956641,0.9149647233568511,0.0,0.0,3.902217351061228e-05
4,pytorch_tab_transformer,65,0.3284857841425164,0.9168213887857408,0.0,0.0,2.5447270110570814e-05
4,pytorch_tab_transformer,66,0.327584877263668,0.9183067211288526,0.0,0.0,1.4801224761360563e-05
4,pytorch_tab_transformer,67,0.3245432758054068,0.9194207203861864,0.0,0.0,7.149673872728739e-06
4,pytorch_tab_transformer,68,0.327818701433581,0.9197920534719644,0.0,0.0,2.539791800302582e-06
4,pytorch_tab_transformer,69,0.3240134591280028,0.9171927218715188,0.0,0.0,0.001
4,pytorch_tab_transformer,70,0.3536314541517302,0.9064240623839585,0.0,0.0,0.0009996149036022412
4,pytorch_tab_transformer,71,0.3524540607319322,0.8986260675826216,0.0,0.0,0.0009984602081996976
4,pytorch_tab_transformer,72,0.3482269041760023,0.9041960638692907,0.0,0.0,0.0009965376942489858
4,pytorch_tab_transformer,73,0.35183836485064307,0.9041960638692907,0.0,0.0,0.0009938503261272714
4,pytorch_tab_transformer,74,0.3544490067071693,0.9056813962124025,0.0,0.0,0.0009904022475614137
4,pytorch_tab_transformer,75,0.3545745943867883,0.9019680653546231,0.0,0.0,0.0009861987752386395
4,pytorch_tab_transformer,76,0.34716029777083285,0.9060527292981805,0.0,0.0,0.0009812463906085968
4,pytorch_tab_transformer,77,0.34825479152590727,0.9053100631266245,0.0,0.0,0.0009755527298894294
4,pytorch_tab_transformer,78,0.34780135057693307,0.9056813962124025,0.0,0.0,0.000969126572293281
4,pytorch_tab_transformer,79,0.35160923489304474,0.9056813962124025,0.0,0.0,0.0009619778264893878
4,pytorch_tab_transformer,80,0.35083588160747703,0.9067953954697363,0.0,0.0,0.0009541175153256283
4,pytorch_tab_transformer,81,0.3441439988308175,0.9034533976977349,0.0,0.0,0.0009455577588320898
4,pytorch_tab_transformer,82,0.3477486760117287,0.9053100631266245,0.0,0.0,0.0009363117555328623
4,pytorch_tab_transformer,83,0.3410284671672555,0.9082807278128481,0.0,0.0,0.0009263937620948692
4,pytorch_tab_transformer,84,0.3373499765645626,0.9108800594132938,0.0,0.0,0.0009158190713451216
4,pytorch_tab_transformer,85,0.338437358307284,0.909023393984404,0.0,0.0,0.0009046039886902864
4,pytorch_tab_transformer,86,0.34091907878254735,0.9105087263275158,0.0,0.0,0.0008927658069749322
4,pytorch_tab_transformer,87,0.34227079984753633,0.9082807278128481,0.0,0.0,0.0008803227798172156
4,pytorch_tab_transformer,88,0.3430066898811695,0.9138507240995173,0.0,0.0,0.000867294093463125
4,pytorch_tab_transformer,89,0.34016840125239173,0.9079093947270702,0.0,0.0,0.0008536998372026805
4,pytorch_tab_transformer,90,0.34037084426990777,0.9119940586706275,0.0,0.0,0.0008395609723937046
4,pytorch_tab_transformer,91,0.34032265391460687,0.9108800594132938,0.0,0.0,0.000824899300140927
4,pytorch_tab_transformer,92,0.33348538847856746,0.915336056442629,0.0,0.0,0.0008097374276802621
4,pytorch_tab_transformer,93,0.3303695577521657,0.9123653917564055,0.0,0.0,0.0007940987335200904
4,pytorch_tab_transformer,94,0.3294103533722634,0.9168213887857408,0.0,0.0,0.0007780073313932914
4,pytorch_tab_transformer,95,0.32673211222471193,0.9201633865577423,0.0,0.0,0.0007614880330756165
4,pytorch_tab_transformer,96,0.3349317735017732,0.915336056442629,0.0,0.0,0.0007445663101277292
4,pytorch_tab_transformer,97,0.33197739720344543,0.9164500556999629,0.0,0.0,0.0007272682546199037
4,pytorch_tab_transformer,98,0.3244244213714156,0.9220200519866321,0.0,0.0,0.0007096205388999455
4,pytorch_tab_transformer,99,0.32210645218228184,0.9183067211288526,0.0,0.0,0.0006916503744663625
5,pytorch_advanced_mlp,0,0.712555073028387,0.5854383358098069,0.0,0.0,0.0009755527298894294
5,pytorch_advanced_mlp,1,0.5991026980932369,0.7303120356612184,0.0,0.0,0.0009046039886902864
5,pytorch_advanced_mlp,2,0.4989446027334346,0.8142644873699851,0.0,0.0,0.0007940987335200904
5,pytorch_advanced_mlp,3,0.4344985595969267,0.8658989598811293,0.0,0.0,0.0006548539886902864
5,pytorch_advanced_mlp,4,0.4175470963466999,0.8703566121842496,0.0,0.0,0.0005005000000000001
5,pytorch_advanced_mlp,5,0.4092389594676883,0.8759286775631501,0.0,0.0,0.0003461460113097139
5,pytorch_advanced_mlp,6,0.39415216584538304,0.8800148588410104,0.0,0.0,0.00020690126647990973
5,pytorch_advanced_mlp,7,0.3924353358357452,0.8837295690936107,0.0,0.0,9.639601130971382e-05
5,pytorch_advanced_mlp,8,0.3931216084679892,0.8859583952451708,0.0,0.0,2.5447270110570814e-05
5,pytorch_advanced_mlp,9,0.3907144873641258,0.8945022288261516,0.0,0.0,0.001
5,pytorch_advanced_mlp,10,0.3940235577350439,0.8826151560178306,0.0,0.0,0.0009938503261272714
5,pytorch_advanced_mlp,11,0.40479385575582816,0.8822436849925706,0.0,0.0,0.0009755527298894294
5,pytorch_advanced_mlp,12,0.3909123831017073,0.8889301634472511,0.0,0.0,0.0009455577588320898
5,pytorch_advanced_mlp,13,0.38368372584498206,0.8915304606240714,0.0,0.0,0.0009046039886902864
5,pytorch_advanced_mlp,14,0.3877674348132555,0.8900445765230312,0.0,0.0,0.0008536998372026805
5,pytorch_advanced_mlp,15,0.3894626657630122,0.8937592867756315,0.0,0.0,0.0007940987335200904
5,pytorch_advanced_mlp,16,0.3824485041374384,0.8896731054977711,0.0,0.0,0.0007272682546199037
5,pytorch_advanced_mlp,17,0.38055497685144113,0.8900445765230312,0.0,0.0,0.0006548539886902864
5,pytorch_advanced_mlp,18,0.3796316995177158,0.8945022288261516,0.0,0.0,0.0005786390152875954
5,pytorch_advanced_mlp,19,0.38056873304899347,0.8926448736998515,0.0,0.0,0.0005005000000000001
5,pytorch_advanced_mlp,20,0.37948627042215927,0.8915304606240714,0.0,0.0,0.00042236098471240487
5,pytorch_advanced_mlp,21,0.3742918455323508,0.8911589895988113,0.0,0.0,0.0003461460113097139
5,pytorch_advanced_mlp,22,0.37449084603509236,0.8922734026745914,0.0,0.0,0.00027373174538009644
5,pytorch_advanced_mlp,23,0.37284527199212897,0.8893016344725111,0.0,0.0,0.00020690126647990973
5,pytorch_advanced_mlp,24,0.3686743593493173,0.8937592867756315,0.0,0.0,0.00014730016279731955
5,pytorch_advanced_mlp,25,0.370194801757502,0.8915304606240714,0.0,0.0,9.639601130971382e-05
5,pytorch_advanced_mlp,26,0.38116475038750225,0.8952451708766717,0.0,0.0,5.544224116791029e-05
5,pytorch_advanced_mlp,27,0.36817906346432,0.8926448736998515,0.0,0.0,2.5447270110570814e-05
5,pytorch_advanced_mlp,28,0.364759796580603,0.900074294205052,0.0,0.0,7.149673872728739e-06
5,pytorch_advanced_mlp,29,0.3642621206682782,0.8959881129271917,0.0,0.0,0.001
5,pytorch_advanced_mlp,30,0.375283386125121,0.8926448736998515,0.0,0.0,0.0009984602081996976
5,pytorch_advanced_mlp,31,0.37644499956175337,0.8889301634472511,0.0,0.0,0.0009938503261272714
5,pytorch_advanced_mlp,32,0.3913030735282011,0.888558692421991,0.0,0.0,0.0009861987752386395
5,pytorch_advanced_mlp,33,0.3815019186152968,0.8915304606240714,0.0,0.0,0.0009755527298894294
5,pytorch_advanced_mlp,34,0.37438669592835183,0.8900445765230312,0.0,0.0,0.0009619778264893878
5,pytorch_advanced_mlp,35,0.39789505406867626,0.8911589895988113,0.0,0.0,0.0009455577588320898
5,pytorch_advanced_mlp,36,0.37072551250457764,0.8959881129271917,0.0,0.0,0.0009263937620948692
5,pytorch_advanced_mlp,37,0.38538894265197043,0.8889301634472511,0.0,0.0,0.0009046039886902864
5,pytorch_advanced_mlp,38,0.3706672662912413,0.8926448736998515,0.0,0.0,0.0008803227798172156
5,pytorch_advanced_mlp,39,0.36862867931986965,0.8919019316493314,0.0,0.0,0.0008536998372026805
5,pytorch_advanced_mlp,40,0.3727721710537755,0.8900445765230312,0.0,0.0,0.000824899300140927
5,pytorch_advanced_mlp,41,0.3662118655304576,0.8963595839524517,0.0,0.0,0.0007940987335200904
5,pytorch_advanced_mlp,42,0.36676948292310846,0.8933878157503715,0.0,0.0,0.0007614880330756165
5,pytorch_advanced_mlp,43,0.3663008732851161,0.8896731054977711,0.0,0.0,0.0007272682546199037
5,pytorch_advanced_mlp,44,0.36404916990635006,0.8982169390787519,0.0,0.0,0.0006916503744663625
5,pytorch_advanced_mlp,45,0.36773911672969195,0.8967310549777118,0.0,0.0,0.0006548539886902864
5,pytorch_advanced_mlp,46,0.36619198807450226,0.8945022288261516,0.0,0.0,0.0006171059592460249
5,pytorch_advanced_mlp,47,0.35947107852891436,0.899702823179792,0.0,0.0,0.0005786390152875954
5,pytorch_advanced_mlp,48,0.3708758887856506,0.8978454680534919,0.0,0.0,0.0005396903183160586
5,pytorch_advanced_mlp,49,0.3677562613819921,0.8963595839524517,0.0,0.0,0.0005005000000000001
5,pytorch_advanced_mlp,50,0.35992914507555407,0.8952451708766717,0.0,0.0,0.0004613096816839416
5,pytorch_advanced_mlp,51,0.35763246375460955,0.8978454680534919,0.0,0.0,0.00042236098471240487
5,pytorch_advanced_mlp,52,0.3579044279664062,0.9004457652303121,0.0,0.0,0.00038389404075397536
5,pytorch_advanced_mlp,53,0.36142193404741063,0.899702823179792,0.0,0.0,0.0003461460113097139
5,pytorch_advanced_mlp,54,0.3577652123085288,0.9030460624071323,0.0,0.0,0.00030934962553363774
5,pytorch_advanced_mlp,55,0.3668112546898598,0.900074294205052,0.0,0.0,0.00027373174538009644
5,pytorch_advanced_mlp,56,0.35435911597207537,0.9011887072808321,0.0,0.0,0.0002395119669243836
5,pytorch_advanced_mlp,57,0.3718555964702784,0.9011887072808321,0.0,0.0,0.00020690126647990973
5,pytorch_advanced_mlp,58,0.35076535510462387,0.9011887072808321,0.0,0.0,0.00017610069985907333
5,pytorch_advanced_mlp,59,0.35259943230207574,0.9004457652303121,0.0,0.0,0.00014730016279731955
5,pytorch_advanced_mlp,60,0.3547931992730429,0.9041604754829123,0.0,0.0,0.00012067722018278456
5,pytorch_advanced_mlp,61,0.3541454665882643,0.9008172362555721,0.0,0.0,9.639601130971382e-05
5,pytorch_advanced_mlp,62,0.35240788307300835,0.9045319465081724,0.0,0.0,7.460623790513096e-05
5,pytorch_advanced_mlp,63,0.3512891212175059,0.900074294205052,0.0,0.0,5.544224116791029e-05
5,pytorch_advanced_mlp,64,0.3502893122129662,0.9101040118870728,0.0,0.0,3.902217351061228e-05
5,pytorch_advanced_mlp,65,0.3502679349378098,0.9089895988112927,0.0,0.0,2.5447270110570814e-05
5,pytorch_advanced_mlp,66,0.3553657829761505,0.9056463595839525,0.0,0.0,1.4801224761360563e-05
5,pytorch_advanced_mlp,67,0.3512275260548259,0.9049034175334324,0.0,0.0,7.149673872728739e-06
5,pytorch_advanced_mlp,68,0.3481023734392122,0.9034175334323923,0.0,0.0,2.539791800302582e-06
5,pytorch_advanced_mlp,69,0.3485996168713237,0.9093610698365527,0.0,0.0,0.001
5,pytorch_advanced_mlp,70,0.3609954305859499,0.8959881129271917,0.0,0.0,0.0009996149036022412
5,pytorch_advanced_mlp,71,0.3616352171398873,0.9011887072808321,0.0,0.0,0.0009984602081996976
5,pytorch_advanced_mlp,72,0.36003126307975414,0.8989598811292719,0.0,0.0,0.0009965376942489858
5,pytorch_advanced_mlp,73,0.3598531623219335,0.8978454680534919,0.0,0.0,0.0009938503261272714
5,pytorch_advanced_mlp,74,0.36223301776619843,0.8952451708766717,0.0,0.0,0.0009904022475614137
5,pytorch_advanced_mlp,75,0.3579174994036209,0.8982169390787519,0.0,0.0,0.0009861987752386395
5,pytorch_advanced_mlp,76,0.35959619491599326,0.9019316493313522,0.0,0.0,0.0009812463906085968
5,pytorch_advanced_mlp,77,0.35648204836734504,0.9015601783060921,0.0,0.0,0.0009755527298894294
5,pytorch_advanced_mlp,78,0.3594340598860452,0.9015601783060921,0.0,0.0,0.000969126572293281
5,pytorch_advanced_mlp,79,0.3580089156017747,0.8952451708766717,0.0,0.0,0.0009619778264893878
5,pytorch_advanced_mlp,80,0.3603637176890706,0.8989598811292719,0.0,0.0,0.0009541175153256283
5,pytorch_advanced_mlp,81,0.35219948374947835,0.9037890044576523,0.0,0.0,0.0009455577588320898
5,pytorch_advanced_mlp,82,0.3541973933230999,0.9004457652303121,0.0,0.0,0.0009363117555328623
5,pytorch_advanced_mlp,83,0.3592681905557943,0.8974739970282318,0.0,0.0,0.0009263937620948692
5,pytorch_advanced_mlp,84,0.35803667611854023,0.900074294205052,0.0,0.0,0.0009158190713451216
5,pytorch_advanced_mlp,85,0.3546063789101534,0.9052748885586924,0.0,0.0,0.0009046039886902864
5,pytorch_advanced_mlp,86,0.3541934441688449,0.8989598811292719,0.0,0.0,0.0008927658069749322
5,pytorch_advanced_mlp,87,0.35204064083653824,0.9008172362555721,0.0,0.0,0.0008803227798172156
5,pytorch_advanced_mlp,88,0.36059992119323375,0.8971025260029718,0.0,0.0,0.000867294093463125
5,pytorch_advanced_mlp,89,0.3543356379797292,0.900074294205052,0.0,0.0,0.0008536998372026805
5,pytorch_advanced_mlp,90,0.351093087778535,0.8985884101040119,0.0,0.0,0.0008395609723937046
5,pytorch_advanced_mlp,91,0.35307087870531306,0.9008172362555721,0.0,0.0,0.000824899300140927
5,pytorch_advanced_mlp,92,0.346884127273116,0.9030460624071323,0.0,0.0,0.0008097374276802621
5,pytorch_advanced_mlp,93,0.3512689405402472,0.9060178306092125,0.0,0.0,0.0007940987335200904
5,pytorch_advanced_mlp,94,0.3451752912166507,0.9030460624071323,0.0,0.0,0.0007780073313932914
5,pytorch_advanced_mlp,95,0.35499713517898734,0.9004457652303121,0.0,0.0,0.0007614880330756165
5,pytorch_advanced_mlp,96,0.347646027803421,0.9023031203566122,0.0,0.0,0.0007445663101277292
5,pytorch_advanced_mlp,97,0.35481111393418424,0.9056463595839525,0.0,0.0,0.0007272682546199037
5,pytorch_advanced_mlp,98,0.3435108626997748,0.9056463595839525,0.0,0.0,0.0007096205388999455
5,pytorch_advanced_mlp,99,0.34556423578151435,0.9082466567607727,0.0,0.0,0.0006916503744663625
5,pytorch_tab_transformer,0,0.452386362608089,0.8554977711738484,0.0,0.0,0.0009755527298894294
5,pytorch_tab_transformer,1,0.39546118434085403,0.8911589895988113,0.0,0.0,0.0009046039886902864
5,pytorch_tab_transformer,2,0.3876608651737834,0.887444279346211,0.0,0.0,0.0007940987335200904
5,pytorch_tab_transformer,3,0.3845353798810826,0.8926448736998515,0.0,0.0,0.0006548539886902864
5,pytorch_tab_transformer,4,0.380739581446315,0.8930163447251115,0.0,0.0,0.0005005000000000001
5,pytorch_tab_transformer,5,0.37426685524541276,0.8926448736998515,0.0,0.0,0.0003461460113097139
5,pytorch_tab_transformer,6,0.37300760246986564,0.8911589895988113,0.0,0.0,0.00020690126647990973
5,pytorch_tab_transformer,7,0.37105862830960473,0.8956166419019317,0.0,0.0,9.639601130971382e-05
5,pytorch_tab_transformer,8,0.366899311542511,0.8974739970282318,0.0,0.0,2.5447270110570814e-05
5,pytorch_tab_transformer,9,0.3661026656627655,0.8952451708766717,0.0,0.0,0.001
5,pytorch_tab_transformer,10,0.3807103446749754,0.8933878157503715,0.0,0.0,0.0009938503261272714
5,pytorch_tab_transformer,11,0.3803844583588977,0.8941307578008916,0.0,0.0,0.0009755527298894294
5,pytorch_tab_transformer,12,0.3801663316959559,0.8900445765230312,0.0,0.0,0.0009455577588320898
5,pytorch_tab_transformer,13,0.37347439693850143,0.8907875185735513,0.0,0.0,0.0009046039886902864
5,pytorch_tab_transformer,14,0.3712266766747763,0.8907875185735513,0.0,0.0,0.0008536998372026805
5,pytorch_tab_transformer,15,0.37479027135427606,0.8948736998514116,0.0,0.0,0.0007940987335200904
5,pytorch_tab_transformer,16,0.37247806787490845,0.8904160475482912,0.0,0.0,0.0007272682546199037
5,pytorch_tab_transformer,17,0.3697582025860631,0.8922734026745914,0.0,0.0,0.0006548539886902864
5,pytorch_tab_transformer,18,0.3872230385625085,0.8911589895988113,0.0,0.0,0.0005786390152875954
5,pytorch_tab_transformer,19,0.3640657545522202,0.8959881129271917,0.0,0.0,0.0005005000000000001
5,pytorch_tab_transformer,20,0.3674035765403925,0.8948736998514116,0.0,0.0,0.00042236098471240487
5,pytorch_tab_transformer,21,0.38655153887216437,0.8974739970282318,0.0,0.0,0.0003461460113097139
5,pytorch_tab_transformer,22,0.3626978113207706,0.9004457652303121,0.0,0.0,0.00027373174538009644
5,pytorch_tab_transformer,23,0.353878932290299,0.9026745913818722,0.0,0.0,0.00020690126647990973
5,pytorch_tab_transformer,24,0.3585846015187197,0.9015601783060921,0.0,0.0,0.00014730016279731955
5,pytorch_tab_transformer,25,0.3598968185657679,0.9026745913818722,0.0,0.0,9.639601130971382e-05
5,pytorch_tab_transformer,26,0.356591041004935,0.9011887072808321,0.0,0.0,5.544224116791029e-05
5,pytorch_tab_transformer,27,0.3459933587284975,0.9052748885586924,0.0,0.0,2.5447270110570814e-05
5,pytorch_tab_transformer,28,0.35045676522476726,0.9067607726597325,0.0,0.0,7.149673872728739e-06
5,pytorch_tab_transformer,29,0.3518566669419754,0.9056463595839525,0.0,0.0,0.001
5,pytorch_tab_transformer,30,0.36487871061923893,0.9008172362555721,0.0,0.0,0.0009984602081996976
5,pytorch_tab_transformer,31,0.37792726727419124,0.8922734026745914,0.0,0.0,0.0009938503261272714
5,pytorch_tab_transformer,32,0.36854405389275663,0.8911589895988113,0.0,0.0,0.0009861987752386395
5,pytorch_tab_transformer,33,0.3679363484992537,0.8952451708766717,0.0,0.0,0.0009755527298894294
5,pytorch_tab_transformer,34,0.36276174319344895,0.8985884101040119,0.0,0.0,0.0009619778264893878
5,pytorch_tab_transformer,35,0.3675769415012626,0.900074294205052,0.0,0.0,0.0009455577588320898
5,pytorch_tab_transformer,36,0.3696532048458277,0.899331352154532,0.0,0.0,0.0009263937620948692
5,pytorch_tab_transformer,37,0.36023362985877105,0.8985884101040119,0.0,0.0,0.0009046039886902864
5,pytorch_tab_transformer,38,0.3599577663942825,0.899702823179792,0.0,0.0,0.0008803227798172156
5,pytorch_tab_transformer,39,0.3590421191481657,0.8963595839524517,0.0,0.0,0.0008536998372026805
5,pytorch_tab_transformer,40,0.35745459309844085,0.899702823179792,0.0,0.0,0.000824899300140927
5,pytorch_tab_transformer,41,0.3640529333158981,0.9063893016344725,0.0,0.0,0.0007940987335200904
5,pytorch_tab_transformer,42,0.3535837018212607,0.9075037147102526,0.0,0.0,0.0007614880330756165
5,pytorch_tab_transformer,43,0.3558893681958664,0.9045319465081724,0.0,0.0,0.0007272682546199037
5,pytorch_tab_transformer,44,0.3539237345373908,0.8989598811292719,0.0,0.0,0.0006916503744663625
5,pytorch_tab_transformer,45,0.36110269884730495,0.9041604754829123,0.0,0.0,0.0006548539886902864
5,pytorch_tab_transformer,46,0.3567811070486557,0.899331352154532,0.0,0.0,0.0006171059592460249
5,pytorch_tab_transformer,47,0.35242456059123195,0.9030460624071323,0.0,0.0,0.0005786390152875954
5,pytorch_tab_transformer,48,0.34736114185909894,0.9026745913818722,0.0,0.0,0.0005396903183160586
5,pytorch_tab_transformer,49,0.34475422113440757,0.9063893016344725,0.0,0.0,0.0005005000000000001
5,pytorch_tab_transformer,50,0.34722352027893066,0.9078751857355126,0.0,0.0,0.0004613096816839416
5,pytorch_tab_transformer,51,0.3472088298132253,0.9075037147102526,0.0,0.0,0.00042236098471240487
5,pytorch_tab_transformer,52,0.34597976263179336,0.9082466567607727,0.0,0.0,0.00038389404075397536
5,pytorch_tab_transformer,53,0.34746714248213656,0.9108469539375929,0.0,0.0,0.0003461460113097139
5,pytorch_tab_transformer,54,0.35166524108066116,0.9082466567607727,0.0,0.0,0.00030934962553363774
5,pytorch_tab_transformer,55,0.3568500086318615,0.9115898959881129,0.0,0.0,0.00027373174538009644
5,pytorch_tab_transformer,56,0.3345585597115894,0.912332838038633,0.0,0.0,0.0002395119669243836
5,pytorch_tab_transformer,57,0.3346404017404068,0.913075780089153,0.0,0.0,0.00020690126647990973
5,pytorch_tab_transformer,58,0.3339069672795229,0.9138187221396731,0.0,0.0,0.00017610069985907333
5,pytorch_tab_transformer,59,0.33308330316876256,0.9156760772659732,0.0,0.0,0.00014730016279731955
5,pytorch_tab_transformer,60,0.3280840432921121,0.9156760772659732,0.0,0.0,0.00012067722018278456
5,pytorch_tab_transformer,61,0.32342660842939863,0.9201337295690936,0.0,0.0,9.639601130971382e-05
5,pytorch_tab_transformer,62,0.32304071409757745,0.9205052005943536,0.0,0.0,7.460623790513096e-05
5,pytorch_tab_transformer,63,0.3272594747155212,0.9193907875185735,0.0,0.0,5.544224116791029e-05
5,pytorch_tab_transformer,64,0.34017805096715,0.9164190193164933,0.0,0.0,3.902217351061228e-05
5,pytorch_tab_transformer,65,0.3245025110799213,0.9223625557206538,0.0,0.0,2.5447270110570814e-05
5,pytorch_tab_transformer,66,0.32389872711758283,0.9197622585438335,0.0,0.0,1.4801224761360563e-05
5,pytorch_tab_transformer,67,0.3376568784547407,0.9153046062407132,0.0,0.0,7.149673872728739e-06
5,pytorch_tab_transformer,68,0.32404944023420645,0.9231054977711739,0.0,0.0,2.539791800302582e-06
5,pytorch_tab_transformer,69,0.3230929395487142,0.9201337295690936,0.0,0.0,0.001
5,pytorch_tab_transformer,70,0.3453755718331004,0.9004457652303121,0.0,0.0,0.0009996149036022412
5,pytorch_tab_transformer,71,0.3449439240056415,0.9075037147102526,0.0,0.0,0.0009984602081996976
5,pytorch_tab_transformer,72,0.3485755823379339,0.9093610698365527,0.0,0.0,0.0009965376942489858
5,pytorch_tab_transformer,73,0.33947862372841947,0.9060178306092125,0.0,0.0,0.0009938503261272714
5,pytorch_tab_transformer,74,0.34353348890016244,0.9067607726597325,0.0,0.0,0.0009904022475614137
5,pytorch_tab_transformer,75,0.35959145773288814,0.9015601783060921,0.0,0.0,0.0009861987752386395
5,pytorch_tab_transformer,76,0.3437749791977017,0.9101040118870728,0.0,0.0,0.0009812463906085968
5,pytorch_tab_transformer,77,0.347029902907305,0.9086181277860327,0.0,0.0,0.0009755527298894294
5,pytorch_tab_transformer,78,0.3491185855033786,0.9089895988112927,0.0,0.0,0.000969126572293281
5,pytorch_tab_transformer,79,0.3435326488905175,0.9093610698365527,0.0,0.0,0.0009619778264893878
5,pytorch_tab_transformer,80,0.3353600508944933,0.9075037147102526,0.0,0.0,0.0009541175153256283
5,pytorch_tab_transformer,81,0.3308990902678911,0.9171619613670133,0.0,0.0,0.0009455577588320898
5,pytorch_tab_transformer,82,0.3469753591127174,0.912704309063893,0.0,0.0,0.0009363117555328623
5,pytorch_tab_transformer,83,0.3363941720751829,0.9171619613670133,0.0,0.0,0.0009263937620948692
5,pytorch_tab_transformer,84,0.3295814478120139,0.9186478454680534,0.0,0.0,0.0009158190713451216
5,pytorch_tab_transformer,85,0.3465126170668491,0.9119613670133729,0.0,0.0,0.0009046039886902864
5,pytorch_tab_transformer,86,0.3427284914393758,0.9138187221396731,0.0,0.0,0.0008927658069749322
5,pytorch_tab_transformer,87,0.3357649452464525,0.9212481426448736,0.0,0.0,0.0008803227798172156
5,pytorch_tab_transformer,88,0.35403483066447944,0.9104754829123328,0.0,0.0,0.000867294093463125
5,pytorch_tab_transformer,89,0.340402985034987,0.9097325408618128,0.0,0.0,0.0008536998372026805
5,pytorch_tab_transformer,90,0.32931450217269187,0.9175334323922734,0.0,0.0,0.0008395609723937046
5,pytorch_tab_transformer,91,0.3261480691821076,0.9212481426448736,0.0,0.0,0.000824899300140927
5,pytorch_tab_transformer,92,0.32434246706408126,0.9219910846953938,0.0,0.0,0.0008097374276802621
5,pytorch_tab_transformer,93,0.3361700773239136,0.924962852897474,0.0,0.0,0.0007940987335200904
5,pytorch_tab_transformer,94,0.3223837579405585,0.9216196136701337,0.0,0.0,0.0007780073313932914
5,pytorch_tab_transformer,95,0.3233652049025824,0.9171619613670133,0.0,0.0,0.0007614880330756165
5,pytorch_tab_transformer,96,0.32641612305197604,0.9223625557206538,0.0,0.0,0.0007445663101277292
5,pytorch_tab_transformer,97,0.3196510630984639,0.9227340267459139,0.0,0.0,0.0007272682546199037
5,pytorch_tab_transformer,98,0.3205046300278154,0.9268202080237742,0.0,0.0,0.0007096205388999455
5,pytorch_tab_transformer,99,0.31798108927039215,0.9290490341753344,0.0,0.0,0.0006916503744663625
